<?xml version="1.0" encoding="UTF-8"?>
<ModusResult Version="1.0" xsi:noNamespaceSchemaLocation="modus_result.xsd" xmlns:xsi="http://www.w3.org/2001/XMLSchema-instance">
<Event>
<EventMetaData>
<EventCode>fa052c19-e98e-4903-a649-4bd632fe74f4</EventCode>
<EventDate>2076-09-24</EventDate>
<EventType>
<Soil/>
</EventType>
<EventExpirationDate>2080-09-25</EventExpirationDate>
</EventMetaData>
<FMISMetaData>
<FMISEventID>fa052c19-e98e-4903-a649-4bd632fe74f4</FMISEventID>
<FMISProfile>
<Grower ID="GROWER NAME"></Grower>
<Farm ID="FARM NAME"></Farm>
<Field ID="FIELD NAME"></Field>
<Sub-Field ID=""></Sub-Field>
</FMISProfile>
</FMISMetaData>
<LabMetaData>
<LabName>A &amp; L Great Lakes Laboratories</LabName>
<LabID>993ea57e-9364-4477-8ebc-45e1b2464a60</LabID>
<LabEventID>F76001-2222</LabEventID>
<Contact>
<Name>A &amp; L Great Lakes Laboratories</Name>
<PhoneNumber>260-483-4759</PhoneNumber>
<Address>3505 Conestoga Drive, Fort Wayne, IN  46808-4413</Address>
</Contact>
<TestPackageRefs>
<TestPackageRef TestPackageID="1"><Name>S2ABR</Name></TestPackageRef>
<TestPackageRef TestPackageID="2"><Name>S3R</Name></TestPackageRef>
<TestPackageRef TestPackageID="3"><Name>SCL</Name></TestPackageRef>
<TestPackageRef TestPackageID="4"><Name>SNO3NH4</Name></TestPackageRef>
<TestPackageRef TestPackageID="5"><Name>STEXT</Name></TestPackageRef>
</TestPackageRefs>
<ReceivedDate>2076-09-24T12:00:00</ReceivedDate>
<ProcessedDate>2076-09-25T12:00:00</ProcessedDate>
<ClientAccount>
<AccountNumber>54321</AccountNumber>
<Name>Contact Name</Name>
<Company>Company Name</Company>
<City>City Name</City>
<State>US</State>
</ClientAccount>
<Reports>
<Report ReportID="1">
<LabReportID>F76001-2222</LabReportID>
<FileDescription>SoilReport</FileDescription>
<File>
<URL>
<FileName>F76001-2222.pdf</FileName>
<Path>http://docs.algreatlakes.com/files/54321/F76001-2222/F76001-2222.pdf</Path>
</URL>
</File>
</Report>
</Reports>
</LabMetaData>
<EventSamples>
<Soil>
<DepthRefs><DepthRef DepthID="1"><Name>Topsoil</Name><StartingDepth>0</StartingDepth><EndingDepth>7</EndingDepth><ColumnDepth>7</ColumnDepth><DepthUnit>in</DepthUnit></DepthRef></DepthRefs>
<RecommendationRefs>
<Recommendation RecID="1"><Name>CORN 200 bu/A</Name></Recommendation>
<Recommendation RecID="2"><Name>SOYBEANS 65 bu/A</Name></Recommendation>
<Recommendation RecID="3"><Name>WHEAT 80 bu/A</Name></Recommendation>
</RecommendationRefs>
<SoilSample>
<SampleMetaData>
<SampleNumber>1</SampleNumber>
<FMISSampleID>1</FMISSampleID>
<OverwriteResult>false</OverwriteResult>
<SampleContainerID>3e2e1108-64cb-4ba9-ad03-11ce8a770e35</SampleContainerID>
<ReportID>01001</ReportID>
</SampleMetaData>
<Depths>
<Depth DepthID="1">
<NutrientResults>
<NutrientResult><Element>pH</Element><Value>7.0</Value><ValueUnit>none</ValueUnit><ModusTestID>S-PH-1:1.02.07</ModusTestID><ValueType>Measured</ValueType><ValueDesc>H</ValueDesc></NutrientResult>
<NutrientResult><Element>BpH</Element><Value>7.2</Value><ValueUnit>none</ValueUnit><ModusTestID>S-BPH-SIK1.02</ModusTestID><ValueType>Measured</ValueType><ValueDesc xsi:nil="true"></ValueDesc></NutrientResult>
<NutrientResult><Element>OM</Element><Value>2.8</Value><ValueUnit>%</ValueUnit><ModusTestID>S-SOM-LOI.15</ModusTestID><ValueType>Measured</ValueType><ValueDesc>M</ValueDesc></NutrientResult>
<NutrientResult><Element>P</Element><Value>90.0</Value><ValueUnit>ppm</ValueUnit><ModusTestID>S-P-B1-1:10.01.03</ModusTestID><ValueType>Calculated</ValueType><ValueDesc>VH</ValueDesc></NutrientResult>
<NutrientResult><Element>P</Element><Value>126.0</Value><ValueUnit>ppm</ValueUnit><ModusTestID>S-P-B2-1:10.01.03</ModusTestID><ValueType>Measured</ValueType><ValueDesc>VH</ValueDesc></NutrientResult>
<NutrientResult><Element>P</Element><Value>45.0</Value><ValueUnit>ppm</ValueUnit><ModusTestID>S-P-BIC.01.03</ModusTestID><ValueType>Measured</ValueType><ValueDesc>H</ValueDesc></NutrientResult>
<NutrientResult><Element>K</Element><Value>198.0</Value><ValueUnit>ppm</ValueUnit><ModusTestID>S-K-NH4AC.05</ModusTestID><ValueType>Calculated</ValueType><ValueDesc>H</ValueDesc></NutrientResult>
<NutrientResult><Element>Ca</Element><Value>1550.0</Value><ValueUnit>ppm</ValueUnit><ModusTestID>S-CA-NH4AC.05</ModusTestID><ValueType>Measured</ValueType><ValueDesc>M</ValueDesc></NutrientResult>
<NutrientResult><Element>Mg</Element><Value>245.0</Value><ValueUnit>ppm</ValueUnit><ModusTestID>S-MG-NH4AC.05</ModusTestID><ValueType>Calculated</ValueType><ValueDesc>H</ValueDesc></NutrientResult>
<NutrientResult><Element>Na</Element><Value>15.0</Value><ValueUnit>ppm</ValueUnit><ModusTestID>S-NA-NH4AC.05</ModusTestID><ValueType>Calculated</ValueType><ValueDesc>VL</ValueDesc></NutrientResult>
<NutrientResult><Element>CEC</Element><Value>10.4</Value><ValueUnit>meq/100g</ValueUnit><ModusTestID>S-CEC.19</ModusTestID><ValueType>Calculated</ValueType><ValueDesc>M</ValueDesc></NutrientResult>
<NutrientResult><Element>BS-Ca</Element><Value>74.8</Value><ValueUnit>%</ValueUnit><ModusTestID>S-BS-CA.19</ModusTestID><ValueType>Calculated</ValueType><ValueDesc>M</ValueDesc></NutrientResult>
<NutrientResult><Element>BS-Mg</Element><Value>19.7</Value><ValueUnit>%</ValueUnit><ModusTestID>S-BS-MG.19</ModusTestID><ValueType>Calculated</ValueType><ValueDesc>H</ValueDesc></NutrientResult>
<NutrientResult><Element>BS-K</Element><Value>4.9</Value><ValueUnit>%</ValueUnit><ModusTestID>S-BS-K.19</ModusTestID><ValueType>Calculated</ValueType><ValueDesc>H</ValueDesc></NutrientResult>
<NutrientResult><Element>BS-Na</Element><Value>0.6</Value><ValueUnit>%</ValueUnit><ModusTestID>S-BS-NA.19</ModusTestID><ValueType>Calculated</ValueType><ValueDesc>VL</ValueDesc></NutrientResult>
<NutrientResult><Element>BS-H</Element><Value>0.000</Value><ValueUnit>%</ValueUnit><ModusTestID>S-BS-H.19</ModusTestID><ValueType>Calculated</ValueType><ValueDesc xsi:nil="true"></ValueDesc></NutrientResult>
<NutrientResult><Element>SO4-S</Element><Value>8.0</Value><ValueUnit>ppm</ValueUnit><ModusTestID>S-S-NH4AC.05</ModusTestID><ValueType>Measured</ValueType><ValueDesc>M</ValueDesc></NutrientResult>
<NutrientResult><Element>Zn</Element><Value>5.9</Value><ValueUnit>ppm</ValueUnit><ModusTestID>S-ZN-HCL.05</ModusTestID><ValueType>Measured</ValueType><ValueDesc>H</ValueDesc></NutrientResult>
<NutrientResult><Element>Mn</Element><Value>50.0</Value><ValueUnit>ppm</ValueUnit><ModusTestID>S-MN-HCL.05</ModusTestID><ValueType>Measured</ValueType><ValueDesc>VH</ValueDesc></NutrientResult>
<NutrientResult><Element>Fe</Element><Value>70.0</Value><ValueUnit>ppm</ValueUnit><ModusTestID>S-FE-HCL.05</ModusTestID><ValueType>Measured</ValueType><ValueDesc>VH</ValueDesc></NutrientResult>
<NutrientResult><Element>Cu</Element><Value>1.6</Value><ValueUnit>ppm</ValueUnit><ModusTestID>S-CU-HCL.05</ModusTestID><ValueType>Measured</ValueType><ValueDesc>H</ValueDesc></NutrientResult>
<NutrientResult><Element>B</Element><Value>0.6</Value><ValueUnit>ppm</ValueUnit><ModusTestID>S-B-M3.04</ModusTestID><ValueType>Measured</ValueType><ValueDesc>M</ValueDesc></NutrientResult>
<NutrientResult><Element>Cl</Element><Value>50.0</Value><ValueUnit>ppm</ValueUnit><ModusTestID>S-CL.01.04</ModusTestID><ValueType>Measured</ValueType><ValueDesc>L</ValueDesc></NutrientResult>
<NutrientResult><Element>NO3-N</Element><Value>16.0</Value><ValueUnit>ppm</ValueUnit><ModusTestID>S-NO3-1:5.01.01</ModusTestID><ValueType>Measured</ValueType><ValueDesc>M</ValueDesc></NutrientResult>
<NutrientResult><Element>NH4-N</Element><Value>8.0</Value><ValueUnit>ppm</ValueUnit><ModusTestID>S-NH4-KCL.01.05</ModusTestID><ValueType>Measured</ValueType><ValueDesc>L</ValueDesc></NutrientResult>
</NutrientResults>
<TextureResults>
<TextureResult>
<SoilClassification>Silt Loam</SoilClassification>
<PercentClay>50</PercentClay>
<PercentSilt>30</PercentSilt>
<PercentSand>20</PercentSand>
</TextureResult>
</TextureResults>
</Depth>
</Depths>
<NutrientRecommendations>
<NutrientRecommendation RecID="1"><Recommendation><Element>CCE</Element><Value>0.0</Value><ValueUnit>tons/ac</ValueUnit></Recommendation></NutrientRecommendation>
<NutrientRecommendation RecID="1"><Recommendation><Element>N</Element><Value>225.0</Value><ValueUnit>lb/ac</ValueUnit></Recommendation></NutrientRecommendation>
<NutrientRecommendation RecID="1"><Recommendation><Element>P2O5</Element><Value>40.0</Value><ValueUnit>lb/ac</ValueUnit></Recommendation></NutrientRecommendation>
<NutrientRecommendation RecID="1"><Recommendation><Element>K2O</Element><Value>50.0</Value><ValueUnit>lb/ac</ValueUnit></Recommendation></NutrientRecommendation>
<NutrientRecommendation RecID="1"><Recommendation><Element>Mg</Element><Value>0.0</Value><ValueUnit>lb/ac</ValueUnit></Recommendation></NutrientRecommendation>
<NutrientRecommendation RecID="1"><Recommendation><Element>Ca</Element><Value>0.0</Value><ValueUnit>lb/ac</ValueUnit></Recommendation></NutrientRecommendation>
<NutrientRecommendation RecID="1"><Recommendation><Element>S</Element><Value>24.0</Value><ValueUnit>lb/ac</ValueUnit></Recommendation></NutrientRecommendation>
<NutrientRecommendation RecID="1"><Recommendation><Element>Zn</Element><Value>2.0</Value><ValueUnit>lb/ac</ValueUnit></Recommendation></NutrientRecommendation>
<NutrientRecommendation RecID="1"><Recommendation><Element>Mn</Element><Value>0.0</Value><ValueUnit>lb/ac</ValueUnit></Recommendation></NutrientRecommendation>
<NutrientRecommendation RecID="1"><Recommendation><Element>Fe</Element><Value>0.0</Value><ValueUnit>lb/ac</ValueUnit></Recommendation></NutrientRecommendation>
<NutrientRecommendation RecID="1"><Recommendation><Element>Cu</Element><Value>0.0</Value><ValueUnit>lb/ac</ValueUnit></Recommendation></NutrientRecommendation>
<NutrientRecommendation RecID="1"><Recommendation><Element>B</Element><Value>0.6</Value><ValueUnit>lb/ac</ValueUnit></Recommendation></NutrientRecommendation>
<NutrientRecommendation RecID="2"><Recommendation><Element>CCE</Element><Value>0.0</Value><ValueUnit>tons/ac</ValueUnit></Recommendation></NutrientRecommendation>
<NutrientRecommendation RecID="2"><Recommendation><Element>N</Element><Value>0.0</Value><ValueUnit>lb/ac</ValueUnit></Recommendation></NutrientRecommendation>
<NutrientRecommendation RecID="2"><Recommendation><Element>P2O5</Element><Value>0.0</Value><ValueUnit>lb/ac</ValueUnit></Recommendation></NutrientRecommendation>
<NutrientRecommendation RecID="2"><Recommendation><Element>K2O</Element><Value>60.0</Value><ValueUnit>lb/ac</ValueUnit></Recommendation></NutrientRecommendation>
<NutrientRecommendation RecID="2"><Recommendation><Element>Mg</Element><Value>0.0</Value><ValueUnit>lb/ac</ValueUnit></Recommendation></NutrientRecommendation>
<NutrientRecommendation RecID="2"><Recommendation><Element>Ca</Element><Value>0.0</Value><ValueUnit>lb/ac</ValueUnit></Recommendation></NutrientRecommendation>
<NutrientRecommendation RecID="2"><Recommendation><Element>S</Element><Value>14.0</Value><ValueUnit>lb/ac</ValueUnit></Recommendation></NutrientRecommendation>
<NutrientRecommendation RecID="2"><Recommendation><Element>Zn</Element><Value>0.0</Value><ValueUnit>lb/ac</ValueUnit></Recommendation></NutrientRecommendation>
<NutrientRecommendation RecID="2"><Recommendation><Element>Mn</Element><Value>0.0</Value><ValueUnit>lb/ac</ValueUnit></Recommendation></NutrientRecommendation>
<NutrientRecommendation RecID="2"><Recommendation><Element>Fe</Element><Value>0.0</Value><ValueUnit>lb/ac</ValueUnit></Recommendation></NutrientRecommendation>
<NutrientRecommendation RecID="2"><Recommendation><Element>Cu</Element><Value>0.0</Value><ValueUnit>lb/ac</ValueUnit></Recommendation></NutrientRecommendation>
<NutrientRecommendation RecID="2"><Recommendation><Element>B</Element><Value>0.0</Value><ValueUnit>lb/ac</ValueUnit></Recommendation></NutrientRecommendation>
<NutrientRecommendation RecID="3"><Recommendation><Element>CCE</Element><Value>0.0</Value><ValueUnit>tons/ac</ValueUnit></Recommendation></NutrientRecommendation>
<NutrientRecommendation RecID="3"><Recommendation><Element>N</Element><Value>60.0</Value><ValueUnit>lb/ac</ValueUnit></Recommendation></NutrientRecommendation>
<NutrientRecommendation RecID="3"><Recommendation><Element>P2O5</Element><Value>0.0</Value><ValueUnit>lb/ac</ValueUnit></Recommendation></NutrientRecommendation>
<NutrientRecommendation RecID="3"><Recommendation><Element>K2O</Element><Value>0.0</Value><ValueUnit>lb/ac</ValueUnit></Recommendation></NutrientRecommendation>
<NutrientRecommendation RecID="3"><Recommendation><Element>Mg</Element><Value>0.0</Value><ValueUnit>lb/ac</ValueUnit></Recommendation></NutrientRecommendation>
<NutrientRecommendation RecID="3"><Recommendation><Element>Ca</Element><Value>0.0</Value><ValueUnit>lb/ac</ValueUnit></Recommendation></NutrientRecommendation>
<NutrientRecommendation RecID="3"><Recommendation><Element>S</Element><Value>9.0</Value><ValueUnit>lb/ac</ValueUnit></Recommendation></NutrientRecommendation>
<NutrientRecommendation RecID="3"><Recommendation><Element>Zn</Element><Value>0.0</Value><ValueUnit>lb/ac</ValueUnit></Recommendation></NutrientRecommendation>
<NutrientRecommendation RecID="3"><Recommendation><Element>Mn</Element><Value>0.0</Value><ValueUnit>lb/ac</ValueUnit></Recommendation></NutrientRecommendation>
<NutrientRecommendation RecID="3"><Recommendation><Element>Fe</Element><Value>0.0</Value><ValueUnit>lb/ac</ValueUnit></Recommendation></NutrientRecommendation>
<NutrientRecommendation RecID="3"><Recommendation><Element>Cu</Element><Value>0.0</Value><ValueUnit>lb/ac</ValueUnit></Recommendation></NutrientRecommendation>
<NutrientRecommendation RecID="3"><Recommendation><Element>B</Element><Value>0.0</Value><ValueUnit>lb/ac</ValueUnit></Recommendation></NutrientRecommendation>
</NutrientRecommendations>
</SoilSample>
<SoilSample>
<SampleMetaData>
<SampleNumber>3</SampleNumber>
<FMISSampleID>3</FMISSampleID>
<OverwriteResult>true</OverwriteResult>
<SampleContainerID>5a27d20e-5ef3-4af6-a4d0-0b9931b5687f</SampleContainerID>
<ReportID>01003</ReportID>
</SampleMetaData>
<Depths>
<Depth DepthID="1">
<NutrientResults>
<NutrientResult><Element>pH</Element><Value>6.1</Value><ValueUnit>none</ValueUnit><ModusTestID>S-PH-1:1.02.07</ModusTestID><ValueType>Measured</ValueType><ValueDesc>M</ValueDesc></NutrientResult>
<NutrientResult><Element>BpH</Element><Value>6.9</Value><ValueUnit>none</ValueUnit><ModusTestID>S-BPH-SIK1.02</ModusTestID><ValueType>Measured</ValueType><ValueDesc xsi:nil="true"></ValueDesc></NutrientResult>
<NutrientResult><Element>OM</Element><Value>1.5</Value><ValueUnit>%</ValueUnit><ModusTestID>S-SOM-LOI.15</ModusTestID><ValueType>Measured</ValueType><ValueDesc>L</ValueDesc></NutrientResult>
<NutrientResult><Element>P</Element><Value>103.0</Value><ValueUnit>ppm</ValueUnit><ModusTestID>S-P-B1-1:10.01.03</ModusTestID><ValueType>Calculated</ValueType><ValueDesc>VH</ValueDesc></NutrientResult>
<NutrientResult><Element>P</Element><Value>155.0</Value><ValueUnit>ppm</ValueUnit><ModusTestID>S-P-B2-1:10.01.03</ModusTestID><ValueType>Measured</ValueType><ValueDesc>VH</ValueDesc></NutrientResult>
<NutrientResult><Element>P</Element><Value>52.0</Value><ValueUnit>ppm</ValueUnit><ModusTestID>S-P-BIC.01.03</ModusTestID><ValueType>Measured</ValueType><ValueDesc>VH</ValueDesc></NutrientResult>
<NutrientResult><Element>K</Element><Value>155.0</Value><ValueUnit>ppm</ValueUnit><ModusTestID>S-K-NH4AC.05</ModusTestID><ValueType>Calculated</ValueType><ValueDesc>H</ValueDesc></NutrientResult>
<NutrientResult><Element>Ca</Element><Value>700.0</Value><ValueUnit>ppm</ValueUnit><ModusTestID>S-CA-NH4AC.05</ModusTestID><ValueType>Measured</ValueType><ValueDesc>M</ValueDesc></NutrientResult>
<NutrientResult><Element>Mg</Element><Value>115.0</Value><ValueUnit>ppm</ValueUnit><ModusTestID>S-MG-NH4AC.05</ModusTestID><ValueType>Calculated</ValueType><ValueDesc>H</ValueDesc></NutrientResult>
<NutrientResult><Element>Na</Element><Value>15.0</Value><ValueUnit>ppm</ValueUnit><ModusTestID>S-NA-NH4AC.05</ModusTestID><ValueType>Calculated</ValueType><ValueDesc>VL</ValueDesc></NutrientResult>
<NutrientResult><Element>CEC</Element><Value>6.1</Value><ValueUnit>meq/100g</ValueUnit><ModusTestID>S-CEC.19</ModusTestID><ValueType>Calculated</ValueType><ValueDesc>L</ValueDesc></NutrientResult>
<NutrientResult><Element>BS-Ca</Element><Value>57.2</Value><ValueUnit>%</ValueUnit><ModusTestID>S-BS-CA.19</ModusTestID><ValueType>Calculated</ValueType><ValueDesc>M</ValueDesc></NutrientResult>
<NutrientResult><Element>BS-Mg</Element><Value>15.7</Value><ValueUnit>%</ValueUnit><ModusTestID>S-BS-MG.19</ModusTestID><ValueType>Calculated</ValueType><ValueDesc>H</ValueDesc></NutrientResult>
<NutrientResult><Element>BS-K</Element><Value>6.5</Value><ValueUnit>%</ValueUnit><ModusTestID>S-BS-K.19</ModusTestID><ValueType>Calculated</ValueType><ValueDesc>H</ValueDesc></NutrientResult>
<NutrientResult><Element>BS-Na</Element><Value>1.1</Value><ValueUnit>%</ValueUnit><ModusTestID>S-BS-NA.19</ModusTestID><ValueType>Calculated</ValueType><ValueDesc>VL</ValueDesc></NutrientResult>
<NutrientResult><Element>BS-H</Element><Value>19.600</Value><ValueUnit>%</ValueUnit><ModusTestID>S-BS-H.19</ModusTestID><ValueType>Calculated</ValueType><ValueDesc xsi:nil="true"></ValueDesc></NutrientResult>
<NutrientResult><Element>SO4-S</Element><Value>8.0</Value><ValueUnit>ppm</ValueUnit><ModusTestID>S-S-NH4AC.05</ModusTestID><ValueType>Measured</ValueType><ValueDesc>M</ValueDesc></NutrientResult>
<NutrientResult><Element>Zn</Element><Value>8.8</Value><ValueUnit>ppm</ValueUnit><ModusTestID>S-ZN-HCL.05</ModusTestID><ValueType>Measured</ValueType><ValueDesc>H</ValueDesc></NutrientResult>
<NutrientResult><Element>Mn</Element><Value>41.0</Value><ValueUnit>ppm</ValueUnit><ModusTestID>S-MN-HCL.05</ModusTestID><ValueType>Measured</ValueType><ValueDesc>H</ValueDesc></NutrientResult>
<NutrientResult><Element>Fe</Element><Value>36.0</Value><ValueUnit>ppm</ValueUnit><ModusTestID>S-FE-HCL.05</ModusTestID><ValueType>Measured</ValueType><ValueDesc>H</ValueDesc></NutrientResult>
<NutrientResult><Element>Cu</Element><Value>1.1</Value><ValueUnit>ppm</ValueUnit><ModusTestID>S-CU-HCL.05</ModusTestID><ValueType>Measured</ValueType><ValueDesc>M</ValueDesc></NutrientResult>
<NutrientResult><Element>B</Element><Value>0.3</Value><ValueUnit>ppm</ValueUnit><ModusTestID>S-B-M3.04</ModusTestID><ValueType>Measured</ValueType><ValueDesc>VL</ValueDesc></NutrientResult>
<NutrientResult><Element>Cl</Element><Value>41.0</Value><ValueUnit>ppm</ValueUnit><ModusTestID>S-CL.01.04</ModusTestID><ValueType>Measured</ValueType><ValueDesc>L</ValueDesc></NutrientResult>
<NutrientResult><Element>NO3-N</Element><Value>16.0</Value><ValueUnit>ppm</ValueUnit><ModusTestID>S-NO3-1:5.01.01</ModusTestID><ValueType>Measured</ValueType><ValueDesc>M</ValueDesc></NutrientResult>
<NutrientResult><Element>NH4-N</Element><Value>8.0</Value><ValueUnit>ppm</ValueUnit><ModusTestID>S-NH4-KCL.01.05</ModusTestID><ValueType>Measured</ValueType><ValueDesc>L</ValueDesc></NutrientResult>
</NutrientResults>
</Depth>
</Depths>
<NutrientRecommendations>
<NutrientRecommendation RecID="1"><Recommendation><Element>CCE</Element><Value>1.0</Value><ValueUnit>tons/ac</ValueUnit></Recommendation></NutrientRecommendation>
<NutrientRecommendation RecID="1"><Recommendation><Element>N</Element><Value>240.0</Value><ValueUnit>lb/ac</ValueUnit></Recommendation></NutrientRecommendation>
<NutrientRecommendation RecID="1"><Recommendation><Element>P2O5</Element><Value>0.0</Value><ValueUnit>lb/ac</ValueUnit></Recommendation></NutrientRecommendation>
<NutrientRecommendation RecID="1"><Recommendation><Element>K2O</Element><Value>55.0</Value><ValueUnit>lb/ac</ValueUnit></Recommendation></NutrientRecommendation>
<NutrientRecommendation RecID="1"><Recommendation><Element>Mg</Element><Value>0.0</Value><ValueUnit>lb/ac</ValueUnit></Recommendation></NutrientRecommendation>
<NutrientRecommendation RecID="1"><Recommendation><Element>Ca</Element><Value>0.0</Value><ValueUnit>lb/ac</ValueUnit></Recommendation></NutrientRecommendation>
<NutrientRecommendation RecID="1"><Recommendation><Element>S</Element><Value>24.0</Value><ValueUnit>lb/ac</ValueUnit></Recommendation></NutrientRecommendation>
<NutrientRecommendation RecID="1"><Recommendation><Element>Zn</Element><Value>0.0</Value><ValueUnit>lb/ac</ValueUnit></Recommendation></NutrientRecommendation>
<NutrientRecommendation RecID="1"><Recommendation><Element>Mn</Element><Value>0.0</Value><ValueUnit>lb/ac</ValueUnit></Recommendation></NutrientRecommendation>
<NutrientRecommendation RecID="1"><Recommendation><Element>Fe</Element><Value>0.0</Value><ValueUnit>lb/ac</ValueUnit></Recommendation></NutrientRecommendation>
<NutrientRecommendation RecID="1"><Recommendation><Element>Cu</Element><Value>0.0</Value><ValueUnit>lb/ac</ValueUnit></Recommendation></NutrientRecommendation>
<NutrientRecommendation RecID="1"><Recommendation><Element>B</Element><Value>1.0</Value><ValueUnit>lb/ac</ValueUnit></Recommendation></NutrientRecommendation>
<NutrientRecommendation RecID="2"><Recommendation><Element>CCE</Element><Value>1.0</Value><ValueUnit>tons/ac</ValueUnit></Recommendation></NutrientRecommendation>
<NutrientRecommendation RecID="2"><Recommendation><Element>N</Element><Value>0.0</Value><ValueUnit>lb/ac</ValueUnit></Recommendation></NutrientRecommendation>
<NutrientRecommendation RecID="2"><Recommendation><Element>P2O5</Element><Value>0.0</Value><ValueUnit>lb/ac</ValueUnit></Recommendation></NutrientRecommendation>
<NutrientRecommendation RecID="2"><Recommendation><Element>K2O</Element><Value>60.0</Value><ValueUnit>lb/ac</ValueUnit></Recommendation></NutrientRecommendation>
<NutrientRecommendation RecID="2"><Recommendation><Element>Mg</Element><Value>0.0</Value><ValueUnit>lb/ac</ValueUnit></Recommendation></NutrientRecommendation>
<NutrientRecommendation RecID="2"><Recommendation><Element>Ca</Element><Value>0.0</Value><ValueUnit>lb/ac</ValueUnit></Recommendation></NutrientRecommendation>
<NutrientRecommendation RecID="2"><Recommendation><Element>S</Element><Value>14.0</Value><ValueUnit>lb/ac</ValueUnit></Recommendation></NutrientRecommendation>
<NutrientRecommendation RecID="2"><Recommendation><Element>Zn</Element><Value>0.0</Value><ValueUnit>lb/ac</ValueUnit></Recommendation></NutrientRecommendation>
<NutrientRecommendation RecID="2"><Recommendation><Element>Mn</Element><Value>0.0</Value><ValueUnit>lb/ac</ValueUnit></Recommendation></NutrientRecommendation>
<NutrientRecommendation RecID="2"><Recommendation><Element>Fe</Element><Value>0.0</Value><ValueUnit>lb/ac</ValueUnit></Recommendation></NutrientRecommendation>
<NutrientRecommendation RecID="2"><Recommendation><Element>Cu</Element><Value>0.0</Value><ValueUnit>lb/ac</ValueUnit></Recommendation></NutrientRecommendation>
<NutrientRecommendation RecID="2"><Recommendation><Element>B</Element><Value>0.0</Value><ValueUnit>lb/ac</ValueUnit></Recommendation></NutrientRecommendation>
<NutrientRecommendation RecID="3"><Recommendation><Element>CCE</Element><Value>1.0</Value><ValueUnit>tons/ac</ValueUnit></Recommendation></NutrientRecommendation>
<NutrientRecommendation RecID="3"><Recommendation><Element>N</Element><Value>65.0</Value><ValueUnit>lb/ac</ValueUnit></Recommendation></NutrientRecommendation>
<NutrientRecommendation RecID="3"><Recommendation><Element>P2O5</Element><Value>0.0</Value><ValueUnit>lb/ac</ValueUnit></Recommendation></NutrientRecommendation>
<NutrientRecommendation RecID="3"><Recommendation><Element>K2O</Element><Value>30.0</Value><ValueUnit>lb/ac</ValueUnit></Recommendation></NutrientRecommendation>
<NutrientRecommendation RecID="3"><Recommendation><Element>Mg</Element><Value>0.0</Value><ValueUnit>lb/ac</ValueUnit></Recommendation></NutrientRecommendation>
<NutrientRecommendation RecID="3"><Recommendation><Element>Ca</Element><Value>0.0</Value><ValueUnit>lb/ac</ValueUnit></Recommendation></NutrientRecommendation>
<NutrientRecommendation RecID="3"><Recommendation><Element>S</Element><Value>9.0</Value><ValueUnit>lb/ac</ValueUnit></Recommendation></NutrientRecommendation>
<NutrientRecommendation RecID="3"><Recommendation><Element>Zn</Element><Value>0.0</Value><ValueUnit>lb/ac</ValueUnit></Recommendation></NutrientRecommendation>
<NutrientRecommendation RecID="3"><Recommendation><Element>Mn</Element><Value>0.0</Value><ValueUnit>lb/ac</ValueUnit></Recommendation></NutrientRecommendation>
<NutrientRecommendation RecID="3"><Recommendation><Element>Fe</Element><Value>0.0</Value><ValueUnit>lb/ac</ValueUnit></Recommendation></NutrientRecommendation>
<NutrientRecommendation RecID="3"><Recommendation><Element>Cu</Element><Value>0.0</Value><ValueUnit>lb/ac</ValueUnit></Recommendation></NutrientRecommendation>
<NutrientRecommendation RecID="3"><Recommendation><Element>B</Element><Value>0.0</Value><ValueUnit>lb/ac</ValueUnit></Recommendation></NutrientRecommendation>
</NutrientRecommendations>
</SoilSample>
<SoilSample>
<SampleMetaData>
<SampleNumber>5</SampleNumber>
<FMISSampleID>5</FMISSampleID>
<OverwriteResult>false</OverwriteResult>
<SampleContainerID>751e3095-b060-44be-a487-81fbe23448ef</SampleContainerID>
<ReportID>01005</ReportID>
</SampleMetaData>
<Depths>
<Depth DepthID="1">
<NutrientResults>
<NutrientResult><Element>pH</Element><Value>6.9</Value><ValueUnit>none</ValueUnit><ModusTestID>S-PH-1:1.02.07</ModusTestID><ValueType>Measured</ValueType><ValueDesc>M</ValueDesc></NutrientResult>
<NutrientResult><Element>BpH</Element><Value>7.2</Value><ValueUnit>none</ValueUnit><ModusTestID>S-BPH-SIK1.02</ModusTestID><ValueType>Measured</ValueType><ValueDesc xsi:nil="true"></ValueDesc></NutrientResult>
<NutrientResult><Element>OM</Element><Value>1.1</Value><ValueUnit>%</ValueUnit><ModusTestID>S-SOM-LOI.15</ModusTestID><ValueType>Measured</ValueType><ValueDesc>L</ValueDesc></NutrientResult>
<NutrientResult><Element>P</Element><Value>89.0</Value><ValueUnit>ppm</ValueUnit><ModusTestID>S-P-B1-1:10.01.03</ModusTestID><ValueType>Calculated</ValueType><ValueDesc>VH</ValueDesc></NutrientResult>
<NutrientResult><Element>P</Element><Value>103.0</Value><ValueUnit>ppm</ValueUnit><ModusTestID>S-P-B2-1:10.01.03</ModusTestID><ValueType>Measured</ValueType><ValueDesc>VH</ValueDesc></NutrientResult>
<NutrientResult><Element>P</Element><Value>45.0</Value><ValueUnit>ppm</ValueUnit><ModusTestID>S-P-BIC.01.03</ModusTestID><ValueType>Measured</ValueType><ValueDesc>H</ValueDesc></NutrientResult>
<NutrientResult><Element>K</Element><Value>133.0</Value><ValueUnit>ppm</ValueUnit><ModusTestID>S-K-NH4AC.05</ModusTestID><ValueType>Calculated</ValueType><ValueDesc>H</ValueDesc></NutrientResult>
<NutrientResult><Element>Ca</Element><Value>750.0</Value><ValueUnit>ppm</ValueUnit><ModusTestID>S-CA-NH4AC.05</ModusTestID><ValueType>Measured</ValueType><ValueDesc>H</ValueDesc></NutrientResult>
<NutrientResult><Element>Mg</Element><Value>90.0</Value><ValueUnit>ppm</ValueUnit><ModusTestID>S-MG-NH4AC.05</ModusTestID><ValueType>Calculated</ValueType><ValueDesc>H</ValueDesc></NutrientResult>
<NutrientResult><Element>Na</Element><Value>15.0</Value><ValueUnit>ppm</ValueUnit><ModusTestID>S-NA-NH4AC.05</ModusTestID><ValueType>Calculated</ValueType><ValueDesc>VL</ValueDesc></NutrientResult>
<NutrientResult><Element>CEC</Element><Value>5.0</Value><ValueUnit>meq/100g</ValueUnit><ModusTestID>S-CEC.19</ModusTestID><ValueType>Calculated</ValueType><ValueDesc>L</ValueDesc></NutrientResult>
<NutrientResult><Element>BS-Ca</Element><Value>75.3</Value><ValueUnit>%</ValueUnit><ModusTestID>S-BS-CA.19</ModusTestID><ValueType>Calculated</ValueType><ValueDesc>H</ValueDesc></NutrientResult>
<NutrientResult><Element>BS-Mg</Element><Value>15.1</Value><ValueUnit>%</ValueUnit><ModusTestID>S-BS-MG.19</ModusTestID><ValueType>Calculated</ValueType><ValueDesc>H</ValueDesc></NutrientResult>
<NutrientResult><Element>BS-K</Element><Value>6.8</Value><ValueUnit>%</ValueUnit><ModusTestID>S-BS-K.19</ModusTestID><ValueType>Calculated</ValueType><ValueDesc>H</ValueDesc></NutrientResult>
<NutrientResult><Element>BS-Na</Element><Value>1.3</Value><ValueUnit>%</ValueUnit><ModusTestID>S-BS-NA.19</ModusTestID><ValueType>Calculated</ValueType><ValueDesc>VL</ValueDesc></NutrientResult>
<NutrientResult><Element>BS-H</Element><Value>1.500</Value><ValueUnit>%</ValueUnit><ModusTestID>S-BS-H.19</ModusTestID><ValueType>Calculated</ValueType><ValueDesc xsi:nil="true"></ValueDesc></NutrientResult>
<NutrientResult><Element>SO4-S</Element><Value>7.0</Value><ValueUnit>ppm</ValueUnit><ModusTestID>S-S-NH4AC.05</ModusTestID><ValueType>Measured</ValueType><ValueDesc>L</ValueDesc></NutrientResult>
<NutrientResult><Element>Zn</Element><Value>3.4</Value><ValueUnit>ppm</ValueUnit><ModusTestID>S-ZN-HCL.05</ModusTestID><ValueType>Measured</ValueType><ValueDesc>M</ValueDesc></NutrientResult>
<NutrientResult><Element>Mn</Element><Value>37.0</Value><ValueUnit>ppm</ValueUnit><ModusTestID>S-MN-HCL.05</ModusTestID><ValueType>Measured</ValueType><ValueDesc>H</ValueDesc></NutrientResult>
<NutrientResult><Element>Fe</Element><Value>30.0</Value><ValueUnit>ppm</ValueUnit><ModusTestID>S-FE-HCL.05</ModusTestID><ValueType>Measured</ValueType><ValueDesc>H</ValueDesc></NutrientResult>
<NutrientResult><Element>Cu</Element><Value>0.8</Value><ValueUnit>ppm</ValueUnit><ModusTestID>S-CU-HCL.05</ModusTestID><ValueType>Measured</ValueType><ValueDesc>M</ValueDesc></NutrientResult>
<NutrientResult><Element>B</Element><Value>0.2</Value><ValueUnit>ppm</ValueUnit><ModusTestID>S-B-M3.04</ModusTestID><ValueType>Measured</ValueType><ValueDesc>VL</ValueDesc></NutrientResult>
<NutrientResult><Element>Cl</Element><Value>37.0</Value><ValueUnit>ppm</ValueUnit><ModusTestID>S-CL.01.04</ModusTestID><ValueType>Measured</ValueType><ValueDesc>L</ValueDesc></NutrientResult>
<NutrientResult><Element>NO3-N</Element><Value>14.0</Value><ValueUnit>ppm</ValueUnit><ModusTestID>S-NO3-1:5.01.01</ModusTestID><ValueType>Measured</ValueType><ValueDesc>M</ValueDesc></NutrientResult>
<NutrientResult><Element>NH4-N</Element><Value>7.0</Value><ValueUnit>ppm</ValueUnit><ModusTestID>S-NH4-KCL.01.05</ModusTestID><ValueType>Measured</ValueType><ValueDesc>L</ValueDesc></NutrientResult>
</NutrientResults>
</Depth>
</Depths>
<NutrientRecommendations>
<NutrientRecommendation RecID="1"><Recommendation><Element>CCE</Element><Value>0.0</Value><ValueUnit>tons/ac</ValueUnit></Recommendation></NutrientRecommendation>
<NutrientRecommendation RecID="1"><Recommendation><Element>N</Element><Value>240.0</Value><ValueUnit>lb/ac</ValueUnit></Recommendation></NutrientRecommendation>
<NutrientRecommendation RecID="1"><Recommendation><Element>P2O5</Element><Value>40.0</Value><ValueUnit>lb/ac</ValueUnit></Recommendation></NutrientRecommendation>
<NutrientRecommendation RecID="1"><Recommendation><Element>K2O</Element><Value>90.0</Value><ValueUnit>lb/ac</ValueUnit></Recommendation></NutrientRecommendation>
<NutrientRecommendation RecID="1"><Recommendation><Element>Mg</Element><Value>0.0</Value><ValueUnit>lb/ac</ValueUnit></Recommendation></NutrientRecommendation>
<NutrientRecommendation RecID="1"><Recommendation><Element>Ca</Element><Value>0.0</Value><ValueUnit>lb/ac</ValueUnit></Recommendation></NutrientRecommendation>
<NutrientRecommendation RecID="1"><Recommendation><Element>S</Element><Value>26.0</Value><ValueUnit>lb/ac</ValueUnit></Recommendation></NutrientRecommendation>
<NutrientRecommendation RecID="1"><Recommendation><Element>Zn</Element><Value>3.5</Value><ValueUnit>lb/ac</ValueUnit></Recommendation></NutrientRecommendation>
<NutrientRecommendation RecID="1"><Recommendation><Element>Mn</Element><Value>0.0</Value><ValueUnit>lb/ac</ValueUnit></Recommendation></NutrientRecommendation>
<NutrientRecommendation RecID="1"><Recommendation><Element>Fe</Element><Value>0.0</Value><ValueUnit>lb/ac</ValueUnit></Recommendation></NutrientRecommendation>
<NutrientRecommendation RecID="1"><Recommendation><Element>Cu</Element><Value>0.0</Value><ValueUnit>lb/ac</ValueUnit></Recommendation></NutrientRecommendation>
<NutrientRecommendation RecID="1"><Recommendation><Element>B</Element><Value>1.2</Value><ValueUnit>lb/ac</ValueUnit></Recommendation></NutrientRecommendation>
<NutrientRecommendation RecID="2"><Recommendation><Element>CCE</Element><Value>0.0</Value><ValueUnit>tons/ac</ValueUnit></Recommendation></NutrientRecommendation>
<NutrientRecommendation RecID="2"><Recommendation><Element>N</Element><Value>0.0</Value><ValueUnit>lb/ac</ValueUnit></Recommendation></NutrientRecommendation>
<NutrientRecommendation RecID="2"><Recommendation><Element>P2O5</Element><Value>0.0</Value><ValueUnit>lb/ac</ValueUnit></Recommendation></NutrientRecommendation>
<NutrientRecommendation RecID="2"><Recommendation><Element>K2O</Element><Value>60.0</Value><ValueUnit>lb/ac</ValueUnit></Recommendation></NutrientRecommendation>
<NutrientRecommendation RecID="2"><Recommendation><Element>Mg</Element><Value>0.0</Value><ValueUnit>lb/ac</ValueUnit></Recommendation></NutrientRecommendation>
<NutrientRecommendation RecID="2"><Recommendation><Element>Ca</Element><Value>0.0</Value><ValueUnit>lb/ac</ValueUnit></Recommendation></NutrientRecommendation>
<NutrientRecommendation RecID="2"><Recommendation><Element>S</Element><Value>16.0</Value><ValueUnit>lb/ac</ValueUnit></Recommendation></NutrientRecommendation>
<NutrientRecommendation RecID="2"><Recommendation><Element>Zn</Element><Value>1.5</Value><ValueUnit>lb/ac</ValueUnit></Recommendation></NutrientRecommendation>
<NutrientRecommendation RecID="2"><Recommendation><Element>Mn</Element><Value>0.0</Value><ValueUnit>lb/ac</ValueUnit></Recommendation></NutrientRecommendation>
<NutrientRecommendation RecID="2"><Recommendation><Element>Fe</Element><Value>0.0</Value><ValueUnit>lb/ac</ValueUnit></Recommendation></NutrientRecommendation>
<NutrientRecommendation RecID="2"><Recommendation><Element>Cu</Element><Value>0.0</Value><ValueUnit>lb/ac</ValueUnit></Recommendation></NutrientRecommendation>
<NutrientRecommendation RecID="2"><Recommendation><Element>B</Element><Value>0.5</Value><ValueUnit>lb/ac</ValueUnit></Recommendation></NutrientRecommendation>
<NutrientRecommendation RecID="3"><Recommendation><Element>CCE</Element><Value>0.0</Value><ValueUnit>tons/ac</ValueUnit></Recommendation></NutrientRecommendation>
<NutrientRecommendation RecID="3"><Recommendation><Element>N</Element><Value>65.0</Value><ValueUnit>lb/ac</ValueUnit></Recommendation></NutrientRecommendation>
<NutrientRecommendation RecID="3"><Recommendation><Element>P2O5</Element><Value>0.0</Value><ValueUnit>lb/ac</ValueUnit></Recommendation></NutrientRecommendation>
<NutrientRecommendation RecID="3"><Recommendation><Element>K2O</Element><Value>30.0</Value><ValueUnit>lb/ac</ValueUnit></Recommendation></NutrientRecommendation>
<NutrientRecommendation RecID="3"><Recommendation><Element>Mg</Element><Value>0.0</Value><ValueUnit>lb/ac</ValueUnit></Recommendation></NutrientRecommendation>
<NutrientRecommendation RecID="3"><Recommendation><Element>Ca</Element><Value>0.0</Value><ValueUnit>lb/ac</ValueUnit></Recommendation></NutrientRecommendation>
<NutrientRecommendation RecID="3"><Recommendation><Element>S</Element><Value>11.0</Value><ValueUnit>lb/ac</ValueUnit></Recommendation></NutrientRecommendation>
<NutrientRecommendation RecID="3"><Recommendation><Element>Zn</Element><Value>0.0</Value><ValueUnit>lb/ac</ValueUnit></Recommendation></NutrientRecommendation>
<NutrientRecommendation RecID="3"><Recommendation><Element>Mn</Element><Value>0.0</Value><ValueUnit>lb/ac</ValueUnit></Recommendation></NutrientRecommendation>
<NutrientRecommendation RecID="3"><Recommendation><Element>Fe</Element><Value>0.0</Value><ValueUnit>lb/ac</ValueUnit></Recommendation></NutrientRecommendation>
<NutrientRecommendation RecID="3"><Recommendation><Element>Cu</Element><Value>0.0</Value><ValueUnit>lb/ac</ValueUnit></Recommendation></NutrientRecommendation>
<NutrientRecommendation RecID="3"><Recommendation><Element>B</Element><Value>0.5</Value><ValueUnit>lb/ac</ValueUnit></Recommendation></NutrientRecommendation>
</NutrientRecommendations>
</SoilSample>
<SoilSample>
<SampleMetaData>
<SampleNumber>7</SampleNumber>
<FMISSampleID>7</FMISSampleID>
<OverwriteResult>true</OverwriteResult>
<SampleContainerID>4eb18e8f-45d2-43a6-a1f8-bc65b71238cb</SampleContainerID>
<ReportID>01007</ReportID>
</SampleMetaData>
<Depths>
<Depth DepthID="1">
<NutrientResults>
<NutrientResult><Element>pH</Element><Value>6.9</Value><ValueUnit>none</ValueUnit><ModusTestID>S-PH-1:1.02.07</ModusTestID><ValueType>Measured</ValueType><ValueDesc>M</ValueDesc></NutrientResult>
<NutrientResult><Element>BpH</Element><Value>7.2</Value><ValueUnit>none</ValueUnit><ModusTestID>S-BPH-SIK1.02</ModusTestID><ValueType>Measured</ValueType><ValueDesc xsi:nil="true"></ValueDesc></NutrientResult>
<NutrientResult><Element>OM</Element><Value>2.1</Value><ValueUnit>%</ValueUnit><ModusTestID>S-SOM-LOI.15</ModusTestID><ValueType>Measured</ValueType><ValueDesc>L</ValueDesc></NutrientResult>
<NutrientResult><Element>P</Element><Value>67.0</Value><ValueUnit>ppm</ValueUnit><ModusTestID>S-P-B1-1:10.01.03</ModusTestID><ValueType>Calculated</ValueType><ValueDesc>VH</ValueDesc></NutrientResult>
<NutrientResult><Element>P</Element><Value>93.0</Value><ValueUnit>ppm</ValueUnit><ModusTestID>S-P-B2-1:10.01.03</ModusTestID><ValueType>Measured</ValueType><ValueDesc>VH</ValueDesc></NutrientResult>
<NutrientResult><Element>P</Element><Value>34.0</Value><ValueUnit>ppm</ValueUnit><ModusTestID>S-P-BIC.01.03</ModusTestID><ValueType>Measured</ValueType><ValueDesc>H</ValueDesc></NutrientResult>
<NutrientResult><Element>K</Element><Value>240.0</Value><ValueUnit>ppm</ValueUnit><ModusTestID>S-K-NH4AC.05</ModusTestID><ValueType>Calculated</ValueType><ValueDesc>VH</ValueDesc></NutrientResult>
<NutrientResult><Element>Ca</Element><Value>1150.0</Value><ValueUnit>ppm</ValueUnit><ModusTestID>S-CA-NH4AC.05</ModusTestID><ValueType>Measured</ValueType><ValueDesc>M</ValueDesc></NutrientResult>
<NutrientResult><Element>Mg</Element><Value>200.0</Value><ValueUnit>ppm</ValueUnit><ModusTestID>S-MG-NH4AC.05</ModusTestID><ValueType>Calculated</ValueType><ValueDesc>H</ValueDesc></NutrientResult>
<NutrientResult><Element>Na</Element><Value>15.0</Value><ValueUnit>ppm</ValueUnit><ModusTestID>S-NA-NH4AC.05</ModusTestID><ValueType>Calculated</ValueType><ValueDesc>VL</ValueDesc></NutrientResult>
<NutrientResult><Element>CEC</Element><Value>8.2</Value><ValueUnit>meq/100g</ValueUnit><ModusTestID>S-CEC.19</ModusTestID><ValueType>Calculated</ValueType><ValueDesc>M</ValueDesc></NutrientResult>
<NutrientResult><Element>BS-Ca</Element><Value>69.9</Value><ValueUnit>%</ValueUnit><ModusTestID>S-BS-CA.19</ModusTestID><ValueType>Calculated</ValueType><ValueDesc>M</ValueDesc></NutrientResult>
<NutrientResult><Element>BS-Mg</Element><Value>20.3</Value><ValueUnit>%</ValueUnit><ModusTestID>S-BS-MG.19</ModusTestID><ValueType>Calculated</ValueType><ValueDesc>H</ValueDesc></NutrientResult>
<NutrientResult><Element>BS-K</Element><Value>7.5</Value><ValueUnit>%</ValueUnit><ModusTestID>S-BS-K.19</ModusTestID><ValueType>Calculated</ValueType><ValueDesc>VH</ValueDesc></NutrientResult>
<NutrientResult><Element>BS-Na</Element><Value>0.8</Value><ValueUnit>%</ValueUnit><ModusTestID>S-BS-NA.19</ModusTestID><ValueType>Calculated</ValueType><ValueDesc>VL</ValueDesc></NutrientResult>
<NutrientResult><Element>BS-H</Element><Value>1.500</Value><ValueUnit>%</ValueUnit><ModusTestID>S-BS-H.19</ModusTestID><ValueType>Calculated</ValueType><ValueDesc xsi:nil="true"></ValueDesc></NutrientResult>
<NutrientResult><Element>SO4-S</Element><Value>5.0</Value><ValueUnit>ppm</ValueUnit><ModusTestID>S-S-NH4AC.05</ModusTestID><ValueType>Measured</ValueType><ValueDesc>L</ValueDesc></NutrientResult>
<NutrientResult><Element>Zn</Element><Value>4.7</Value><ValueUnit>ppm</ValueUnit><ModusTestID>S-ZN-HCL.05</ModusTestID><ValueType>Measured</ValueType><ValueDesc>M</ValueDesc></NutrientResult>
<NutrientResult><Element>Mn</Element><Value>46.0</Value><ValueUnit>ppm</ValueUnit><ModusTestID>S-MN-HCL.05</ModusTestID><ValueType>Measured</ValueType><ValueDesc>H</ValueDesc></NutrientResult>
<NutrientResult><Element>Fe</Element><Value>37.0</Value><ValueUnit>ppm</ValueUnit><ModusTestID>S-FE-HCL.05</ModusTestID><ValueType>Measured</ValueType><ValueDesc>H</ValueDesc></NutrientResult>
<NutrientResult><Element>Cu</Element><Value>1.0</Value><ValueUnit>ppm</ValueUnit><ModusTestID>S-CU-HCL.05</ModusTestID><ValueType>Measured</ValueType><ValueDesc>M</ValueDesc></NutrientResult>
<NutrientResult><Element>B</Element><Value>0.3</Value><ValueUnit>ppm</ValueUnit><ModusTestID>S-B-M3.04</ModusTestID><ValueType>Measured</ValueType><ValueDesc>VL</ValueDesc></NutrientResult>
<NutrientResult><Element>Cl</Element><Value>46.0</Value><ValueUnit>ppm</ValueUnit><ModusTestID>S-CL.01.04</ModusTestID><ValueType>Measured</ValueType><ValueDesc>L</ValueDesc></NutrientResult>
<NutrientResult><Element>NO3-N</Element><Value>10.0</Value><ValueUnit>ppm</ValueUnit><ModusTestID>S-NO3-1:5.01.01</ModusTestID><ValueType>Measured</ValueType><ValueDesc>M</ValueDesc></NutrientResult>
<NutrientResult><Element>NH4-N</Element><Value>5.0</Value><ValueUnit>ppm</ValueUnit><ModusTestID>S-NH4-KCL.01.05</ModusTestID><ValueType>Measured</ValueType><ValueDesc>L</ValueDesc></NutrientResult>
</NutrientResults>
</Depth>
</Depths>
<NutrientRecommendations>
<NutrientRecommendation RecID="1"><Recommendation><Element>CCE</Element><Value>0.0</Value><ValueUnit>tons/ac</ValueUnit></Recommendation></NutrientRecommendation>
<NutrientRecommendation RecID="1"><Recommendation><Element>N</Element><Value>230.0</Value><ValueUnit>lb/ac</ValueUnit></Recommendation></NutrientRecommendation>
<NutrientRecommendation RecID="1"><Recommendation><Element>P2O5</Element><Value>40.0</Value><ValueUnit>lb/ac</ValueUnit></Recommendation></NutrientRecommendation>
<NutrientRecommendation RecID="1"><Recommendation><Element>K2O</Element><Value>50.0</Value><ValueUnit>lb/ac</ValueUnit></Recommendation></NutrientRecommendation>
<NutrientRecommendation RecID="1"><Recommendation><Element>Mg</Element><Value>0.0</Value><ValueUnit>lb/ac</ValueUnit></Recommendation></NutrientRecommendation>
<NutrientRecommendation RecID="1"><Recommendation><Element>Ca</Element><Value>0.0</Value><ValueUnit>lb/ac</ValueUnit></Recommendation></NutrientRecommendation>
<NutrientRecommendation RecID="1"><Recommendation><Element>S</Element><Value>30.0</Value><ValueUnit>lb/ac</ValueUnit></Recommendation></NutrientRecommendation>
<NutrientRecommendation RecID="1"><Recommendation><Element>Zn</Element><Value>2.5</Value><ValueUnit>lb/ac</ValueUnit></Recommendation></NutrientRecommendation>
<NutrientRecommendation RecID="1"><Recommendation><Element>Mn</Element><Value>0.0</Value><ValueUnit>lb/ac</ValueUnit></Recommendation></NutrientRecommendation>
<NutrientRecommendation RecID="1"><Recommendation><Element>Fe</Element><Value>0.0</Value><ValueUnit>lb/ac</ValueUnit></Recommendation></NutrientRecommendation>
<NutrientRecommendation RecID="1"><Recommendation><Element>Cu</Element><Value>0.0</Value><ValueUnit>lb/ac</ValueUnit></Recommendation></NutrientRecommendation>
<NutrientRecommendation RecID="1"><Recommendation><Element>B</Element><Value>1.0</Value><ValueUnit>lb/ac</ValueUnit></Recommendation></NutrientRecommendation>
<NutrientRecommendation RecID="2"><Recommendation><Element>CCE</Element><Value>0.0</Value><ValueUnit>tons/ac</ValueUnit></Recommendation></NutrientRecommendation>
<NutrientRecommendation RecID="2"><Recommendation><Element>N</Element><Value>0.0</Value><ValueUnit>lb/ac</ValueUnit></Recommendation></NutrientRecommendation>
<NutrientRecommendation RecID="2"><Recommendation><Element>P2O5</Element><Value>0.0</Value><ValueUnit>lb/ac</ValueUnit></Recommendation></NutrientRecommendation>
<NutrientRecommendation RecID="2"><Recommendation><Element>K2O</Element><Value>0.0</Value><ValueUnit>lb/ac</ValueUnit></Recommendation></NutrientRecommendation>
<NutrientRecommendation RecID="2"><Recommendation><Element>Mg</Element><Value>0.0</Value><ValueUnit>lb/ac</ValueUnit></Recommendation></NutrientRecommendation>
<NutrientRecommendation RecID="2"><Recommendation><Element>Ca</Element><Value>0.0</Value><ValueUnit>lb/ac</ValueUnit></Recommendation></NutrientRecommendation>
<NutrientRecommendation RecID="2"><Recommendation><Element>S</Element><Value>20.0</Value><ValueUnit>lb/ac</ValueUnit></Recommendation></NutrientRecommendation>
<NutrientRecommendation RecID="2"><Recommendation><Element>Zn</Element><Value>0.5</Value><ValueUnit>lb/ac</ValueUnit></Recommendation></NutrientRecommendation>
<NutrientRecommendation RecID="2"><Recommendation><Element>Mn</Element><Value>0.0</Value><ValueUnit>lb/ac</ValueUnit></Recommendation></NutrientRecommendation>
<NutrientRecommendation RecID="2"><Recommendation><Element>Fe</Element><Value>0.0</Value><ValueUnit>lb/ac</ValueUnit></Recommendation></NutrientRecommendation>
<NutrientRecommendation RecID="2"><Recommendation><Element>Cu</Element><Value>0.0</Value><ValueUnit>lb/ac</ValueUnit></Recommendation></NutrientRecommendation>
<NutrientRecommendation RecID="2"><Recommendation><Element>B</Element><Value>0.0</Value><ValueUnit>lb/ac</ValueUnit></Recommendation></NutrientRecommendation>
<NutrientRecommendation RecID="3"><Recommendation><Element>CCE</Element><Value>0.0</Value><ValueUnit>tons/ac</ValueUnit></Recommendation></NutrientRecommendation>
<NutrientRecommendation RecID="3"><Recommendation><Element>N</Element><Value>60.0</Value><ValueUnit>lb/ac</ValueUnit></Recommendation></NutrientRecommendation>
<NutrientRecommendation RecID="3"><Recommendation><Element>P2O5</Element><Value>35.0</Value><ValueUnit>lb/ac</ValueUnit></Recommendation></NutrientRecommendation>
<NutrientRecommendation RecID="3"><Recommendation><Element>K2O</Element><Value>0.0</Value><ValueUnit>lb/ac</ValueUnit></Recommendation></NutrientRecommendation>
<NutrientRecommendation RecID="3"><Recommendation><Element>Mg</Element><Value>0.0</Value><ValueUnit>lb/ac</ValueUnit></Recommendation></NutrientRecommendation>
<NutrientRecommendation RecID="3"><Recommendation><Element>Ca</Element><Value>0.0</Value><ValueUnit>lb/ac</ValueUnit></Recommendation></NutrientRecommendation>
<NutrientRecommendation RecID="3"><Recommendation><Element>S</Element><Value>15.0</Value><ValueUnit>lb/ac</ValueUnit></Recommendation></NutrientRecommendation>
<NutrientRecommendation RecID="3"><Recommendation><Element>Zn</Element><Value>0.0</Value><ValueUnit>lb/ac</ValueUnit></Recommendation></NutrientRecommendation>
<NutrientRecommendation RecID="3"><Recommendation><Element>Mn</Element><Value>0.0</Value><ValueUnit>lb/ac</ValueUnit></Recommendation></NutrientRecommendation>
<NutrientRecommendation RecID="3"><Recommendation><Element>Fe</Element><Value>0.0</Value><ValueUnit>lb/ac</ValueUnit></Recommendation></NutrientRecommendation>
<NutrientRecommendation RecID="3"><Recommendation><Element>Cu</Element><Value>0.0</Value><ValueUnit>lb/ac</ValueUnit></Recommendation></NutrientRecommendation>
<NutrientRecommendation RecID="3"><Recommendation><Element>B</Element><Value>0.0</Value><ValueUnit>lb/ac</ValueUnit></Recommendation></NutrientRecommendation>
</NutrientRecommendations>
</SoilSample>
</Soil>
</EventSamples>
</Event>
</ModusResult>
