{
  "Events": [
    {
      "EventMetaData": {
        "EventDate": "2015-01-19",
        "EventType": {
          "Soil": true
        }
      },
      "EventSamples": {
        "Soil": {
          "SoilSamples": [
            {
              "SampleMetaData": {
                "ReportID": 1,
                "SampleNumber": "TOKA-006",
                "Geometry": {
                  "wkt": "POINT(-122.3801442 37.2652437)"
                }
              },
              "Depths": [
                {
                  "DepthID": "1",
                  "NutrientResults": [
                    {
                      "ValueUnit": "g/cm3",
                      "Element": "Bulk-Density",
                      "Value": 1.2900000000000003
                    },
                    {
                      "ValueUnit": "min",
                      "Element": "Permeability",
                      "Value": 7.8
                    },
                    {
                      "ValueUnit": "ug/g",
                      "Element": "P (Olsen)",
                      "ModusTestID": "S-P-BIC.04",
                      "Value": 3.8
                    },
                    {
                      "ValueUnit": "%",
                      "Element": "Sand",
                      "Value": 36.2
                    },
                    {
                      "ValueUnit": "%",
                      "Element": "Silt",
                      "Value": 46.2
                    },
                    {
                      "ValueUnit": "%",
                      "Element": "Clay",
                      "Value": 17.5
                    },
                    {
                      "Element": "pH",
                      "ValueUnit": "none",
                      "Value": 5.3
                    },
                    {
                      "ValueUnit": "cmol(+)/kg",
                      "Element": "CEC",
                      "Value": 19
                    },
                    {
                      "ValueUnit": "cmol(+)/kg",
                      "Element": "Ca",
                      "Value": 5.9
                    },
                    {
                      "ValueUnit": "cmol(+)/kg",
                      "Element": "Mg",
                      "Value": 3.7
                    },
                    {
                      "ValueUnit": "cmol(+)/kg",
                      "Element": "K",
                      "Value": 0.56
                    },
                    {
                      "ValueUnit": "cmol(+)/kg",
                      "Element": "Na",
                      "Value": 0.29
                    },
                    {
                      "ValueUnit": "%",
                      "Element": "TOC",
                      "Value": 2.9
                    },
                    {
                      "ValueUnit": "%",
                      "Element": "TN",
                      "Value": 0.23999999999999996
                    }
                  ]
                }
              ]
            },
            {
              "SampleMetaData": {
                "ReportID": 1,
                "SampleNumber": "TOKA-007",
                "Geometry": {
                  "wkt": "POINT(-122.3801146 37.2688491)"
                }
              },
              "Depths": [
                {
                  "DepthID": "1",
                  "NutrientResults": [
                    {
                      "ValueUnit": "g/cm3",
                      "Element": "Bulk-Density",
                      "Value": 1.47
                    },
                    {
                      "ValueUnit": "min",
                      "Element": "Permeability",
                      "Value": 17.49
                    },
                    {
                      "ValueUnit": "ug/g",
                      "Element": "P (Olsen)",
                      "ModusTestID": "S-P-BIC.04",
                      "Value": 3.2
                    },
                    {
                      "ValueUnit": "%",
                      "Element": "Sand",
                      "Value": 41.2
                    },
                    {
                      "ValueUnit": "%",
                      "Element": "Silt",
                      "Value": 38.8
                    },
                    {
                      "ValueUnit": "%",
                      "Element": "Clay",
                      "Value": 20
                    },
                    {
                      "Element": "pH",
                      "ValueUnit": "none",
                      "Value": 5.5
                    },
                    {
                      "ValueUnit": "cmol(+)/kg",
                      "Element": "CEC",
                      "Value": 16
                    },
                    {
                      "ValueUnit": "cmol(+)/kg",
                      "Element": "Ca",
                      "Value": 4.4
                    },
                    {
                      "ValueUnit": "cmol(+)/kg",
                      "Element": "Mg",
                      "Value": 4.3
                    },
                    {
                      "ValueUnit": "cmol(+)/kg",
                      "Element": "K",
                      "Value": 0.62
                    },
                    {
                      "ValueUnit": "cmol(+)/kg",
                      "Element": "Na",
                      "Value": 0.47
                    },
                    {
                      "ValueUnit": "%",
                      "Element": "TOC",
                      "Value": 2
                    },
                    {
                      "ValueUnit": "%",
                      "Element": "TN",
                      "Value": 0.15
                    }
                  ]
                }
              ]
            },
            {
              "SampleMetaData": {
                "ReportID": 1,
                "SampleNumber": "TOKA-016",
                "Geometry": {
                  "wkt": "POINT(-122.3710921 37.2688015)"
                }
              },
              "Depths": [
                {
                  "DepthID": "1",
                  "NutrientResults": [
                    {
                      "ValueUnit": "g/cm3",
                      "Element": "Bulk-Density",
                      "Value": 1.07
                    },
                    {
                      "ValueUnit": "min",
                      "Element": "Permeability",
                      "Value": 0.55
                    },
                    {
                      "ValueUnit": "ug/g",
                      "Element": "P (Olsen)",
                      "ModusTestID": "S-P-BIC.04",
                      "Value": 4.5
                    },
                    {
                      "ValueUnit": "%",
                      "Element": "Sand",
                      "Value": 23.8
                    },
                    {
                      "ValueUnit": "%",
                      "Element": "Silt",
                      "Value": 41.2
                    },
                    {
                      "ValueUnit": "%",
                      "Element": "Clay",
                      "Value": 35
                    },
                    {
                      "Element": "pH",
                      "ValueUnit": "none",
                      "Value": 5.6
                    },
                    {
                      "ValueUnit": "cmol(+)/kg",
                      "Element": "CEC",
                      "Value": 43
                    },
                    {
                      "ValueUnit": "cmol(+)/kg",
                      "Element": "Ca",
                      "Value": 13
                    },
                    {
                      "ValueUnit": "cmol(+)/kg",
                      "Element": "Mg",
                      "Value": 12
                    },
                    {
                      "ValueUnit": "cmol(+)/kg",
                      "Element": "K",
                      "Value": 1.1
                    },
                    {
                      "ValueUnit": "cmol(+)/kg",
                      "Element": "Na",
                      "Value": 0.47
                    },
                    {
                      "ValueUnit": "%",
                      "Element": "TOC",
                      "Value": 3.6000000000000005
                    },
                    {
                      "ValueUnit": "%",
                      "Element": "TN",
                      "Value": 0.29
                    }
                  ]
                }
              ]
            },
            {
              "SampleMetaData": {
                "ReportID": 1,
                "SampleNumber": "TOKA-018",
                "Geometry": {
                  "wkt": "POINT(-122.3688064 37.2723949)"
                }
              },
              "Depths": [
                {
                  "DepthID": "1",
                  "NutrientResults": [
                    {
                      "ValueUnit": "g/cm3",
                      "Element": "Bulk-Density",
                      "Value": 1.38
                    },
                    {
                      "ValueUnit": "min",
                      "Element": "Permeability",
                      "Value": 11.1966666666667
                    },
                    {
                      "ValueUnit": "ug/g",
                      "Element": "P (Olsen)",
                      "ModusTestID": "S-P-BIC.04",
                      "Value": 2.8
                    },
                    {
                      "ValueUnit": "%",
                      "Element": "Sand",
                      "Value": 25
                    },
                    {
                      "ValueUnit": "%",
                      "Element": "Silt",
                      "Value": 40
                    },
                    {
                      "ValueUnit": "%",
                      "Element": "Clay",
                      "Value": 35
                    },
                    {
                      "Element": "pH",
                      "ValueUnit": "none",
                      "Value": 5.9
                    },
                    {
                      "ValueUnit": "cmol(+)/kg",
                      "Element": "CEC",
                      "Value": 34
                    },
                    {
                      "ValueUnit": "cmol(+)/kg",
                      "Element": "Ca",
                      "Value": 11
                    },
                    {
                      "ValueUnit": "cmol(+)/kg",
                      "Element": "Mg",
                      "Value": 9.1
                    },
                    {
                      "ValueUnit": "cmol(+)/kg",
                      "Element": "K",
                      "Value": 0.7700000000000001
                    },
                    {
                      "ValueUnit": "cmol(+)/kg",
                      "Element": "Na",
                      "Value": 0.58
                    },
                    {
                      "ValueUnit": "%",
                      "Element": "TOC",
                      "Value": 3.3000000000000003
                    },
                    {
                      "ValueUnit": "%",
                      "Element": "TN",
                      "Value": 0.25
                    }
                  ]
                }
              ]
            },
            {
              "SampleMetaData": {
                "ReportID": 1,
                "SampleNumber": "TOKA-022",
                "Geometry": {
                  "wkt": "POINT(-122.3665960 37.2669748)"
                }
              },
              "Depths": [
                {
                  "DepthID": "1",
                  "NutrientResults": [
                    {
                      "ValueUnit": "g/cm3",
                      "Element": "Bulk-Density",
                      "Value": 1.19
                    },
                    {
                      "ValueUnit": "min",
                      "Element": "Permeability",
                      "Value": 4.62
                    },
                    {
                      "ValueUnit": "ug/g",
                      "Element": "P (Olsen)",
                      "ModusTestID": "S-P-BIC.04",
                      "Value": 11
                    },
                    {
                      "ValueUnit": "%",
                      "Element": "Sand",
                      "Value": 22.5
                    },
                    {
                      "ValueUnit": "%",
                      "Element": "Silt",
                      "Value": 36.2
                    },
                    {
                      "ValueUnit": "%",
                      "Element": "Clay",
                      "Value": 41.2
                    },
                    {
                      "Element": "pH",
                      "ValueUnit": "none",
                      "Value": 5.9
                    },
                    {
                      "ValueUnit": "cmol(+)/kg",
                      "Element": "CEC",
                      "Value": 44
                    },
                    {
                      "ValueUnit": "cmol(+)/kg",
                      "Element": "Ca",
                      "Value": 15.000000000000002
                    },
                    {
                      "ValueUnit": "cmol(+)/kg",
                      "Element": "Mg",
                      "Value": 12
                    },
                    {
                      "ValueUnit": "cmol(+)/kg",
                      "Element": "K",
                      "Value": 0.82
                    },
                    {
                      "ValueUnit": "cmol(+)/kg",
                      "Element": "Na",
                      "Value": 0.56
                    },
                    {
                      "ValueUnit": "%",
                      "Element": "TOC",
                      "Value": 3.1
                    },
                    {
                      "ValueUnit": "%",
                      "Element": "TN",
                      "Value": 0.29
                    }
                  ]
                }
              ]
            },
            {
              "SampleMetaData": {
                "ReportID": 1,
                "SampleNumber": "TOKA-029",
                "Geometry": {
                  "wkt": "POINT(-122.3643101 37.2705681)"
                }
              },
              "Depths": [
                {
                  "DepthID": "1",
                  "NutrientResults": [
                    {
                      "ValueUnit": "g/cm3",
                      "Element": "Bulk-Density",
                      "Value": 1.03
                    },
                    {
                      "ValueUnit": "min",
                      "Element": "Permeability",
                      "Value": 0.986666666666667
                    },
                    {
                      "ValueUnit": "ug/g",
                      "Element": "P (Olsen)",
                      "ModusTestID": "S-P-BIC.04",
                      "Value": 3.5
                    },
                    {
                      "ValueUnit": "%",
                      "Element": "Sand",
                      "Value": 20
                    },
                    {
                      "ValueUnit": "%",
                      "Element": "Silt",
                      "Value": 43.8
                    },
                    {
                      "ValueUnit": "%",
                      "Element": "Clay",
                      "Value": 36.5
                    },
                    {
                      "Element": "pH",
                      "ValueUnit": "none",
                      "Value": 5.3
                    },
                    {
                      "ValueUnit": "cmol(+)/kg",
                      "Element": "CEC",
                      "Value": 33
                    },
                    {
                      "ValueUnit": "cmol(+)/kg",
                      "Element": "Ca",
                      "Value": 11
                    },
                    {
                      "ValueUnit": "cmol(+)/kg",
                      "Element": "Mg",
                      "Value": 8.8
                    },
                    {
                      "ValueUnit": "cmol(+)/kg",
                      "Element": "K",
                      "Value": 1
                    },
                    {
                      "ValueUnit": "cmol(+)/kg",
                      "Element": "Na",
                      "Value": 0.86
                    },
                    {
                      "ValueUnit": "%",
                      "Element": "TOC",
                      "Value": 3.7000000000000006
                    },
                    {
                      "ValueUnit": "%",
                      "Element": "TN",
                      "Value": 0.29
                    }
                  ]
                }
              ]
            },
            {
              "SampleMetaData": {
                "ReportID": 1,
                "SampleNumber": "TOKA-030",
                "Geometry": {
                  "wkt": "POINT(-122.3643404 37.2669627)"
                }
              },
              "Depths": [
                {
                  "DepthID": "1",
                  "NutrientResults": [
                    {
                      "ValueUnit": "g/cm3",
                      "Element": "Bulk-Density",
                      "Value": 1.16
                    },
                    {
                      "ValueUnit": "min",
                      "Element": "Permeability",
                      "Value": 0.936666666666667
                    },
                    {
                      "ValueUnit": "ug/g",
                      "Element": "P (Olsen)",
                      "ModusTestID": "S-P-BIC.04",
                      "Value": 8.3
                    },
                    {
                      "ValueUnit": "%",
                      "Element": "Sand",
                      "Value": 22.5
                    },
                    {
                      "ValueUnit": "%",
                      "Element": "Silt",
                      "Value": 42.5
                    },
                    {
                      "ValueUnit": "%",
                      "Element": "Clay",
                      "Value": 35
                    },
                    {
                      "Element": "pH",
                      "ValueUnit": "none",
                      "Value": 5.5
                    },
                    {
                      "ValueUnit": "cmol(+)/kg",
                      "Element": "CEC",
                      "Value": 33
                    },
                    {
                      "ValueUnit": "cmol(+)/kg",
                      "Element": "Ca",
                      "Value": 9.2
                    },
                    {
                      "ValueUnit": "cmol(+)/kg",
                      "Element": "Mg",
                      "Value": 6.3
                    },
                    {
                      "ValueUnit": "cmol(+)/kg",
                      "Element": "K",
                      "Value": 1.1
                    },
                    {
                      "ValueUnit": "cmol(+)/kg",
                      "Element": "Na",
                      "Value": 0.31
                    },
                    {
                      "ValueUnit": "%",
                      "Element": "TOC",
                      "Value": 4.5
                    },
                    {
                      "ValueUnit": "%",
                      "Element": "TN",
                      "Value": 0.32
                    }
                  ]
                }
              ]
            },
            {
              "SampleMetaData": {
                "ReportID": 1,
                "SampleNumber": "TOKA-034",
                "Geometry": {
                  "wkt": "POINT(-122.3644313 37.2561465)"
                }
              },
              "Depths": [
                {
                  "DepthID": "1",
                  "NutrientResults": [
                    {
                      "ValueUnit": "g/cm3",
                      "Element": "Bulk-Density",
                      "Value": 0.91
                    },
                    {
                      "ValueUnit": "min",
                      "Element": "Permeability",
                      "Value": 3.36
                    },
                    {
                      "ValueUnit": "ug/g",
                      "Element": "P (Olsen)",
                      "ModusTestID": "S-P-BIC.04",
                      "Value": 34
                    },
                    {
                      "ValueUnit": "%",
                      "Element": "Sand",
                      "Value": 23.8
                    },
                    {
                      "ValueUnit": "%",
                      "Element": "Silt",
                      "Value": 37.5
                    },
                    {
                      "ValueUnit": "%",
                      "Element": "Clay",
                      "Value": 38.8
                    },
                    {
                      "Element": "pH",
                      "ValueUnit": "none",
                      "Value": 5.5
                    },
                    {
                      "ValueUnit": "cmol(+)/kg",
                      "Element": "CEC",
                      "Value": 47
                    },
                    {
                      "ValueUnit": "cmol(+)/kg",
                      "Element": "Ca",
                      "Value": 18
                    },
                    {
                      "ValueUnit": "cmol(+)/kg",
                      "Element": "Mg",
                      "Value": 10
                    },
                    {
                      "ValueUnit": "cmol(+)/kg",
                      "Element": "K",
                      "Value": 0.92
                    },
                    {
                      "ValueUnit": "cmol(+)/kg",
                      "Element": "Na",
                      "Value": 0.51
                    },
                    {
                      "ValueUnit": "%",
                      "Element": "TOC",
                      "Value": 5
                    }
                  ]
                }
              ]
            },
            {
              "SampleMetaData": {
                "ReportID": 1,
                "SampleNumber": "TOKA-041",
                "Geometry": {
                  "wkt": "POINT(-122.3599055 37.2579249)"
                }
              },
              "Depths": [
                {
                  "DepthID": "1",
                  "NutrientResults": [
                    {
                      "ValueUnit": "g/cm3",
                      "Element": "Bulk-Density",
                      "Value": 1.19
                    },
                    {
                      "ValueUnit": "min",
                      "Element": "Permeability",
                      "Value": 2.9
                    },
                    {
                      "ValueUnit": "ug/g",
                      "Element": "P (Olsen)",
                      "ModusTestID": "S-P-BIC.04",
                      "Value": 10
                    },
                    {
                      "ValueUnit": "%",
                      "Element": "Sand",
                      "Value": 26.2
                    },
                    {
                      "ValueUnit": "%",
                      "Element": "Silt",
                      "Value": 40
                    },
                    {
                      "ValueUnit": "%",
                      "Element": "Clay",
                      "Value": 33.8
                    },
                    {
                      "Element": "pH",
                      "ValueUnit": "none",
                      "Value": 5.6
                    },
                    {
                      "ValueUnit": "cmol(+)/kg",
                      "Element": "CEC",
                      "Value": 32
                    },
                    {
                      "ValueUnit": "cmol(+)/kg",
                      "Element": "Ca",
                      "Value": 11
                    },
                    {
                      "ValueUnit": "cmol(+)/kg",
                      "Element": "Mg",
                      "Value": 5.1
                    },
                    {
                      "ValueUnit": "cmol(+)/kg",
                      "Element": "K",
                      "Value": 0.9899999999999999
                    },
                    {
                      "ValueUnit": "cmol(+)/kg",
                      "Element": "Na",
                      "Value": 0.35
                    },
                    {
                      "ValueUnit": "%",
                      "Element": "TOC",
                      "Value": 3.8
                    },
                    {
                      "ValueUnit": "%",
                      "Element": "TN",
                      "Value": 0.36
                    }
                  ]
                }
              ]
            },
            {
              "SampleMetaData": {
                "ReportID": 1,
                "SampleNumber": "TOKA-057",
                "Geometry": {
                  "wkt": "POINT(-122.3553489 37.2633085)"
                }
              },
              "Depths": [
                {
                  "DepthID": "1",
                  "NutrientResults": [
                    {
                      "ValueUnit": "g/cm3",
                      "Element": "Bulk-Density",
                      "Value": 1.24
                    },
                    {
                      "ValueUnit": "min",
                      "Element": "Permeability",
                      "Value": 0.4
                    },
                    {
                      "ValueUnit": "ug/g",
                      "Element": "P (Olsen)",
                      "ModusTestID": "S-P-BIC.04",
                      "Value": 5.5
                    },
                    {
                      "ValueUnit": "%",
                      "Element": "Sand",
                      "Value": 23.8
                    },
                    {
                      "ValueUnit": "%",
                      "Element": "Silt",
                      "Value": 38.8
                    },
                    {
                      "ValueUnit": "%",
                      "Element": "Clay",
                      "Value": 37.5
                    },
                    {
                      "Element": "pH",
                      "ValueUnit": "none",
                      "Value": 5.6
                    },
                    {
                      "ValueUnit": "cmol(+)/kg",
                      "Element": "CEC",
                      "Value": 28
                    },
                    {
                      "ValueUnit": "cmol(+)/kg",
                      "Element": "Ca",
                      "Value": 11
                    },
                    {
                      "ValueUnit": "cmol(+)/kg",
                      "Element": "Mg",
                      "Value": 6.3
                    },
                    {
                      "ValueUnit": "cmol(+)/kg",
                      "Element": "K",
                      "Value": 0.72
                    },
                    {
                      "ValueUnit": "cmol(+)/kg",
                      "Element": "Na",
                      "Value": 0.44
                    },
                    {
                      "ValueUnit": "%",
                      "Element": "TOC",
                      "Value": 3.1
                    },
                    {
                      "ValueUnit": "%",
                      "Element": "TN",
                      "Value": 0.3
                    }
                  ]
                }
              ]
            },
            {
              "SampleMetaData": {
                "ReportID": 1,
                "SampleNumber": "TOKA-060",
                "Geometry": {
                  "wkt": "POINT(-122.3552566 37.2741247)"
                }
              },
              "Depths": [
                {
                  "DepthID": "1",
                  "NutrientResults": [
                    {
                      "ValueUnit": "g/cm3",
                      "Element": "Bulk-Density",
                      "Value": 1.12
                    },
                    {
                      "ValueUnit": "min",
                      "Element": "Permeability",
                      "Value": 1.73333333333333
                    },
                    {
                      "ValueUnit": "ug/g",
                      "Element": "P (Olsen)",
                      "ModusTestID": "S-P-BIC.04",
                      "Value": 12
                    },
                    {
                      "ValueUnit": "%",
                      "Element": "Sand",
                      "Value": 41.2
                    },
                    {
                      "ValueUnit": "%",
                      "Element": "Silt",
                      "Value": 27.5
                    },
                    {
                      "ValueUnit": "%",
                      "Element": "Clay",
                      "Value": 31.2
                    },
                    {
                      "Element": "pH",
                      "ValueUnit": "none",
                      "Value": 5.8
                    },
                    {
                      "ValueUnit": "cmol(+)/kg",
                      "Element": "CEC",
                      "Value": 39
                    },
                    {
                      "ValueUnit": "cmol(+)/kg",
                      "Element": "Ca",
                      "Value": 18
                    },
                    {
                      "ValueUnit": "cmol(+)/kg",
                      "Element": "Mg",
                      "Value": 8
                    },
                    {
                      "ValueUnit": "cmol(+)/kg",
                      "Element": "K",
                      "Value": 1
                    },
                    {
                      "ValueUnit": "cmol(+)/kg",
                      "Element": "Na",
                      "Value": 0.26
                    },
                    {
                      "ValueUnit": "%",
                      "Element": "TOC",
                      "Value": 4.3
                    },
                    {
                      "ValueUnit": "%",
                      "Element": "TN",
                      "Value": 0.34
                    }
                  ]
                }
              ]
            },
            {
              "SampleMetaData": {
                "ReportID": 1,
                "SampleNumber": "TOKA-061",
                "Geometry": {
                  "wkt": "POINT(-122.3552259 37.2777300)"
                }
              },
              "Depths": [
                {
                  "DepthID": "1",
                  "NutrientResults": [
                    {
                      "ValueUnit": "g/cm3",
                      "Element": "Bulk-Density",
                      "Value": 1.1
                    },
                    {
                      "ValueUnit": "min",
                      "Element": "Permeability",
                      "Value": 3.33666666666667
                    },
                    {
                      "ValueUnit": "ug/g",
                      "Element": "P (Olsen)",
                      "ModusTestID": "S-P-BIC.04",
                      "Value": 5.7
                    },
                    {
                      "ValueUnit": "%",
                      "Element": "Sand",
                      "Value": 28.800000000000004
                    },
                    {
                      "ValueUnit": "%",
                      "Element": "Silt",
                      "Value": 36.2
                    },
                    {
                      "ValueUnit": "%",
                      "Element": "Clay",
                      "Value": 35
                    },
                    {
                      "Element": "pH",
                      "ValueUnit": "none",
                      "Value": 5.9
                    },
                    {
                      "ValueUnit": "cmol(+)/kg",
                      "Element": "CEC",
                      "Value": 34
                    },
                    {
                      "ValueUnit": "cmol(+)/kg",
                      "Element": "Ca",
                      "Value": 13
                    },
                    {
                      "ValueUnit": "cmol(+)/kg",
                      "Element": "Mg",
                      "Value": 7.500000000000001
                    },
                    {
                      "ValueUnit": "cmol(+)/kg",
                      "Element": "K",
                      "Value": 1
                    },
                    {
                      "ValueUnit": "cmol(+)/kg",
                      "Element": "Na",
                      "Value": 0.36
                    },
                    {
                      "ValueUnit": "%",
                      "Element": "TOC",
                      "Value": 3.6000000000000005
                    },
                    {
                      "ValueUnit": "%",
                      "Element": "TN",
                      "Value": 0.27
                    }
                  ]
                }
              ]
            },
            {
              "SampleMetaData": {
                "ReportID": 1,
                "SampleNumber": "TOKA-064",
                "Geometry": {
                  "wkt": "POINT(-122.3530163 37.2723097)"
                }
              },
              "Depths": [
                {
                  "DepthID": "1",
                  "NutrientResults": [
                    {
                      "ValueUnit": "g/cm3",
                      "Element": "Bulk-Density",
                      "Value": 0.97
                    },
                    {
                      "ValueUnit": "min",
                      "Element": "Permeability",
                      "Value": 0.853333333333333
                    },
                    {
                      "ValueUnit": "ug/g",
                      "Element": "P (Olsen)",
                      "ModusTestID": "S-P-BIC.04",
                      "Value": 28
                    },
                    {
                      "ValueUnit": "%",
                      "Element": "Sand",
                      "Value": 30
                    },
                    {
                      "ValueUnit": "%",
                      "Element": "Silt",
                      "Value": 35
                    },
                    {
                      "ValueUnit": "%",
                      "Element": "Clay",
                      "Value": 35
                    },
                    {
                      "Element": "pH",
                      "ValueUnit": "none",
                      "Value": 5.7
                    },
                    {
                      "ValueUnit": "cmol(+)/kg",
                      "Element": "CEC",
                      "Value": 48
                    },
                    {
                      "ValueUnit": "cmol(+)/kg",
                      "Element": "Ca",
                      "Value": 18
                    },
                    {
                      "ValueUnit": "cmol(+)/kg",
                      "Element": "Mg",
                      "Value": 5.9
                    },
                    {
                      "ValueUnit": "cmol(+)/kg",
                      "Element": "K",
                      "Value": 2.7
                    },
                    {
                      "ValueUnit": "%",
                      "Element": "TOC",
                      "Value": 7.9
                    },
                    {
                      "ValueUnit": "%",
                      "Element": "TN",
                      "Value": 0.65
                    }
                  ]
                }
              ]
            },
            {
              "SampleMetaData": {
                "ReportID": 1,
                "SampleNumber": "TOKA-068",
                "Geometry": {
                  "wkt": "POINT(-122.3531397 37.2578881)"
                }
              },
              "Depths": [
                {
                  "DepthID": "1",
                  "NutrientResults": [
                    {
                      "ValueUnit": "g/cm3",
                      "Element": "Bulk-Density",
                      "Value": 1.28
                    },
                    {
                      "ValueUnit": "min",
                      "Element": "Permeability",
                      "Value": 10.6833333333333
                    },
                    {
                      "ValueUnit": "ug/g",
                      "Element": "P (Olsen)",
                      "ModusTestID": "S-P-BIC.04",
                      "Value": 11
                    },
                    {
                      "ValueUnit": "%",
                      "Element": "Sand",
                      "Value": 30
                    },
                    {
                      "ValueUnit": "%",
                      "Element": "Silt",
                      "Value": 35
                    },
                    {
                      "ValueUnit": "%",
                      "Element": "Clay",
                      "Value": 35
                    },
                    {
                      "Element": "pH",
                      "ValueUnit": "none",
                      "Value": 5.5
                    },
                    {
                      "ValueUnit": "cmol(+)/kg",
                      "Element": "CEC",
                      "Value": 33
                    },
                    {
                      "ValueUnit": "cmol(+)/kg",
                      "Element": "Ca",
                      "Value": 13
                    },
                    {
                      "ValueUnit": "cmol(+)/kg",
                      "Element": "Mg",
                      "Value": 8.5
                    },
                    {
                      "ValueUnit": "cmol(+)/kg",
                      "Element": "K",
                      "Value": 0.64
                    },
                    {
                      "ValueUnit": "cmol(+)/kg",
                      "Element": "Na",
                      "Value": 0.41
                    },
                    {
                      "ValueUnit": "%",
                      "Element": "TOC",
                      "Value": 2.7
                    },
                    {
                      "ValueUnit": "%",
                      "Element": "TN",
                      "Value": 0.28
                    }
                  ]
                }
              ]
            },
            {
              "SampleMetaData": {
                "ReportID": 1,
                "SampleNumber": "TOKA-080",
                "Geometry": {
                  "wkt": "POINT(-122.3485825 37.2632715)"
                }
              },
              "Depths": [
                {
                  "DepthID": "1",
                  "NutrientResults": [
                    {
                      "ValueUnit": "g/cm3",
                      "Element": "Bulk-Density",
                      "Value": 1.03
                    },
                    {
                      "ValueUnit": "min",
                      "Element": "Permeability",
                      "Value": 0.4799999999999999
                    },
                    {
                      "ValueUnit": "ug/g",
                      "Element": "P (Olsen)",
                      "ModusTestID": "S-P-BIC.04",
                      "Value": 8.7
                    },
                    {
                      "ValueUnit": "%",
                      "Element": "Sand",
                      "Value": 21.2
                    },
                    {
                      "ValueUnit": "%",
                      "Element": "Silt",
                      "Value": 36.2
                    },
                    {
                      "ValueUnit": "%",
                      "Element": "Clay",
                      "Value": 42.5
                    },
                    {
                      "Element": "pH",
                      "ValueUnit": "none",
                      "Value": 5.7
                    },
                    {
                      "ValueUnit": "cmol(+)/kg",
                      "Element": "CEC",
                      "Value": 39
                    },
                    {
                      "ValueUnit": "cmol(+)/kg",
                      "Element": "Ca",
                      "Value": 13
                    },
                    {
                      "ValueUnit": "cmol(+)/kg",
                      "Element": "Mg",
                      "Value": 10
                    },
                    {
                      "ValueUnit": "cmol(+)/kg",
                      "Element": "K",
                      "Value": 0.9
                    },
                    {
                      "ValueUnit": "cmol(+)/kg",
                      "Element": "Na",
                      "Value": 0.3
                    },
                    {
                      "ValueUnit": "%",
                      "Element": "TOC",
                      "Value": 3.3000000000000003
                    },
                    {
                      "ValueUnit": "%",
                      "Element": "TN",
                      "Value": 0.3
                    }
                  ]
                }
              ]
            },
            {
              "SampleMetaData": {
                "ReportID": 1,
                "SampleNumber": "TOKA-099",
                "Geometry": {
                  "wkt": "POINT(-122.3394662 37.2740376)"
                }
              },
              "Depths": [
                {
                  "DepthID": "1",
                  "NutrientResults": [
                    {
                      "ValueUnit": "g/cm3",
                      "Element": "Bulk-Density",
                      "Value": 1.26
                    },
                    {
                      "ValueUnit": "min",
                      "Element": "Permeability",
                      "Value": 1.90333333333333
                    },
                    {
                      "ValueUnit": "ug/g",
                      "Element": "P (Olsen)",
                      "ModusTestID": "S-P-BIC.04",
                      "Value": 9.4
                    },
                    {
                      "ValueUnit": "%",
                      "Element": "Sand",
                      "Value": 40
                    },
                    {
                      "ValueUnit": "%",
                      "Element": "Silt",
                      "Value": 31.2
                    },
                    {
                      "ValueUnit": "%",
                      "Element": "Clay",
                      "Value": 28.800000000000004
                    },
                    {
                      "Element": "pH",
                      "ValueUnit": "none",
                      "Value": 5.6
                    },
                    {
                      "ValueUnit": "cmol(+)/kg",
                      "Element": "CEC",
                      "Value": 35
                    },
                    {
                      "ValueUnit": "cmol(+)/kg",
                      "Element": "Ca",
                      "Value": 13
                    },
                    {
                      "ValueUnit": "cmol(+)/kg",
                      "Element": "Mg",
                      "Value": 8
                    },
                    {
                      "ValueUnit": "cmol(+)/kg",
                      "Element": "K",
                      "Value": 1
                    },
                    {
                      "ValueUnit": "cmol(+)/kg",
                      "Element": "Na",
                      "Value": 0.12
                    },
                    {
                      "ValueUnit": "%",
                      "Element": "TOC",
                      "Value": 3
                    },
                    {
                      "ValueUnit": "%",
                      "Element": "TN",
                      "Value": 0.29
                    }
                  ]
                }
              ]
            },
            {
              "SampleMetaData": {
                "ReportID": 1,
                "SampleNumber": "TOKA-104",
                "Geometry": {
                  "wkt": "POINT(-122.3801294 37.2670464)"
                }
              },
              "Depths": [
                {
                  "DepthID": "1",
                  "NutrientResults": [
                    {
                      "ValueUnit": "g/cm3",
                      "Element": "Bulk-Density",
                      "Value": 1.21
                    },
                    {
                      "ValueUnit": "min",
                      "Element": "Permeability",
                      "Value": 14.04
                    },
                    {
                      "ValueUnit": "ug/g",
                      "Element": "P (Olsen)",
                      "ModusTestID": "S-P-BIC.04",
                      "Value": 4.2
                    },
                    {
                      "ValueUnit": "%",
                      "Element": "Sand",
                      "Value": 20
                    },
                    {
                      "ValueUnit": "%",
                      "Element": "Silt",
                      "Value": 38.8
                    },
                    {
                      "ValueUnit": "%",
                      "Element": "Clay",
                      "Value": 41.2
                    },
                    {
                      "Element": "pH",
                      "ValueUnit": "none",
                      "Value": 5.1
                    },
                    {
                      "ValueUnit": "cmol(+)/kg",
                      "Element": "CEC",
                      "Value": 18
                    },
                    {
                      "ValueUnit": "cmol(+)/kg",
                      "Element": "Ca",
                      "Value": 6.199999999999999
                    },
                    {
                      "ValueUnit": "cmol(+)/kg",
                      "Element": "Mg",
                      "Value": 3.9
                    },
                    {
                      "ValueUnit": "cmol(+)/kg",
                      "Element": "K",
                      "Value": 0.41
                    },
                    {
                      "ValueUnit": "cmol(+)/kg",
                      "Element": "Na",
                      "Value": 0.26
                    },
                    {
                      "ValueUnit": "%",
                      "Element": "TOC",
                      "Value": 2.3
                    },
                    {
                      "ValueUnit": "%",
                      "Element": "TN",
                      "Value": 0.17
                    }
                  ]
                }
              ]
            },
            {
              "SampleMetaData": {
                "ReportID": 1,
                "SampleNumber": "TOKA-111",
                "Geometry": {
                  "wkt": "POINT(-122.3733627 37.2670108)"
                }
              },
              "Depths": [
                {
                  "DepthID": "1",
                  "NutrientResults": [
                    {
                      "ValueUnit": "g/cm3",
                      "Element": "Bulk-Density",
                      "Value": 1.06
                    },
                    {
                      "ValueUnit": "min",
                      "Element": "Permeability",
                      "Value": 6.51666666666667
                    },
                    {
                      "ValueUnit": "ug/g",
                      "Element": "P (Olsen)",
                      "ModusTestID": "S-P-BIC.04",
                      "Value": 3.5
                    },
                    {
                      "ValueUnit": "%",
                      "Element": "Sand",
                      "Value": 43.8
                    },
                    {
                      "ValueUnit": "%",
                      "Element": "Silt",
                      "Value": 31.2
                    },
                    {
                      "ValueUnit": "%",
                      "Element": "Clay",
                      "Value": 25
                    },
                    {
                      "Element": "pH",
                      "ValueUnit": "none",
                      "Value": 5.3
                    },
                    {
                      "ValueUnit": "cmol(+)/kg",
                      "Element": "CEC",
                      "Value": 26
                    },
                    {
                      "ValueUnit": "cmol(+)/kg",
                      "Element": "Ca",
                      "Value": 7.3
                    },
                    {
                      "ValueUnit": "cmol(+)/kg",
                      "Element": "Mg",
                      "Value": 6.5
                    },
                    {
                      "ValueUnit": "cmol(+)/kg",
                      "Element": "K",
                      "Value": 0.62
                    },
                    {
                      "ValueUnit": "cmol(+)/kg",
                      "Element": "Na",
                      "Value": 0.32
                    },
                    {
                      "ValueUnit": "%",
                      "Element": "TOC",
                      "Value": 3.3000000000000003
                    },
                    {
                      "ValueUnit": "%",
                      "Element": "TN",
                      "Value": 0.26
                    }
                  ]
                }
              ]
            },
            {
              "SampleMetaData": {
                "ReportID": 1,
                "SampleNumber": "TOKA-115",
                "Geometry": {
                  "wkt": "POINT(-122.3688365 37.2687895)"
                }
              },
              "Depths": [
                {
                  "DepthID": "1",
                  "NutrientResults": [
                    {
                      "ValueUnit": "g/cm3",
                      "Element": "Bulk-Density",
                      "Value": 0.88
                    },
                    {
                      "ValueUnit": "min",
                      "Element": "Permeability",
                      "Value": 0.646666666666667
                    },
                    {
                      "ValueUnit": "ug/g",
                      "Element": "P (Olsen)",
                      "ModusTestID": "S-P-BIC.04",
                      "Value": 6
                    },
                    {
                      "ValueUnit": "%",
                      "Element": "Sand",
                      "Value": 31.2
                    },
                    {
                      "ValueUnit": "%",
                      "Element": "Silt",
                      "Value": 33.8
                    },
                    {
                      "ValueUnit": "%",
                      "Element": "Clay",
                      "Value": 35
                    },
                    {
                      "Element": "pH",
                      "ValueUnit": "none",
                      "Value": 5.7
                    },
                    {
                      "ValueUnit": "cmol(+)/kg",
                      "Element": "CEC",
                      "Value": 38
                    },
                    {
                      "ValueUnit": "cmol(+)/kg",
                      "Element": "Ca",
                      "Value": 12
                    },
                    {
                      "ValueUnit": "cmol(+)/kg",
                      "Element": "Mg",
                      "Value": 10
                    },
                    {
                      "ValueUnit": "cmol(+)/kg",
                      "Element": "K",
                      "Value": 1.2
                    },
                    {
                      "ValueUnit": "cmol(+)/kg",
                      "Element": "Na",
                      "Value": 0.37
                    },
                    {
                      "ValueUnit": "%",
                      "Element": "TOC",
                      "Value": 3.4000000000000004
                    },
                    {
                      "ValueUnit": "%",
                      "Element": "TN",
                      "Value": 0.29
                    }
                  ]
                }
              ]
            },
            {
              "SampleMetaData": {
                "ReportID": 1,
                "SampleNumber": "TOKA-119",
                "Geometry": {
                  "wkt": "POINT(-122.3642949 37.2723708)"
                }
              },
              "Depths": [
                {
                  "DepthID": "1",
                  "NutrientResults": [
                    {
                      "ValueUnit": "g/cm3",
                      "Element": "Bulk-Density",
                      "Value": 1.22
                    },
                    {
                      "ValueUnit": "min",
                      "Element": "Permeability",
                      "Value": 0.98
                    },
                    {
                      "ValueUnit": "ug/g",
                      "Element": "P (Olsen)",
                      "ModusTestID": "S-P-BIC.04",
                      "Value": 15
                    },
                    {
                      "ValueUnit": "%",
                      "Element": "Sand",
                      "Value": 28.800000000000004
                    },
                    {
                      "ValueUnit": "%",
                      "Element": "Silt",
                      "Value": 40
                    },
                    {
                      "ValueUnit": "%",
                      "Element": "Clay",
                      "Value": 31.2
                    },
                    {
                      "Element": "pH",
                      "ValueUnit": "none",
                      "Value": 5.8
                    },
                    {
                      "ValueUnit": "cmol(+)/kg",
                      "Element": "CEC",
                      "Value": 38
                    },
                    {
                      "ValueUnit": "cmol(+)/kg",
                      "Element": "Ca",
                      "Value": 12
                    },
                    {
                      "ValueUnit": "cmol(+)/kg",
                      "Element": "Mg",
                      "Value": 10
                    },
                    {
                      "ValueUnit": "cmol(+)/kg",
                      "Element": "K",
                      "Value": 1.1
                    },
                    {
                      "ValueUnit": "cmol(+)/kg",
                      "Element": "Na",
                      "Value": 0.18
                    },
                    {
                      "ValueUnit": "%",
                      "Element": "TOC",
                      "Value": 3.5000000000000004
                    },
                    {
                      "ValueUnit": "%",
                      "Element": "TN",
                      "Value": 0.27
                    }
                  ]
                }
              ]
            },
            {
              "SampleMetaData": {
                "ReportID": 1,
                "SampleNumber": "TOKA-126",
                "Geometry": {
                  "wkt": "POINT(-122.3621152 37.2633452)"
                }
              },
              "Depths": [
                {
                  "DepthID": "1",
                  "NutrientResults": [
                    {
                      "ValueUnit": "g/cm3",
                      "Element": "Bulk-Density",
                      "Value": 1.05
                    },
                    {
                      "ValueUnit": "min",
                      "Element": "Permeability",
                      "Value": 2.13666666666667
                    },
                    {
                      "ValueUnit": "ug/g",
                      "Element": "P (Olsen)",
                      "ModusTestID": "S-P-BIC.04",
                      "Value": 8.6
                    },
                    {
                      "ValueUnit": "%",
                      "Element": "Sand",
                      "Value": 28.800000000000004
                    },
                    {
                      "ValueUnit": "%",
                      "Element": "Silt",
                      "Value": 36.2
                    },
                    {
                      "ValueUnit": "%",
                      "Element": "Clay",
                      "Value": 35
                    },
                    {
                      "Element": "pH",
                      "ValueUnit": "none",
                      "Value": 5.8
                    },
                    {
                      "ValueUnit": "cmol(+)/kg",
                      "Element": "CEC",
                      "Value": 43
                    },
                    {
                      "ValueUnit": "cmol(+)/kg",
                      "Element": "Ca",
                      "Value": 16
                    },
                    {
                      "ValueUnit": "cmol(+)/kg",
                      "Element": "Mg",
                      "Value": 10
                    },
                    {
                      "ValueUnit": "cmol(+)/kg",
                      "Element": "K",
                      "Value": 0.94
                    },
                    {
                      "ValueUnit": "cmol(+)/kg",
                      "Element": "Na",
                      "Value": 0.5
                    },
                    {
                      "ValueUnit": "%",
                      "Element": "TOC",
                      "Value": 4.8
                    },
                    {
                      "ValueUnit": "%",
                      "Element": "TN",
                      "Value": 0.42
                    }
                  ]
                }
              ]
            },
            {
              "SampleMetaData": {
                "ReportID": 1,
                "SampleNumber": "TOKA-129",
                "Geometry": {
                  "wkt": "POINT(-122.3621760 37.2561344)"
                }
              },
              "Depths": [
                {
                  "DepthID": "1",
                  "NutrientResults": [
                    {
                      "ValueUnit": "g/cm3",
                      "Element": "Bulk-Density",
                      "Value": 1.18
                    },
                    {
                      "ValueUnit": "min",
                      "Element": "Permeability",
                      "Value": 0.796666666666667
                    },
                    {
                      "ValueUnit": "ug/g",
                      "Element": "P (Olsen)",
                      "ModusTestID": "S-P-BIC.04",
                      "Value": 8.7
                    },
                    {
                      "ValueUnit": "%",
                      "Element": "Sand",
                      "Value": 22.5
                    },
                    {
                      "ValueUnit": "%",
                      "Element": "Silt",
                      "Value": 42.5
                    },
                    {
                      "ValueUnit": "%",
                      "Element": "Clay",
                      "Value": 35
                    },
                    {
                      "Element": "pH",
                      "ValueUnit": "none",
                      "Value": 5.6
                    },
                    {
                      "ValueUnit": "cmol(+)/kg",
                      "Element": "CEC",
                      "Value": 33
                    },
                    {
                      "ValueUnit": "cmol(+)/kg",
                      "Element": "Ca",
                      "Value": 12
                    },
                    {
                      "ValueUnit": "cmol(+)/kg",
                      "Element": "Mg",
                      "Value": 7
                    },
                    {
                      "ValueUnit": "cmol(+)/kg",
                      "Element": "K",
                      "Value": 0.84
                    },
                    {
                      "ValueUnit": "cmol(+)/kg",
                      "Element": "Na",
                      "Value": 0.3
                    },
                    {
                      "ValueUnit": "%",
                      "Element": "TOC",
                      "Value": 3.7000000000000006
                    },
                    {
                      "ValueUnit": "%",
                      "Element": "TN",
                      "Value": 0.35
                    }
                  ]
                }
              ]
            },
            {
              "SampleMetaData": {
                "ReportID": 1,
                "SampleNumber": "TOKA-135",
                "Geometry": {
                  "wkt": "POINT(-122.3597682 37.2741491)"
                }
              },
              "Depths": [
                {
                  "DepthID": "1",
                  "NutrientResults": [
                    {
                      "ValueUnit": "g/cm3",
                      "Element": "Bulk-Density",
                      "Value": 1.26
                    },
                    {
                      "ValueUnit": "min",
                      "Element": "Permeability",
                      "Value": 1.88
                    },
                    {
                      "ValueUnit": "ug/g",
                      "Element": "P (Olsen)",
                      "ModusTestID": "S-P-BIC.04",
                      "Value": 9.3
                    },
                    {
                      "ValueUnit": "%",
                      "Element": "Sand",
                      "Value": 30
                    },
                    {
                      "ValueUnit": "%",
                      "Element": "Silt",
                      "Value": 40
                    },
                    {
                      "ValueUnit": "%",
                      "Element": "Clay",
                      "Value": 30
                    },
                    {
                      "Element": "pH",
                      "ValueUnit": "none",
                      "Value": 5.8
                    },
                    {
                      "ValueUnit": "cmol(+)/kg",
                      "Element": "CEC",
                      "Value": 32
                    },
                    {
                      "ValueUnit": "cmol(+)/kg",
                      "Element": "Ca",
                      "Value": 12
                    },
                    {
                      "ValueUnit": "cmol(+)/kg",
                      "Element": "Mg",
                      "Value": 6
                    },
                    {
                      "ValueUnit": "cmol(+)/kg",
                      "Element": "K",
                      "Value": 0.92
                    },
                    {
                      "ValueUnit": "cmol(+)/kg",
                      "Element": "Na",
                      "Value": 0.3
                    },
                    {
                      "ValueUnit": "%",
                      "Element": "TOC",
                      "Value": 3.2
                    },
                    {
                      "ValueUnit": "%",
                      "Element": "TN",
                      "Value": 0.29
                    }
                  ]
                }
              ]
            },
            {
              "SampleMetaData": {
                "ReportID": 1,
                "SampleNumber": "TOKA-137",
                "Geometry": {
                  "wkt": "POINT(-122.3574971 37.2759396)"
                }
              },
              "Depths": [
                {
                  "DepthID": "1",
                  "NutrientResults": [
                    {
                      "ValueUnit": "g/cm3",
                      "Element": "Bulk-Density",
                      "Value": 1.27
                    },
                    {
                      "ValueUnit": "min",
                      "Element": "Permeability",
                      "Value": 2.76666666666667
                    },
                    {
                      "ValueUnit": "ug/g",
                      "Element": "P (Olsen)",
                      "ModusTestID": "S-P-BIC.04",
                      "Value": 7.5
                    },
                    {
                      "ValueUnit": "%",
                      "Element": "Sand",
                      "Value": 38.8
                    },
                    {
                      "ValueUnit": "%",
                      "Element": "Silt",
                      "Value": 31.2
                    },
                    {
                      "ValueUnit": "%",
                      "Element": "Clay",
                      "Value": 30
                    },
                    {
                      "Element": "pH",
                      "ValueUnit": "none",
                      "Value": 5.6
                    },
                    {
                      "ValueUnit": "cmol(+)/kg",
                      "Element": "CEC",
                      "Value": 41
                    },
                    {
                      "ValueUnit": "cmol(+)/kg",
                      "Element": "Ca",
                      "Value": 15.000000000000002
                    },
                    {
                      "ValueUnit": "cmol(+)/kg",
                      "Element": "Mg",
                      "Value": 7.8
                    },
                    {
                      "ValueUnit": "cmol(+)/kg",
                      "Element": "K",
                      "Value": 0.67
                    },
                    {
                      "ValueUnit": "cmol(+)/kg",
                      "Element": "Na",
                      "Value": 0.37
                    },
                    {
                      "ValueUnit": "%",
                      "Element": "TOC",
                      "Value": 4
                    },
                    {
                      "ValueUnit": "%",
                      "Element": "TN",
                      "Value": 0.28
                    }
                  ]
                }
              ]
            },
            {
              "SampleMetaData": {
                "ReportID": 1,
                "SampleNumber": "TOKA-169",
                "Geometry": {
                  "wkt": "POINT(-122.3440091 37.2704573)"
                }
              },
              "Depths": [
                {
                  "DepthID": "1",
                  "NutrientResults": [
                    {
                      "ValueUnit": "g/cm3",
                      "Element": "Bulk-Density",
                      "Value": 1.13
                    },
                    {
                      "ValueUnit": "min",
                      "Element": "Permeability",
                      "Value": 6.19333333333333
                    },
                    {
                      "ValueUnit": "ug/g",
                      "Element": "P (Olsen)",
                      "ModusTestID": "S-P-BIC.04",
                      "Value": 12
                    },
                    {
                      "ValueUnit": "%",
                      "Element": "Sand",
                      "Value": 26.2
                    },
                    {
                      "ValueUnit": "%",
                      "Element": "Silt",
                      "Value": 35
                    },
                    {
                      "ValueUnit": "%",
                      "Element": "Clay",
                      "Value": 38.8
                    },
                    {
                      "Element": "pH",
                      "ValueUnit": "none",
                      "Value": 5.2
                    },
                    {
                      "ValueUnit": "cmol(+)/kg",
                      "Element": "CEC",
                      "Value": 32
                    },
                    {
                      "ValueUnit": "cmol(+)/kg",
                      "Element": "Ca",
                      "Value": 10
                    },
                    {
                      "ValueUnit": "cmol(+)/kg",
                      "Element": "Mg",
                      "Value": 8.4
                    },
                    {
                      "ValueUnit": "cmol(+)/kg",
                      "Element": "K",
                      "Value": 1.2
                    },
                    {
                      "ValueUnit": "cmol(+)/kg",
                      "Element": "Na",
                      "Value": 0.27
                    },
                    {
                      "ValueUnit": "%",
                      "Element": "TOC",
                      "Value": 3.4000000000000004
                    },
                    {
                      "ValueUnit": "%",
                      "Element": "TN",
                      "Value": 0.33
                    }
                  ]
                }
              ]
            },
            {
              "SampleMetaData": {
                "ReportID": 1,
                "SampleNumber": "TOKA-170",
                "Geometry": {
                  "wkt": "POINT(-122.3440247 37.2686546)"
                }
              },
              "Depths": [
                {
                  "DepthID": "1",
                  "NutrientResults": [
                    {
                      "ValueUnit": "g/cm3",
                      "Element": "Bulk-Density",
                      "Value": 1.3
                    },
                    {
                      "ValueUnit": "min",
                      "Element": "Permeability",
                      "Value": 0.47666666666666707
                    },
                    {
                      "ValueUnit": "ug/g",
                      "Element": "P (Olsen)",
                      "ModusTestID": "S-P-BIC.04",
                      "Value": 5.4
                    },
                    {
                      "ValueUnit": "%",
                      "Element": "Sand",
                      "Value": 36.2
                    },
                    {
                      "ValueUnit": "%",
                      "Element": "Silt",
                      "Value": 33.8
                    },
                    {
                      "ValueUnit": "%",
                      "Element": "Clay",
                      "Value": 30
                    },
                    {
                      "Element": "pH",
                      "ValueUnit": "none",
                      "Value": 5.4
                    },
                    {
                      "ValueUnit": "cmol(+)/kg",
                      "Element": "CEC",
                      "Value": 33
                    },
                    {
                      "ValueUnit": "cmol(+)/kg",
                      "Element": "Ca",
                      "Value": 13
                    },
                    {
                      "ValueUnit": "cmol(+)/kg",
                      "Element": "Mg",
                      "Value": 7.700000000000001
                    },
                    {
                      "ValueUnit": "cmol(+)/kg",
                      "Element": "K",
                      "Value": 0.81
                    },
                    {
                      "ValueUnit": "cmol(+)/kg",
                      "Element": "Na",
                      "Value": 0.31
                    },
                    {
                      "ValueUnit": "%",
                      "Element": "TOC",
                      "Value": 3.2
                    },
                    {
                      "ValueUnit": "%",
                      "Element": "TN",
                      "Value": 0.27
                    }
                  ]
                }
              ]
            }
          ],
          "DepthRefs": [
            {
              "StartingDepth": 0,
              "EndingDepth": 10,
              "ColumnDepth": 10,
              "DepthUnit": "cm",
              "Name": "0 to 10 cm",
              "DepthID": 1
            }
          ]
        }
      },
      "LabMetaData": {
        "LabName": "TomKat Ranch",
        "LabEventID": "Unknown Lab Event ID",
        "ProcessedDate": "2015-01-19",
        "ReceivedDate": "2015-01-19",
        "Reports": [
          {
            "LabReportID": "Report 1",
            "ReportID": 1,
            "FileDescription": "2015_RMN 0-10cm_2"
          }
        ],
        "ClientAccount": {
          "AccountNumber": "Unknown Client Account",
          "Company": "Unknown Client Company",
          "Name": "Unknown Client Name",
          "City": "Unknown Client City",
          "State": "Unknown Client State",
          "Zip": "Unknown Client Zip"
        }
      },
      "FMISMetaData": {
        "FMISProfile": {
          "Grower": "Unknown Grower",
          "Farm": "Unknown Farm",
          "Field": "Unknown Field",
          "Sub-Field": "Unknown Sub-Field"
        }
      }
    }
  ]
}