{
  "Events": [
    {
      "EventMetaData": {
        "EventDate": "2018-01-30",
        "EventType": {
          "Soil": true
        }
      },
      "EventSamples": {
        "Soil": {
          "SoilSamples": [
            {
              "SampleMetaData": {
                "ReportID": 1,
                "SampleNumber": "TOKA-041",
                "Geometry": {
                  "wkt": "POINT(-122.3599055 37.2579249)"
                }
              },
              "Depths": [
                {
                  "DepthID": "1",
                  "NutrientResults": [
                    {
                      "ValueUnit": "g/cm3",
                      "Element": "Bulk-Density",
                      "Value": 1.12602479178629
                    },
                    {
                      "ValueUnit": "min",
                      "Element": "Permeability",
                      "Value": 0.7466666666666671
                    },
                    {
                      "ValueUnit": "ug/g",
                      "Element": "P (Olsen)",
                      "ModusTestID": "S-P-BIC.04",
                      "Value": 8.5
                    },
                    {
                      "Element": "pH",
                      "ValueUnit": "none",
                      "Value": 6.1
                    },
                    {
                      "ValueUnit": "cmol(+)/kg",
                      "Element": "CEC",
                      "Value": 21.6
                    },
                    {
                      "ValueUnit": "cmol(+)/kg",
                      "Element": "Ca",
                      "Value": 8.78
                    },
                    {
                      "ValueUnit": "cmol(+)/kg",
                      "Element": "Mg",
                      "Value": 5.141666666666667
                    },
                    {
                      "ValueUnit": "cmol(+)/kg",
                      "Element": "K",
                      "Value": 0.6666666666666666
                    },
                    {
                      "ValueUnit": "cmol(+)/kg",
                      "Element": "Na",
                      "Value": 0.2
                    },
                    {
                      "ValueUnit": "%",
                      "Element": "TOC",
                      "Value": 3
                    },
                    {
                      "ValueUnit": "%",
                      "Element": "TN",
                      "Value": 0.31521
                    }
                  ]
                }
              ]
            },
            {
              "SampleMetaData": {
                "ReportID": 1,
                "SampleNumber": "TOKA-055",
                "Geometry": {
                  "wkt": "POINT(-122.3554103 37.2560978)"
                }
              },
              "Depths": [
                {
                  "DepthID": "1",
                  "NutrientResults": [
                    {
                      "ValueUnit": "g/cm3",
                      "Element": "Bulk-Density",
                      "Value": 1.2064810573083
                    },
                    {
                      "ValueUnit": "min",
                      "Element": "Permeability",
                      "Value": 1.54333333333333
                    },
                    {
                      "ValueUnit": "ug/g",
                      "Element": "P (Olsen)",
                      "ModusTestID": "S-P-BIC.04",
                      "Value": 12.8
                    },
                    {
                      "Element": "pH",
                      "ValueUnit": "none",
                      "Value": 5.7
                    },
                    {
                      "ValueUnit": "cmol(+)/kg",
                      "Element": "CEC",
                      "Value": 23
                    },
                    {
                      "ValueUnit": "cmol(+)/kg",
                      "Element": "Ca",
                      "Value": 6.935
                    },
                    {
                      "ValueUnit": "cmol(+)/kg",
                      "Element": "Mg",
                      "Value": 4.433333333333334
                    },
                    {
                      "ValueUnit": "cmol(+)/kg",
                      "Element": "K",
                      "Value": 0.7512820512820513
                    },
                    {
                      "ValueUnit": "cmol(+)/kg",
                      "Element": "Na",
                      "Value": 0.18695652173913044
                    },
                    {
                      "ValueUnit": "%",
                      "Element": "TOC",
                      "Value": 3.4000000000000004
                    },
                    {
                      "ValueUnit": "%",
                      "Element": "TN",
                      "Value": 0.36933
                    }
                  ]
                }
              ]
            },
            {
              "SampleMetaData": {
                "ReportID": 1,
                "SampleNumber": "TOKA-154",
                "Geometry": {
                  "wkt": "POINT(-122.3508689 37.2596785)"
                }
              },
              "Depths": [
                {
                  "DepthID": "1",
                  "NutrientResults": [
                    {
                      "ValueUnit": "g/cm3",
                      "Element": "Bulk-Density",
                      "Value": 1.04770171329431
                    },
                    {
                      "ValueUnit": "min",
                      "Element": "Permeability",
                      "Value": 3.30333333333333
                    },
                    {
                      "ValueUnit": "%",
                      "Element": "TOC",
                      "Value": 2.1
                    },
                    {
                      "ValueUnit": "%",
                      "Element": "TN",
                      "Value": 0.27575
                    }
                  ]
                }
              ]
            }
          ],
          "DepthRefs": [
            {
              "StartingDepth": 0,
              "EndingDepth": 10,
              "ColumnDepth": 10,
              "DepthUnit": "cm",
              "Name": "0 to 10 cm",
              "DepthID": 1
            }
          ]
        }
      },
      "LabMetaData": {
        "LabName": "TomKat Ranch",
        "LabEventID": "Unknown Lab Event ID",
        "ProcessedDate": "2018-01-30",
        "ReceivedDate": "2018-01-30",
        "Reports": [
          {
            "LabReportID": "Report 1",
            "ReportID": 1,
            "FileDescription": "2018_RMN 0-10cm_8"
          }
        ],
        "ClientAccount": {
          "AccountNumber": "Unknown Client Account",
          "Company": "Unknown Client Company",
          "Name": "Unknown Client Name",
          "City": "Unknown Client City",
          "State": "Unknown Client State",
          "Zip": "Unknown Client Zip"
        }
      },
      "FMISMetaData": {
        "FMISProfile": {
          "Grower": "Unknown Grower",
          "Farm": "Unknown Farm",
          "Field": "Unknown Field",
          "Sub-Field": "Unknown Sub-Field"
        }
      }
    }
  ]
}