{
  "Events": [
    {
      "EventMetaData": {
        "EventDate": "2018-02-15",
        "EventType": {
          "Soil": true
        }
      },
      "EventSamples": {
        "Soil": {
          "SoilSamples": [
            {
              "SampleMetaData": {
                "ReportID": 1,
                "SampleNumber": "TOKA-115",
                "Geometry": {
                  "wkt": "POINT(-122.3688365 37.2687895)"
                }
              },
              "Depths": [
                {
                  "DepthID": "1",
                  "NutrientResults": [
                    {
                      "ValueUnit": "ug/g",
                      "Element": "P (Olsen)",
                      "ModusTestID": "S-P-BIC.04",
                      "Value": 4.8
                    },
                    {
                      "ValueUnit": "%",
                      "Element": "Sand",
                      "Value": 37.5
                    },
                    {
                      "ValueUnit": "%",
                      "Element": "Silt",
                      "Value": 30
                    },
                    {
                      "ValueUnit": "%",
                      "Element": "Clay",
                      "Value": 32.5
                    },
                    {
                      "Element": "pH",
                      "ValueUnit": "none",
                      "Value": 5.9
                    },
                    {
                      "ValueUnit": "cmol(+)/kg",
                      "Element": "CEC",
                      "Value": 26.899999999999995
                    },
                    {
                      "ValueUnit": "cmol(+)/kg",
                      "Element": "Ca",
                      "Value": 7.42
                    },
                    {
                      "ValueUnit": "cmol(+)/kg",
                      "Element": "Mg",
                      "Value": 8.85
                    },
                    {
                      "ValueUnit": "cmol(+)/kg",
                      "Element": "K",
                      "Value": 0.6205128205128205
                    },
                    {
                      "ValueUnit": "cmol(+)/kg",
                      "Element": "Na",
                      "Value": 0.3739130434782609
                    },
                    {
                      "ValueUnit": "%",
                      "Element": "TOC",
                      "Value": 1.7000000000000002
                    }
                  ]
                }
              ]
            }
          ],
          "DepthRefs": [
            {
              "StartingDepth": 10,
              "EndingDepth": 40,
              "ColumnDepth": 30,
              "DepthUnit": "cm",
              "Name": "10 to 40 cm",
              "DepthID": 1
            }
          ]
        }
      },
      "LabMetaData": {
        "LabName": "TomKat Ranch",
        "LabEventID": "Unknown Lab Event ID",
        "ProcessedDate": "2018-02-15",
        "ReceivedDate": "2018-02-15",
        "Reports": [
          {
            "LabReportID": "Report 1",
            "ReportID": 1,
            "FileDescription": "2018_RMN 10-40cm_15"
          }
        ],
        "ClientAccount": {
          "AccountNumber": "Unknown Client Account",
          "Company": "Unknown Client Company",
          "Name": "Unknown Client Name",
          "City": "Unknown Client City",
          "State": "Unknown Client State",
          "Zip": "Unknown Client Zip"
        }
      },
      "FMISMetaData": {
        "FMISProfile": {
          "Grower": "Unknown Grower",
          "Farm": "Unknown Farm",
          "Field": "Unknown Field",
          "Sub-Field": "Unknown Sub-Field"
        }
      }
    }
  ]
}