{
  "Events": [
    {
      "LabMetaData": {
        "Reports": [
          {
            "ReportID": "1",
            "FileDescription": "2018_RMN 0-10cm_12"
          }
        ]
      },
      "EventMetaData": {
        "EventDate": "2018-01-15",
        "EventType": {
          "Soil": true
        }
      },
      "EventSamples": {
        "Soil": {
          "DepthRefs": [
            {
              "DepthUnit": "cm",
              "StartingDepth": 0,
              "EndingDepth": 10,
              "Name": "0 to 10",
              "ColumnDepth": 10,
              "DepthID": 1
            }
          ],
          "SoilSamples": [
            {
              "SampleMetaData": {
                "SampleNumber": "0",
                "ReportID": "1",
                "FMISSampleID": "TOKA-071",
                "Geometry": {
                  "wkt": "POINT(-122.3508225 37.2650866)"
                }
              },
              "Depths": [
                {
                  "DepthID": "1",
                  "NutrientResults": [
                    {
                      "Element": "Bulk Density",
                      "ValueUnit": "g/cm3",
                      "Value": 0.733412227793711
                    },
                    {
                      "Element": "TOC",
                      "ValueUnit": "%",
                      "Value": 8.1
                    },
                    {
                      "Element": "TN",
                      "ValueUnit": "%",
                      "Value": 0.58308
                    }
                  ]
                }
              ]
            },
            {
              "SampleMetaData": {
                "SampleNumber": "1",
                "ReportID": "1",
                "FMISSampleID": "TOKA-072",
                "Geometry": {
                  "wkt": "POINT(-122.3508070 37.2668893)"
                }
              },
              "Depths": [
                {
                  "DepthID": "1",
                  "NutrientResults": [
                    {
                      "Element": "Bulk Density",
                      "ValueUnit": "g/cm3",
                      "Value": 1.04509094401125
                    },
                    {
                      "Element": "TOC",
                      "ValueUnit": "%",
                      "Value": 4.4
                    },
                    {
                      "Element": "TN",
                      "ValueUnit": "%",
                      "Value": 0.372665
                    }
                  ]
                }
              ]
            },
            {
              "SampleMetaData": {
                "SampleNumber": "2",
                "ReportID": "1",
                "FMISSampleID": "TOKA-091",
                "Geometry": {
                  "wkt": "POINT(-122.3439934 37.2722600)"
                }
              },
              "Depths": [
                {
                  "DepthID": "1",
                  "NutrientResults": [
                    {
                      "Element": "Bulk Density",
                      "ValueUnit": "g/cm3",
                      "Value": 0.903949779459791
                    },
                    {
                      "Element": "TOC",
                      "ValueUnit": "%",
                      "Value": 3.7
                    },
                    {
                      "Element": "TN",
                      "ValueUnit": "%",
                      "Value": 0.34822
                    }
                  ]
                }
              ]
            }
          ]
        }
      }
    }
  ]
}