{
  "Events": [
    {
      "LabMetaData": {
        "Reports": [
          {
            "ReportID": "1",
            "FileDescription": "2016_Intern Project 100cm_1"
          }
        ]
      },
      "EventMetaData": {
        "EventDate": "2016-08-09",
        "EventType": {
          "Soil": true
        }
      },
      "EventSamples": {
        "Soil": {
          "DepthRefs": [
            {
              "DepthUnit": "cm",
              "StartingDepth": 100,
              "Name": "100",
              "EndingDepth": 100,
              "ColumnDepth": 0,
              "DepthID": 1
            }
          ],
          "SoilSamples": [
            {
              "SampleMetaData": {
                "SampleNumber": "0",
                "ReportID": "1",
                "FMISSampleID": "FRONT FIELD"
              },
              "Depths": [
                {
                  "DepthID": "1",
                  "NutrientResults": [
                    {
                      "Element": "OM",
                      "ValueUnit": "%",
                      "Value": 3
                    },
                    {
                      "Element": "TN (W)",
                      "ValueUnit": "ppm",
                      "Value": 15.9
                    },
                    {
                      "Element": "NO3-N",
                      "ValueUnit": "ppm",
                      "Value": 0.6
                    },
                    {
                      "Element": "K",
                      "ValueUnit": "ppm",
                      "Value": 45
                    },
                    {
                      "Element": "Ca",
                      "ValueUnit": "ppm",
                      "Value": 212
                    },
                    {
                      "Element": "Fe",
                      "ValueUnit": "ppm",
                      "Value": 291.7
                    }
                  ]
                }
              ]
            },
            {
              "SampleMetaData": {
                "SampleNumber": "1",
                "ReportID": "1",
                "FMISSampleID": "TOKA-022",
                "Geometry": {
                  "wkt": "POINT(-122.3665960 37.2669748)"
                }
              },
              "Depths": [
                {
                  "DepthID": "1",
                  "NutrientResults": [
                    {
                      "Element": "OM",
                      "ValueUnit": "%",
                      "Value": 3.5
                    },
                    {
                      "Element": "TN (W)",
                      "ValueUnit": "ppm",
                      "Value": 15.6
                    },
                    {
                      "Element": "NO3-N",
                      "ValueUnit": "ppm",
                      "Value": 0.7
                    },
                    {
                      "Element": "K",
                      "ValueUnit": "ppm",
                      "Value": 55
                    },
                    {
                      "Element": "Ca",
                      "ValueUnit": "ppm",
                      "Value": 157
                    },
                    {
                      "Element": "Fe",
                      "ValueUnit": "ppm",
                      "Value": 581.7
                    }
                  ]
                }
              ]
            },
            {
              "SampleMetaData": {
                "SampleNumber": "2",
                "ReportID": "1",
                "FMISSampleID": "TOKA-104",
                "Geometry": {
                  "wkt": "POINT(-122.3801294 37.2670464)"
                }
              },
              "Depths": [
                {
                  "DepthID": "1",
                  "NutrientResults": [
                    {
                      "Element": "OM",
                      "ValueUnit": "%",
                      "Value": 1.7
                    },
                    {
                      "Element": "TN (W)",
                      "ValueUnit": "ppm",
                      "Value": 10
                    },
                    {
                      "Element": "NO3-N",
                      "ValueUnit": "ppm",
                      "Value": 0.3
                    },
                    {
                      "Element": "K",
                      "ValueUnit": "ppm",
                      "Value": 53
                    },
                    {
                      "Element": "Ca",
                      "ValueUnit": "ppm",
                      "Value": 96
                    },
                    {
                      "Element": "Fe",
                      "ValueUnit": "ppm",
                      "Value": 602.9
                    }
                  ]
                }
              ]
            },
            {
              "SampleMetaData": {
                "SampleNumber": "3",
                "ReportID": "1",
                "FMISSampleID": "TOKA-007",
                "Geometry": {
                  "wkt": "POINT(-122.3801146 37.2688491)"
                }
              },
              "Depths": [
                {
                  "DepthID": "1",
                  "NutrientResults": [
                    {
                      "Element": "OM",
                      "ValueUnit": "%",
                      "Value": 1.7
                    },
                    {
                      "Element": "TN (W)",
                      "ValueUnit": "ppm",
                      "Value": 7.9
                    },
                    {
                      "Element": "NO3-N",
                      "ValueUnit": "ppm",
                      "Value": 0.2
                    },
                    {
                      "Element": "K",
                      "ValueUnit": "ppm",
                      "Value": 67
                    },
                    {
                      "Element": "Ca",
                      "ValueUnit": "ppm",
                      "Value": 54
                    },
                    {
                      "Element": "Fe",
                      "ValueUnit": "ppm",
                      "Value": 638.2
                    }
                  ]
                }
              ]
            },
            {
              "SampleMetaData": {
                "SampleNumber": "4",
                "ReportID": "1",
                "FMISSampleID": "TOKA-060",
                "Geometry": {
                  "wkt": "POINT(-122.3552566 37.2741247)"
                }
              },
              "Depths": [
                {
                  "DepthID": "1",
                  "NutrientResults": [
                    {
                      "Element": "OM",
                      "ValueUnit": "%",
                      "Value": 3.3
                    },
                    {
                      "Element": "TN (W)",
                      "ValueUnit": "ppm",
                      "Value": 12.9
                    },
                    {
                      "Element": "NO3-N",
                      "ValueUnit": "ppm",
                      "Value": 0.6
                    },
                    {
                      "Element": "K",
                      "ValueUnit": "ppm",
                      "Value": 27
                    },
                    {
                      "Element": "Ca",
                      "ValueUnit": "ppm",
                      "Value": 99
                    },
                    {
                      "Element": "Fe",
                      "ValueUnit": "ppm",
                      "Value": 143.1
                    }
                  ]
                }
              ]
            },
            {
              "SampleMetaData": {
                "SampleNumber": "5",
                "ReportID": "1",
                "FMISSampleID": "TOKA-064",
                "Geometry": {
                  "wkt": "POINT(-122.3530163 37.2723097)"
                }
              },
              "Depths": [
                {
                  "DepthID": "1",
                  "NutrientResults": [
                    {
                      "Element": "OM",
                      "ValueUnit": "%",
                      "Value": 3.4
                    },
                    {
                      "Element": "TN (W)",
                      "ValueUnit": "ppm",
                      "Value": 33.9
                    },
                    {
                      "Element": "NO3-N",
                      "ValueUnit": "ppm",
                      "Value": 0.9
                    },
                    {
                      "Element": "K",
                      "ValueUnit": "ppm",
                      "Value": 242
                    },
                    {
                      "Element": "Ca",
                      "ValueUnit": "ppm",
                      "Value": 360
                    },
                    {
                      "Element": "Fe",
                      "ValueUnit": "ppm",
                      "Value": 1724
                    }
                  ]
                }
              ]
            },
            {
              "SampleMetaData": {
                "SampleNumber": "6",
                "ReportID": "1",
                "FMISSampleID": "TOKA-068",
                "Geometry": {
                  "wkt": "POINT(-122.3531397 37.2578881)"
                }
              },
              "Depths": [
                {
                  "DepthID": "1",
                  "NutrientResults": [
                    {
                      "Element": "OM",
                      "ValueUnit": "%",
                      "Value": 2.9
                    },
                    {
                      "Element": "TN (W)",
                      "ValueUnit": "ppm",
                      "Value": 10.7
                    },
                    {
                      "Element": "NO3-N",
                      "ValueUnit": "ppm",
                      "Value": 0.6
                    },
                    {
                      "Element": "K",
                      "ValueUnit": "ppm",
                      "Value": 49
                    },
                    {
                      "Element": "Ca",
                      "ValueUnit": "ppm",
                      "Value": 203
                    },
                    {
                      "Element": "Fe",
                      "ValueUnit": "ppm",
                      "Value": 530.3
                    }
                  ]
                }
              ]
            },
            {
              "SampleMetaData": {
                "SampleNumber": "7",
                "ReportID": "1",
                "FMISSampleID": "PRB0"
              },
              "Depths": [
                {
                  "DepthID": "1",
                  "NutrientResults": [
                    {
                      "Element": "OM",
                      "ValueUnit": "%",
                      "Value": 3.7
                    },
                    {
                      "Element": "TN (W)",
                      "ValueUnit": "ppm",
                      "Value": 21.6
                    },
                    {
                      "Element": "NO3-N",
                      "ValueUnit": "ppm",
                      "Value": 1.3
                    },
                    {
                      "Element": "K",
                      "ValueUnit": "ppm",
                      "Value": 118
                    },
                    {
                      "Element": "Ca",
                      "ValueUnit": "ppm",
                      "Value": 275
                    },
                    {
                      "Element": "Fe",
                      "ValueUnit": "ppm",
                      "Value": 486.4
                    }
                  ]
                }
              ]
            }
          ]
        }
      }
    }
  ]
}