{
  "Events": [
    {
      "LabMetaData": {
        "Reports": [
          {
            "ReportID": "1",
            "FileDescription": "2018_RMN 10-40cm_12"
          }
        ]
      },
      "EventMetaData": {
        "EventDate": "2018-01-15",
        "EventType": {
          "Soil": true
        }
      },
      "EventSamples": {
        "Soil": {
          "DepthRefs": [
            {
              "DepthUnit": "cm",
              "StartingDepth": 10,
              "EndingDepth": 40,
              "Name": "10 to 40",
              "ColumnDepth": 30,
              "DepthID": 1
            }
          ],
          "SoilSamples": [
            {
              "SampleMetaData": {
                "SampleNumber": "0",
                "ReportID": "1",
                "FMISSampleID": "TOKA-071",
                "Geometry": {
                  "wkt": "POINT(-122.3508225 37.2650866)"
                }
              },
              "Depths": [
                {
                  "DepthID": "1",
                  "NutrientResults": [
                    {
                      "Element": "Sand",
                      "ValueUnit": "%",
                      "Value": 25
                    },
                    {
                      "Element": "Silt",
                      "ValueUnit": "%",
                      "Value": 38.8
                    },
                    {
                      "Element": "Clay",
                      "ValueUnit": "%",
                      "Value": 36.2
                    },
                    {
                      "Element": "TOC",
                      "ValueUnit": "%",
                      "Value": 3.4
                    },
                    {
                      "Element": "TN",
                      "ValueUnit": "%",
                      "Value": 0.36395
                    }
                  ]
                }
              ]
            },
            {
              "SampleMetaData": {
                "SampleNumber": "1",
                "ReportID": "1",
                "FMISSampleID": "TOKA-072",
                "Geometry": {
                  "wkt": "POINT(-122.3508070 37.2668893)"
                }
              },
              "Depths": [
                {
                  "DepthID": "1",
                  "NutrientResults": [
                    {
                      "Element": "Sand",
                      "ValueUnit": "%",
                      "Value": 28.8
                    },
                    {
                      "Element": "Silt",
                      "ValueUnit": "%",
                      "Value": 37.5
                    },
                    {
                      "Element": "Clay",
                      "ValueUnit": "%",
                      "Value": 33.8
                    },
                    {
                      "Element": "TOC",
                      "ValueUnit": "%",
                      "Value": 2.8
                    },
                    {
                      "Element": "TN",
                      "ValueUnit": "%",
                      "Value": 0.29683
                    }
                  ]
                }
              ]
            },
            {
              "SampleMetaData": {
                "SampleNumber": "2",
                "ReportID": "1",
                "FMISSampleID": "TOKA-091",
                "Geometry": {
                  "wkt": "POINT(-122.3439934 37.2722600)"
                }
              },
              "Depths": [
                {
                  "DepthID": "1",
                  "NutrientResults": [
                    {
                      "Element": "Sand",
                      "ValueUnit": "%",
                      "Value": 28.8
                    },
                    {
                      "Element": "Silt",
                      "ValueUnit": "%",
                      "Value": 37.5
                    },
                    {
                      "Element": "Clay",
                      "ValueUnit": "%",
                      "Value": 33.8
                    },
                    {
                      "Element": "TOC",
                      "ValueUnit": "%",
                      "Value": 2
                    },
                    {
                      "Element": "TN",
                      "ValueUnit": "%",
                      "Value": 0.26606
                    }
                  ]
                }
              ]
            }
          ]
        }
      }
    }
  ]
}