{
  "Events": [
    {
      "LabMetaData": {
        "Reports": [
          {
            "ReportID": "1",
            "FileDescription": "2018_RMN 10-40cm_5"
          }
        ]
      },
      "EventMetaData": {
        "EventDate": "2018-02-04",
        "EventType": {
          "Soil": true
        }
      },
      "EventSamples": {
        "Soil": {
          "DepthRefs": [
            {
              "DepthUnit": "cm",
              "StartingDepth": 10,
              "EndingDepth": 40,
              "Name": "10 to 40",
              "ColumnDepth": 30,
              "DepthID": 1
            }
          ],
          "SoilSamples": [
            {
              "SampleMetaData": {
                "SampleNumber": "0",
                "ReportID": "1",
                "FMISSampleID": "TOKA-022",
                "Geometry": {
                  "wkt": "POINT(-122.3665960 37.2669748)"
                }
              },
              "Depths": [
                {
                  "DepthID": "1",
                  "NutrientResults": [
                    {
                      "Element": "P",
                      "ValueUnit": "ug/g",
                      "Value": 11.3
                    },
                    {
                      "Element": "Sand",
                      "ValueUnit": "%",
                      "Value": 25
                    },
                    {
                      "Element": "Silt",
                      "ValueUnit": "%",
                      "Value": 36.2
                    },
                    {
                      "Element": "Clay",
                      "ValueUnit": "%",
                      "Value": 38.8
                    },
                    {
                      "Element": "pH",
                      "ValueUnit": "none",
                      "Value": 5.9
                    },
                    {
                      "Element": "CEC",
                      "ValueUnit": "cmol(+)/kg",
                      "Value": 33.9
                    },
                    {
                      "Element": "Ca",
                      "ValueUnit": "cmol(+)/kg",
                      "Value": 12.05
                    },
                    {
                      "Element": "Mg",
                      "ValueUnit": "cmol(+)/kg",
                      "Value": 12.333333333333334
                    },
                    {
                      "Element": "K",
                      "ValueUnit": "cmol(+)/kg",
                      "Value": 0.6743589743589744
                    },
                    {
                      "Element": "Na",
                      "ValueUnit": "cmol(+)/kg",
                      "Value": 0.5956521739130435
                    },
                    {
                      "Element": "TOC",
                      "ValueUnit": "%",
                      "Value": 2.1
                    },
                    {
                      "Element": "TN",
                      "ValueUnit": "%",
                      "Value": 0.2265
                    }
                  ]
                }
              ]
            },
            {
              "SampleMetaData": {
                "SampleNumber": "1",
                "ReportID": "1",
                "FMISSampleID": "TOKA-030",
                "Geometry": {
                  "wkt": "POINT(-122.3643404 37.2669627)"
                }
              },
              "Depths": [
                {
                  "DepthID": "1",
                  "NutrientResults": [
                    {
                      "Element": "P",
                      "ValueUnit": "ug/g",
                      "Value": 3.9
                    },
                    {
                      "Element": "Sand",
                      "ValueUnit": "%",
                      "Value": 20
                    },
                    {
                      "Element": "Silt",
                      "ValueUnit": "%",
                      "Value": 45
                    },
                    {
                      "Element": "Clay",
                      "ValueUnit": "%",
                      "Value": 35
                    },
                    {
                      "Element": "pH",
                      "ValueUnit": "none",
                      "Value": 5.8
                    },
                    {
                      "Element": "CEC",
                      "ValueUnit": "cmol(+)/kg",
                      "Value": 22.2
                    },
                    {
                      "Element": "Ca",
                      "ValueUnit": "cmol(+)/kg",
                      "Value": 6.01
                    },
                    {
                      "Element": "Mg",
                      "ValueUnit": "cmol(+)/kg",
                      "Value": 6.083333333333333
                    },
                    {
                      "Element": "K",
                      "ValueUnit": "cmol(+)/kg",
                      "Value": 0.7
                    },
                    {
                      "Element": "Na",
                      "ValueUnit": "cmol(+)/kg",
                      "Value": 0.3173913043478261
                    },
                    {
                      "Element": "TOC",
                      "ValueUnit": "%",
                      "Value": 2.5
                    },
                    {
                      "Element": "TN",
                      "ValueUnit": "%",
                      "Value": 0.22944
                    }
                  ]
                }
              ]
            },
            {
              "SampleMetaData": {
                "SampleNumber": "2",
                "ReportID": "1",
                "FMISSampleID": "TOKA-119",
                "Geometry": {
                  "wkt": "POINT(-122.3642949 37.2723708)"
                }
              },
              "Depths": [
                {
                  "DepthID": "1",
                  "NutrientResults": [
                    {
                      "Element": "P",
                      "ValueUnit": "ug/g",
                      "Value": 6.1
                    },
                    {
                      "Element": "Sand",
                      "ValueUnit": "%",
                      "Value": 23.8
                    },
                    {
                      "Element": "Silt",
                      "ValueUnit": "%",
                      "Value": 42.5
                    },
                    {
                      "Element": "Clay",
                      "ValueUnit": "%",
                      "Value": 33.8
                    },
                    {
                      "Element": "pH",
                      "ValueUnit": "none",
                      "Value": 6
                    },
                    {
                      "Element": "CEC",
                      "ValueUnit": "cmol(+)/kg",
                      "Value": 29.2
                    },
                    {
                      "Element": "Ca",
                      "ValueUnit": "cmol(+)/kg",
                      "Value": 9.03
                    },
                    {
                      "Element": "Mg",
                      "ValueUnit": "cmol(+)/kg",
                      "Value": 9.975
                    },
                    {
                      "Element": "K",
                      "ValueUnit": "cmol(+)/kg",
                      "Value": 0.5435897435897435
                    },
                    {
                      "Element": "Na",
                      "ValueUnit": "cmol(+)/kg",
                      "Value": 0.3826086956521739
                    },
                    {
                      "Element": "TOC",
                      "ValueUnit": "%",
                      "Value": 2
                    },
                    {
                      "Element": "TN",
                      "ValueUnit": "%",
                      "Value": 0.20459
                    }
                  ]
                }
              ]
            }
          ]
        }
      }
    }
  ]
}