{
  "Events": [
    {
      "LabMetaData": {
        "Reports": [
          {
            "ReportID": "1",
            "FileDescription": "2015_RMN 0-10cm_3"
          }
        ]
      },
      "EventMetaData": {
        "EventDate": "NA",
        "EventType": {
          "Soil": true
        }
      },
      "EventSamples": {
        "Soil": {
          "DepthRefs": [
            {
              "DepthUnit": "cm",
              "StartingDepth": 0,
              "EndingDepth": 10,
              "Name": "0 to 10",
              "ColumnDepth": 10,
              "DepthID": 1
            }
          ],
          "SoilSamples": [
            {
              "SampleMetaData": {
                "SampleNumber": "0",
                "ReportID": "1",
                "FMISSampleID": "TOKA-013",
                "Geometry": {
                  "wkt": "POINT(-122.3733328 37.2706162)"
                }
              },
              "Depths": [
                {
                  "DepthID": "1",
                  "NutrientResults": []
                }
              ]
            }
          ]
        }
      }
    }
  ]
}