{
  "Events": [
    {
      "LabMetaData": {
        "Reports": [
          {
            "ReportID": "1",
            "FileDescription": "2015_RMN 10-40cm_1"
          }
        ]
      },
      "EventMetaData": {
        "EventDate": "2015-02-16",
        "EventType": {
          "Soil": true
        }
      },
      "EventSamples": {
        "Soil": {
          "DepthRefs": [
            {
              "DepthUnit": "cm",
              "StartingDepth": 10,
              "EndingDepth": 40,
              "Name": "10 to 40",
              "ColumnDepth": 30,
              "DepthID": 1
            }
          ],
          "SoilSamples": [
            {
              "SampleMetaData": {
                "SampleNumber": "0",
                "ReportID": "1",
                "FMISSampleID": "TOKA-001",
                "Geometry": {
                  "wkt": "POINT(-122.3846552 37.2652672)"
                }
              },
              "Depths": [
                {
                  "DepthID": "1",
                  "NutrientResults": [
                    {
                      "Element": "Sand",
                      "ValueUnit": "%",
                      "Value": 55
                    },
                    {
                      "Element": "Silt",
                      "ValueUnit": "%",
                      "Value": 23.8
                    },
                    {
                      "Element": "Clay",
                      "ValueUnit": "%",
                      "Value": 21.5
                    },
                    {
                      "Element": "pH",
                      "ValueUnit": "none",
                      "Value": 5.8
                    },
                    {
                      "Element": "CEC",
                      "ValueUnit": "cmol(+)/kg",
                      "Value": 23
                    },
                    {
                      "Element": "Ca",
                      "ValueUnit": "cmol(+)/kg",
                      "Value": 9
                    },
                    {
                      "Element": "Mg",
                      "ValueUnit": "cmol(+)/kg",
                      "Value": 8.2
                    },
                    {
                      "Element": "K",
                      "ValueUnit": "cmol(+)/kg",
                      "Value": 0.39
                    },
                    {
                      "Element": "Na",
                      "ValueUnit": "cmol(+)/kg",
                      "Value": 0.25
                    },
                    {
                      "Element": "TOC",
                      "ValueUnit": "%",
                      "Value": 1.6
                    }
                  ]
                }
              ]
            },
            {
              "SampleMetaData": {
                "SampleNumber": "1",
                "ReportID": "1",
                "FMISSampleID": "TOKA-020",
                "Geometry": {
                  "wkt": "POINT(-122.3687763 37.2760003)"
                }
              },
              "Depths": [
                {
                  "DepthID": "1",
                  "NutrientResults": [
                    {
                      "Element": "P",
                      "ValueUnit": "ug/g",
                      "Value": 4
                    },
                    {
                      "Element": "Sand",
                      "ValueUnit": "%",
                      "Value": 33.8
                    },
                    {
                      "Element": "Silt",
                      "ValueUnit": "%",
                      "Value": 35
                    },
                    {
                      "Element": "Clay",
                      "ValueUnit": "%",
                      "Value": 31.2
                    },
                    {
                      "Element": "pH",
                      "ValueUnit": "none",
                      "Value": 5.7
                    },
                    {
                      "Element": "CEC",
                      "ValueUnit": "cmol(+)/kg",
                      "Value": 40
                    },
                    {
                      "Element": "Ca",
                      "ValueUnit": "cmol(+)/kg",
                      "Value": 18
                    },
                    {
                      "Element": "Mg",
                      "ValueUnit": "cmol(+)/kg",
                      "Value": 11
                    },
                    {
                      "Element": "K",
                      "ValueUnit": "cmol(+)/kg",
                      "Value": 0.6
                    },
                    {
                      "Element": "Na",
                      "ValueUnit": "cmol(+)/kg",
                      "Value": 0.21
                    },
                    {
                      "Element": "TOC",
                      "ValueUnit": "%",
                      "Value": 2
                    }
                  ]
                }
              ]
            },
            {
              "SampleMetaData": {
                "SampleNumber": "2",
                "ReportID": "1",
                "FMISSampleID": "TOKA-035",
                "Geometry": {
                  "wkt": "POINT(-122.3619935 37.2777667)"
                }
              },
              "Depths": [
                {
                  "DepthID": "1",
                  "NutrientResults": [
                    {
                      "Element": "P",
                      "ValueUnit": "ug/g",
                      "Value": 4.4
                    },
                    {
                      "Element": "Sand",
                      "ValueUnit": "%",
                      "Value": 48.8
                    },
                    {
                      "Element": "Silt",
                      "ValueUnit": "%",
                      "Value": 25
                    },
                    {
                      "Element": "Clay",
                      "ValueUnit": "%",
                      "Value": 26.2
                    },
                    {
                      "Element": "pH",
                      "ValueUnit": "none",
                      "Value": 5.9
                    },
                    {
                      "Element": "CEC",
                      "ValueUnit": "cmol(+)/kg",
                      "Value": 38
                    },
                    {
                      "Element": "Ca",
                      "ValueUnit": "cmol(+)/kg",
                      "Value": 22
                    },
                    {
                      "Element": "Mg",
                      "ValueUnit": "cmol(+)/kg",
                      "Value": 10
                    },
                    {
                      "Element": "K",
                      "ValueUnit": "cmol(+)/kg",
                      "Value": 0.49
                    },
                    {
                      "Element": "Na",
                      "ValueUnit": "cmol(+)/kg",
                      "Value": 0.31
                    },
                    {
                      "Element": "TOC",
                      "ValueUnit": "%",
                      "Value": 1.8
                    }
                  ]
                }
              ]
            },
            {
              "SampleMetaData": {
                "SampleNumber": "3",
                "ReportID": "1",
                "FMISSampleID": "TOKA-045",
                "Geometry": {
                  "wkt": "POINT(-122.3597987 37.2705438)"
                }
              },
              "Depths": [
                {
                  "DepthID": "1",
                  "NutrientResults": [
                    {
                      "Element": "P",
                      "ValueUnit": "ug/g",
                      "Value": 2.9
                    },
                    {
                      "Element": "Sand",
                      "ValueUnit": "%",
                      "Value": 32.5
                    },
                    {
                      "Element": "Silt",
                      "ValueUnit": "%",
                      "Value": 31.2
                    },
                    {
                      "Element": "Clay",
                      "ValueUnit": "%",
                      "Value": 36.2
                    },
                    {
                      "Element": "pH",
                      "ValueUnit": "none",
                      "Value": 5.7
                    },
                    {
                      "Element": "CEC",
                      "ValueUnit": "cmol(+)/kg",
                      "Value": 44
                    },
                    {
                      "Element": "Ca",
                      "ValueUnit": "cmol(+)/kg",
                      "Value": 18
                    },
                    {
                      "Element": "Mg",
                      "ValueUnit": "cmol(+)/kg",
                      "Value": 12
                    },
                    {
                      "Element": "K",
                      "ValueUnit": "cmol(+)/kg",
                      "Value": 0.69
                    },
                    {
                      "Element": "Na",
                      "ValueUnit": "cmol(+)/kg",
                      "Value": 0.14
                    },
                    {
                      "Element": "TOC",
                      "ValueUnit": "%",
                      "Value": 2.1
                    }
                  ]
                }
              ]
            },
            {
              "SampleMetaData": {
                "SampleNumber": "4",
                "ReportID": "1",
                "FMISSampleID": "TOKA-055",
                "Geometry": {
                  "wkt": "POINT(-122.3554103 37.2560978)"
                }
              },
              "Depths": [
                {
                  "DepthID": "1",
                  "NutrientResults": [
                    {
                      "Element": "P",
                      "ValueUnit": "ug/g",
                      "Value": 3.9
                    },
                    {
                      "Element": "Sand",
                      "ValueUnit": "%",
                      "Value": 25
                    },
                    {
                      "Element": "Silt",
                      "ValueUnit": "%",
                      "Value": 36.2
                    },
                    {
                      "Element": "Clay",
                      "ValueUnit": "%",
                      "Value": 38.8
                    },
                    {
                      "Element": "pH",
                      "ValueUnit": "none",
                      "Value": 5
                    },
                    {
                      "Element": "CEC",
                      "ValueUnit": "cmol(+)/kg",
                      "Value": 26
                    },
                    {
                      "Element": "Ca",
                      "ValueUnit": "cmol(+)/kg",
                      "Value": 8.1
                    },
                    {
                      "Element": "Mg",
                      "ValueUnit": "cmol(+)/kg",
                      "Value": 5.1
                    },
                    {
                      "Element": "K",
                      "ValueUnit": "cmol(+)/kg",
                      "Value": 0.75
                    },
                    {
                      "Element": "Na",
                      "ValueUnit": "cmol(+)/kg",
                      "Value": 0.15
                    },
                    {
                      "Element": "TOC",
                      "ValueUnit": "%",
                      "Value": 2.5
                    }
                  ]
                }
              ]
            },
            {
              "SampleMetaData": {
                "SampleNumber": "5",
                "ReportID": "1",
                "FMISSampleID": "TOKA-067",
                "Geometry": {
                  "wkt": "POINT(-122.3531088 37.2614935)"
                }
              },
              "Depths": [
                {
                  "DepthID": "1",
                  "NutrientResults": [
                    {
                      "Element": "P",
                      "ValueUnit": "ug/g",
                      "Value": 3.6
                    },
                    {
                      "Element": "Sand",
                      "ValueUnit": "%",
                      "Value": 17.5
                    },
                    {
                      "Element": "Silt",
                      "ValueUnit": "%",
                      "Value": 31.2
                    },
                    {
                      "Element": "Clay",
                      "ValueUnit": "%",
                      "Value": 51.2
                    },
                    {
                      "Element": "pH",
                      "ValueUnit": "none",
                      "Value": 5.7
                    },
                    {
                      "Element": "CEC",
                      "ValueUnit": "cmol(+)/kg",
                      "Value": 58
                    },
                    {
                      "Element": "Ca",
                      "ValueUnit": "cmol(+)/kg",
                      "Value": 24
                    },
                    {
                      "Element": "Mg",
                      "ValueUnit": "cmol(+)/kg",
                      "Value": 15
                    },
                    {
                      "Element": "K",
                      "ValueUnit": "cmol(+)/kg",
                      "Value": 0.64
                    },
                    {
                      "Element": "Na",
                      "ValueUnit": "cmol(+)/kg",
                      "Value": 0.6
                    },
                    {
                      "Element": "TOC",
                      "ValueUnit": "%",
                      "Value": 2.3
                    }
                  ]
                }
              ]
            },
            {
              "SampleMetaData": {
                "SampleNumber": "6",
                "ReportID": "1",
                "FMISSampleID": "TOKA-071",
                "Geometry": {
                  "wkt": "POINT(-122.3508225 37.2650866)"
                }
              },
              "Depths": [
                {
                  "DepthID": "1",
                  "NutrientResults": [
                    {
                      "Element": "P",
                      "ValueUnit": "ug/g",
                      "Value": 11
                    },
                    {
                      "Element": "Sand",
                      "ValueUnit": "%",
                      "Value": 22.5
                    },
                    {
                      "Element": "Silt",
                      "ValueUnit": "%",
                      "Value": 37.5
                    },
                    {
                      "Element": "Clay",
                      "ValueUnit": "%",
                      "Value": 40
                    },
                    {
                      "Element": "pH",
                      "ValueUnit": "none",
                      "Value": 5.6
                    },
                    {
                      "Element": "CEC",
                      "ValueUnit": "cmol(+)/kg",
                      "Value": 60
                    },
                    {
                      "Element": "Ca",
                      "ValueUnit": "cmol(+)/kg",
                      "Value": 17
                    },
                    {
                      "Element": "Mg",
                      "ValueUnit": "cmol(+)/kg",
                      "Value": 12
                    },
                    {
                      "Element": "K",
                      "ValueUnit": "cmol(+)/kg",
                      "Value": 1.2
                    },
                    {
                      "Element": "Na",
                      "ValueUnit": "cmol(+)/kg",
                      "Value": 0.28
                    },
                    {
                      "Element": "TOC",
                      "ValueUnit": "%",
                      "Value": 3.8
                    }
                  ]
                }
              ]
            },
            {
              "SampleMetaData": {
                "SampleNumber": "7",
                "ReportID": "1",
                "FMISSampleID": "TOKA-072",
                "Geometry": {
                  "wkt": "POINT(-122.3508070 37.2668893)"
                }
              },
              "Depths": [
                {
                  "DepthID": "1",
                  "NutrientResults": [
                    {
                      "Element": "P",
                      "ValueUnit": "ug/g",
                      "Value": 2.3
                    },
                    {
                      "Element": "Sand",
                      "ValueUnit": "%",
                      "Value": 20
                    },
                    {
                      "Element": "Silt",
                      "ValueUnit": "%",
                      "Value": 40
                    },
                    {
                      "Element": "Clay",
                      "ValueUnit": "%",
                      "Value": 40
                    },
                    {
                      "Element": "pH",
                      "ValueUnit": "none",
                      "Value": 5.4
                    },
                    {
                      "Element": "CEC",
                      "ValueUnit": "cmol(+)/kg",
                      "Value": 24
                    },
                    {
                      "Element": "Ca",
                      "ValueUnit": "cmol(+)/kg",
                      "Value": 5
                    },
                    {
                      "Element": "Mg",
                      "ValueUnit": "cmol(+)/kg",
                      "Value": 5.8
                    },
                    {
                      "Element": "K",
                      "ValueUnit": "cmol(+)/kg",
                      "Value": 1
                    },
                    {
                      "Element": "Na",
                      "ValueUnit": "cmol(+)/kg",
                      "Value": 0.17
                    },
                    {
                      "Element": "TOC",
                      "ValueUnit": "%",
                      "Value": 2.3
                    }
                  ]
                }
              ]
            },
            {
              "SampleMetaData": {
                "SampleNumber": "8",
                "ReportID": "1",
                "FMISSampleID": "TOKA-089",
                "Geometry": {
                  "wkt": "POINT(-122.3462180 37.2758779)"
                }
              },
              "Depths": [
                {
                  "DepthID": "1",
                  "NutrientResults": [
                    {
                      "Element": "P",
                      "ValueUnit": "ug/g",
                      "Value": 21
                    },
                    {
                      "Element": "pH",
                      "ValueUnit": "none",
                      "Value": 6.1
                    },
                    {
                      "Element": "CEC",
                      "ValueUnit": "cmol(+)/kg",
                      "Value": 62
                    },
                    {
                      "Element": "Ca",
                      "ValueUnit": "cmol(+)/kg",
                      "Value": 21
                    },
                    {
                      "Element": "Mg",
                      "ValueUnit": "cmol(+)/kg",
                      "Value": 8.7
                    },
                    {
                      "Element": "K",
                      "ValueUnit": "cmol(+)/kg",
                      "Value": 0.85
                    },
                    {
                      "Element": "Na",
                      "ValueUnit": "cmol(+)/kg",
                      "Value": 0.21
                    },
                    {
                      "Element": "TOC",
                      "ValueUnit": "%",
                      "Value": 5.9
                    }
                  ]
                }
              ]
            },
            {
              "SampleMetaData": {
                "SampleNumber": "9",
                "ReportID": "1",
                "FMISSampleID": "TOKA-091",
                "Geometry": {
                  "wkt": "POINT(-122.3439934 37.2722600)"
                }
              },
              "Depths": [
                {
                  "DepthID": "1",
                  "NutrientResults": [
                    {
                      "Element": "P",
                      "ValueUnit": "ug/g",
                      "Value": 4.4
                    },
                    {
                      "Element": "Sand",
                      "ValueUnit": "%",
                      "Value": 26.2
                    },
                    {
                      "Element": "Silt",
                      "ValueUnit": "%",
                      "Value": 40
                    },
                    {
                      "Element": "Clay",
                      "ValueUnit": "%",
                      "Value": 33.8
                    },
                    {
                      "Element": "pH",
                      "ValueUnit": "none",
                      "Value": 5.9
                    },
                    {
                      "Element": "CEC",
                      "ValueUnit": "cmol(+)/kg",
                      "Value": 39
                    },
                    {
                      "Element": "Ca",
                      "ValueUnit": "cmol(+)/kg",
                      "Value": 16
                    },
                    {
                      "Element": "Mg",
                      "ValueUnit": "cmol(+)/kg",
                      "Value": 8.5
                    },
                    {
                      "Element": "K",
                      "ValueUnit": "cmol(+)/kg",
                      "Value": 0.59
                    },
                    {
                      "Element": "Na",
                      "ValueUnit": "cmol(+)/kg",
                      "Value": 0.27
                    },
                    {
                      "Element": "TOC",
                      "ValueUnit": "%",
                      "Value": 2.5
                    }
                  ]
                }
              ]
            },
            {
              "SampleMetaData": {
                "SampleNumber": "10",
                "ReportID": "1",
                "FMISSampleID": "TOKA-122",
                "Geometry": {
                  "wkt": "POINT(-122.3643707 37.2633573)"
                }
              },
              "Depths": [
                {
                  "DepthID": "1",
                  "NutrientResults": [
                    {
                      "Element": "P",
                      "ValueUnit": "ug/g",
                      "Value": 5.3
                    },
                    {
                      "Element": "Sand",
                      "ValueUnit": "%",
                      "Value": 30
                    },
                    {
                      "Element": "Silt",
                      "ValueUnit": "%",
                      "Value": 35
                    },
                    {
                      "Element": "Clay",
                      "ValueUnit": "%",
                      "Value": 35
                    },
                    {
                      "Element": "pH",
                      "ValueUnit": "none",
                      "Value": 6.1
                    },
                    {
                      "Element": "CEC",
                      "ValueUnit": "cmol(+)/kg",
                      "Value": 39
                    },
                    {
                      "Element": "Ca",
                      "ValueUnit": "cmol(+)/kg",
                      "Value": 16
                    },
                    {
                      "Element": "Mg",
                      "ValueUnit": "cmol(+)/kg",
                      "Value": 13
                    },
                    {
                      "Element": "K",
                      "ValueUnit": "cmol(+)/kg",
                      "Value": 0.75
                    },
                    {
                      "Element": "Na",
                      "ValueUnit": "cmol(+)/kg",
                      "Value": 0.5
                    },
                    {
                      "Element": "TOC",
                      "ValueUnit": "%",
                      "Value": 1.5
                    }
                  ]
                }
              ]
            },
            {
              "SampleMetaData": {
                "SampleNumber": "11",
                "ReportID": "1",
                "FMISSampleID": "TOKA-147",
                "Geometry": {
                  "wkt": "POINT(-122.3552413 37.2759273)"
                }
              },
              "Depths": [
                {
                  "DepthID": "1",
                  "NutrientResults": [
                    {
                      "Element": "P",
                      "ValueUnit": "ug/g",
                      "Value": 2.8
                    },
                    {
                      "Element": "Sand",
                      "ValueUnit": "%",
                      "Value": 43.8
                    },
                    {
                      "Element": "Silt",
                      "ValueUnit": "%",
                      "Value": 26.2
                    },
                    {
                      "Element": "Clay",
                      "ValueUnit": "%",
                      "Value": 30
                    },
                    {
                      "Element": "pH",
                      "ValueUnit": "none",
                      "Value": 6.3
                    },
                    {
                      "Element": "CEC",
                      "ValueUnit": "cmol(+)/kg",
                      "Value": 40
                    },
                    {
                      "Element": "Ca",
                      "ValueUnit": "cmol(+)/kg",
                      "Value": 17
                    },
                    {
                      "Element": "Mg",
                      "ValueUnit": "cmol(+)/kg",
                      "Value": 13
                    },
                    {
                      "Element": "K",
                      "ValueUnit": "cmol(+)/kg",
                      "Value": 0.41
                    },
                    {
                      "Element": "Na",
                      "ValueUnit": "cmol(+)/kg",
                      "Value": 0.24
                    },
                    {
                      "Element": "TOC",
                      "ValueUnit": "%",
                      "Value": 1.7
                    }
                  ]
                }
              ]
            },
            {
              "SampleMetaData": {
                "SampleNumber": "12",
                "ReportID": "1",
                "FMISSampleID": "TOKA-154",
                "Geometry": {
                  "wkt": "POINT(-122.3508689 37.2596785)"
                }
              },
              "Depths": [
                {
                  "DepthID": "1",
                  "NutrientResults": [
                    {
                      "Element": "P",
                      "ValueUnit": "ug/g",
                      "Value": 3.3
                    },
                    {
                      "Element": "Sand",
                      "ValueUnit": "%",
                      "Value": 17.5
                    },
                    {
                      "Element": "Silt",
                      "ValueUnit": "%",
                      "Value": 40
                    },
                    {
                      "Element": "Clay",
                      "ValueUnit": "%",
                      "Value": 42.5
                    },
                    {
                      "Element": "pH",
                      "ValueUnit": "none",
                      "Value": 5.4
                    },
                    {
                      "Element": "CEC",
                      "ValueUnit": "cmol(+)/kg",
                      "Value": 47
                    },
                    {
                      "Element": "Ca",
                      "ValueUnit": "cmol(+)/kg",
                      "Value": 15
                    },
                    {
                      "Element": "Mg",
                      "ValueUnit": "cmol(+)/kg",
                      "Value": 11
                    },
                    {
                      "Element": "K",
                      "ValueUnit": "cmol(+)/kg",
                      "Value": 0.57
                    },
                    {
                      "Element": "Na",
                      "ValueUnit": "cmol(+)/kg",
                      "Value": 0.33
                    },
                    {
                      "Element": "TOC",
                      "ValueUnit": "%",
                      "Value": 1.9
                    }
                  ]
                }
              ]
            },
            {
              "SampleMetaData": {
                "SampleNumber": "13",
                "ReportID": "1",
                "FMISSampleID": "TOKA-161",
                "Geometry": {
                  "wkt": "POINT(-122.3485204 37.2704822)"
                }
              },
              "Depths": [
                {
                  "DepthID": "1",
                  "NutrientResults": [
                    {
                      "Element": "Sand",
                      "ValueUnit": "%",
                      "Value": 17.5
                    },
                    {
                      "Element": "Silt",
                      "ValueUnit": "%",
                      "Value": 40
                    },
                    {
                      "Element": "Clay",
                      "ValueUnit": "%",
                      "Value": 42.5
                    },
                    {
                      "Element": "pH",
                      "ValueUnit": "none",
                      "Value": 5.3
                    },
                    {
                      "Element": "CEC",
                      "ValueUnit": "cmol(+)/kg",
                      "Value": 34
                    },
                    {
                      "Element": "Ca",
                      "ValueUnit": "cmol(+)/kg",
                      "Value": 10
                    },
                    {
                      "Element": "Mg",
                      "ValueUnit": "cmol(+)/kg",
                      "Value": 8.7
                    },
                    {
                      "Element": "K",
                      "ValueUnit": "cmol(+)/kg",
                      "Value": 0.68
                    },
                    {
                      "Element": "Na",
                      "ValueUnit": "cmol(+)/kg",
                      "Value": 0.38
                    },
                    {
                      "Element": "TOC",
                      "ValueUnit": "%",
                      "Value": 2.2
                    }
                  ]
                }
              ]
            }
          ]
        }
      }
    }
  ]
}