{
  "Events": [
    {
      "LabMetaData": {
        "Reports": [
          {
            "ReportID": "1",
            "FileDescription": "2018_RMN 10-40cm_1"
          }
        ]
      },
      "EventMetaData": {
        "EventDate": "2018-01-17",
        "EventType": {
          "Soil": true
        }
      },
      "EventSamples": {
        "Soil": {
          "DepthRefs": [
            {
              "DepthUnit": "cm",
              "StartingDepth": 10,
              "EndingDepth": 40,
              "Name": "10 to 40",
              "ColumnDepth": 30,
              "DepthID": 1
            }
          ],
          "SoilSamples": [
            {
              "SampleMetaData": {
                "SampleNumber": "0",
                "ReportID": "1",
                "FMISSampleID": "TOKA-001",
                "Geometry": {
                  "wkt": "POINT(-122.3846552 37.2652672)"
                }
              },
              "Depths": [
                {
                  "DepthID": "1",
                  "NutrientResults": [
                    {
                      "Element": "Sand",
                      "ValueUnit": "%",
                      "Value": 60
                    },
                    {
                      "Element": "Silt",
                      "ValueUnit": "%",
                      "Value": 20
                    },
                    {
                      "Element": "Clay",
                      "ValueUnit": "%",
                      "Value": 20
                    },
                    {
                      "Element": "TOC",
                      "ValueUnit": "%",
                      "Value": 1.5
                    },
                    {
                      "Element": "TN",
                      "ValueUnit": "%",
                      "Value": 0.14868
                    }
                  ]
                }
              ]
            },
            {
              "SampleMetaData": {
                "SampleNumber": "1",
                "ReportID": "1",
                "FMISSampleID": "TOKA-006",
                "Geometry": {
                  "wkt": "POINT(-122.3801442 37.2652437)"
                }
              },
              "Depths": [
                {
                  "DepthID": "1",
                  "NutrientResults": [
                    {
                      "Element": "P",
                      "ValueUnit": "ug/g",
                      "Value": 3.8
                    },
                    {
                      "Element": "Sand",
                      "ValueUnit": "%",
                      "Value": 33.8
                    },
                    {
                      "Element": "Silt",
                      "ValueUnit": "%",
                      "Value": 43.8
                    },
                    {
                      "Element": "Clay",
                      "ValueUnit": "%",
                      "Value": 22.5
                    },
                    {
                      "Element": "pH",
                      "ValueUnit": "none",
                      "Value": 5.8
                    },
                    {
                      "Element": "CEC",
                      "ValueUnit": "cmol(+)/kg",
                      "Value": 18.9
                    },
                    {
                      "Element": "Ca",
                      "ValueUnit": "cmol(+)/kg",
                      "Value": 4.335
                    },
                    {
                      "Element": "Mg",
                      "ValueUnit": "cmol(+)/kg",
                      "Value": 4.466666666666667
                    },
                    {
                      "Element": "K",
                      "ValueUnit": "cmol(+)/kg",
                      "Value": 0.38461538461538464
                    },
                    {
                      "Element": "Na",
                      "ValueUnit": "cmol(+)/kg",
                      "Value": 0.4434782608695652
                    },
                    {
                      "Element": "TOC",
                      "ValueUnit": "%",
                      "Value": 2.2
                    },
                    {
                      "Element": "TN",
                      "ValueUnit": "%",
                      "Value": 0.20533
                    }
                  ]
                }
              ]
            },
            {
              "SampleMetaData": {
                "SampleNumber": "2",
                "ReportID": "1",
                "FMISSampleID": "TOKA-007",
                "Geometry": {
                  "wkt": "POINT(-122.3801146 37.2688491)"
                }
              },
              "Depths": [
                {
                  "DepthID": "1",
                  "NutrientResults": [
                    {
                      "Element": "P",
                      "ValueUnit": "ug/g",
                      "Value": 2.6
                    },
                    {
                      "Element": "Sand",
                      "ValueUnit": "%",
                      "Value": 32.5
                    },
                    {
                      "Element": "Silt",
                      "ValueUnit": "%",
                      "Value": 40
                    },
                    {
                      "Element": "Clay",
                      "ValueUnit": "%",
                      "Value": 27.5
                    },
                    {
                      "Element": "pH",
                      "ValueUnit": "none",
                      "Value": 5.8
                    },
                    {
                      "Element": "CEC",
                      "ValueUnit": "cmol(+)/kg",
                      "Value": 24.4
                    },
                    {
                      "Element": "Ca",
                      "ValueUnit": "cmol(+)/kg",
                      "Value": 5.06
                    },
                    {
                      "Element": "Mg",
                      "ValueUnit": "cmol(+)/kg",
                      "Value": 7.716666666666667
                    },
                    {
                      "Element": "K",
                      "ValueUnit": "cmol(+)/kg",
                      "Value": 0.5717948717948718
                    },
                    {
                      "Element": "Na",
                      "ValueUnit": "cmol(+)/kg",
                      "Value": 0.691304347826087
                    },
                    {
                      "Element": "TOC",
                      "ValueUnit": "%",
                      "Value": 1.4
                    },
                    {
                      "Element": "TN",
                      "ValueUnit": "%",
                      "Value": 0.1432
                    }
                  ]
                }
              ]
            },
            {
              "SampleMetaData": {
                "SampleNumber": "3",
                "ReportID": "1",
                "FMISSampleID": "TOKA-104",
                "Geometry": {
                  "wkt": "POINT(-122.3801294 37.2670464)"
                }
              },
              "Depths": [
                {
                  "DepthID": "1",
                  "NutrientResults": [
                    {
                      "Element": "P",
                      "ValueUnit": "ug/g",
                      "Value": 6.3
                    },
                    {
                      "Element": "Sand",
                      "ValueUnit": "%",
                      "Value": 41.2
                    },
                    {
                      "Element": "Silt",
                      "ValueUnit": "%",
                      "Value": 41.2
                    },
                    {
                      "Element": "Clay",
                      "ValueUnit": "%",
                      "Value": 17.5
                    },
                    {
                      "Element": "pH",
                      "ValueUnit": "none",
                      "Value": 5.9
                    },
                    {
                      "Element": "CEC",
                      "ValueUnit": "cmol(+)/kg",
                      "Value": 20.2
                    },
                    {
                      "Element": "Ca",
                      "ValueUnit": "cmol(+)/kg",
                      "Value": 5.54
                    },
                    {
                      "Element": "Mg",
                      "ValueUnit": "cmol(+)/kg",
                      "Value": 3.8916666666666666
                    },
                    {
                      "Element": "K",
                      "ValueUnit": "cmol(+)/kg",
                      "Value": 0.25384615384615383
                    },
                    {
                      "Element": "Na",
                      "ValueUnit": "cmol(+)/kg",
                      "Value": 0.2565217391304348
                    },
                    {
                      "Element": "TOC",
                      "ValueUnit": "%",
                      "Value": 2.2
                    },
                    {
                      "Element": "TN",
                      "ValueUnit": "%",
                      "Value": 0.19787
                    }
                  ]
                }
              ]
            }
          ]
        }
      }
    }
  ]
}