EventDate,EventType,SampleNumber,FMISSampleID,DepthID,StartingDepth [in],EndingDepth [in],ColumnDepth [in],OM [%],ENR [ppm],P (B1 1:10) [ppm],HCO3 (SP) [ppm],pH [none],K [ppm],Mg [mg/kg],Ca [mg/kg],Na [mg/kg],B-Ph [none],H [ppm],CEC [cmol(+)/kg],K [mg/kg],H [mg/kg],NO3-N [ppm],S [ppm],Zn [ppm],Mn [ppm],Fe [ppm],Cu [ppm],B [ppm],SS [ppm],NH4-N [ppm],Cl [ppm],BS-Ca [%],BS-Mg [%],BS-Na [%],BS-B [%],ESP [%],SO4-S [ppm],SAR [none],ECe [dS/m],SAT_PCT [none],CO3 [ppm],HCO3 [ppm],P [ppm],Al [ppm]
2022-07-20,Soil,55260,1A-C,1,0,8,8,2.9,88.4,185,139.8,5.8,313,16.8,52.6,9.1,6.4,6.1,32,2.5,19,19,432,30.3,17.8,93,12.6,1,2.8,0,,,,,,,,,,,,,,
2022-07-20,Soil,55261,2A-C,1,0,8,8,2.2,74.4,62.2,52.6,6.5,554,16.7,62.1,9.7,6.7,2.7,35.5,4,7.5,27.8,889,2.1,13.3,19.2,2.6,1.3,4.8,0,,,,,,,,,,,,,,
2021-10-05,Soil,55820,4E571,1,0,8,8,1.2,54,58.8,36.9,6.1,90.3,20.1,49.7,14.4,6.7,1.8,13.2,1.8,14,10.2,228.8,1.1,8.7,21.7,1.1,0.6,2.8,,3,11.8,5.5,21.6,0.8,8.7,228.8,7.3,2.8,35.2,0,0.8,,
2021-10-05,Soil,55821,4F365,1,0,8,8,2.1,72.2,59.9,37.3,7,141.2,22,59.2,17.4,,,25.4,1.4,0,23.1,752.3,2.5,4.1,16,1.5,1.8,4.4,,7.3,18.1,8.6,33.3,1.4,10.9,752.3,9.1,4.4,46.1,0,1.7,,
2021-10-05,Soil,55822,C9FF3,1,0,8,8,1.4,57.8,55.8,28.9,6.2,94.6,17.8,50.4,18.6,6.7,2.3,18.8,1.3,12,39.1,523,1.7,17.1,16.9,1.1,0.9,4.5,,6,18.4,8,35.8,1.3,11.7,523,9.9,4.5,34.4,0,0.9,,
2021-10-05,Soil,55823,4E61E,1,0,8,8,1.4,58.8,14.5,8.4,8.3,269,21,51.6,24.9,,,27,2.5,0,1,196.8,0.7,4.5,6.1,1.1,8.5,2.3,,6.3,3.7,4.4,23.8,2.6,13.9,196.8,11.8,2.3,71.8,0,2.6,,
2021-10-05,Soil,55824,508F5,1,0,8,8,0.9,47.8,54.9,23.2,7.1,509.3,32.4,56.3,3.3,,,16.3,8,0,3.7,556.8,0.9,4,5.3,1.1,1.6,3.3,,8.5,22.3,16.8,6.4,1.2,0.9,556.8,1.5,3.3,32.6,0,1,,
2021-10-05,Soil,55825,4E605,1,0,8,8,1.1,52.4,178.6,107.4,5.8,179.4,22.7,49,6.4,6.6,2.9,15.4,3,19,4,204.9,1.9,11.4,50.9,1.9,0.4,2.5,,12.7,14.2,7.8,10.7,0.2,3.4,204.9,3.2,2.5,40,0,0.4,,
2021-10-05,Soil,55826,5800000,1,0,8,8,1.8,65.6,65.9,36.8,7,169,29.7,62.3,6.1,,,23.4,1.8,0,1.2,144.9,0.1,1,1,0.1,0.1,1.8,,11.8,8.6,5,8.7,0.4,3.5,144.9,3.3,1.8,51.1,0,2.3,,
2021-10-05,Soil,55827,0592F,1,0,8,8,2.2,74.4,73.4,43,7.3,154.8,24.5,69,5.2,,,28.7,1.4,0,1.1,274.2,0.1,1,1,0.1,0.1,2.4,,15.5,15.7,7.3,10,0.3,3,274.2,3,2.4,52,0,2.2,,
2021-10-05,Soil,55828,4E630,1,0,8,8,1.7,64.8,38.2,24.5,7.5,180.3,24.7,61.6,12.2,,,30.3,1.5,0,9.8,505.2,4.5,5.8,9,0.9,4.7,3.5,,13.3,15.8,8.7,23.7,1.7,8,505.2,6.8,3.5,56.5,0,2,,
2021-10-05,Soil,55829,C9F12,1,0,8,8,2.4,77.6,4,3.6,7,114.6,28.1,67.4,3.3,,,24.7,1.2,0,1.8,24.7,0.9,16.6,7.4,0.8,0.8,1,,6.5,6,3,4.7,0.3,1.9,24.7,2.2,1,51.9,0,5.4,,
2021-10-05,Soil,55830,O731A,1,0,8,8,0.6,42.8,3.8,5.8,7.3,25,15.2,61.1,22.9,,,8.2,0.8,0,1,45,0.8,6.6,8.2,0.8,1,1.7,,5.5,3.8,1.8,16.6,1.2,11.8,45,9.9,1.7,20.8,0,1.1,,
2021-10-05,Soil,55831,C9E5S,1,0,8,8,0.6,42.8,7.4,8,7.3,24.9,11.2,63.6,24.2,,,6.3,1,0,1,25.5,0.7,8.7,16.1,0.7,0.6,1.3,,3.8,2.3,1,15.3,1,14,25.5,11.9,1.3,17,0,1.3,,
2021-10-05,Soil,55832,50A7E,1,0,8,8,1.6,61.4,1.3,3,6.2,37.3,29.8,53.9,3.8,6.7,2.3,19.1,0.5,12,1,11.2,0.2,14,10.8,0.5,0.2,1.2,,1.1,1.9,1.3,3.7,0.5,3,11.2,2.9,1.2,35.1,0,1,,
2021-10-05,Soil,55833,50918,1,0,8,8,1.7,63.8,1.5,4.6,5.9,30.6,24.3,55.7,2.5,6.6,3.1,18,0.4,17,1,5.7,0.5,9.3,10.7,0.5,0.1,0.4,,0.9,2,1.3,2.3,0.3,1.4,5.7,1.8,0.4,37.9,0,0.9,,
2021-10-05,Soil,55834,81EF8,1,0,8,8,1.4,58.2,10.4,3.9,7.6,38.9,19.8,66,13.6,,,16.2,0.6,0,1,63.9,0.5,22.6,4.8,0.4,0.5,1.8,,3.8,4.8,2.2,14.2,0.4,9,63.9,7.6,1.8,29.2,0,1.9,,
2021-10-05,Soil,55835,50B83,1,0,8,8,1.1,52.4,7.4,5.8,7.8,39.6,11.7,63.4,24,,,11.9,0.8,0,1,48.8,0.9,12.4,4.8,0.9,1,1.3,,4.5,2.4,1,12.9,0.7,11.7,48.8,9.8,1.3,29,0,1.9,,
2021-10-05,Soil,55836,50900000,1,0,8,8,1.5,59.6,1.3,14.5,5.2,28.4,13.2,48.5,3.3,6.5,5.5,16,0.5,34.5,1,5.8,0.5,39.2,26.1,0.6,0.1,0.3,,1.1,1.3,0.7,2.8,0.2,2.8,5.8,2.8,0.3,33.1,0,1,,
2021-10-05,Soil,55820,4E571,1,0,8,8,1.2,54,58.8,36.9,6.1,90.3,20.1,49.7,14.4,6.7,1.8,13.2,1.8,14,10.2,228.8,1.1,8.7,21.7,1.1,0.6,2.8,,3,11.8,5.5,21.6,0.8,8.7,228.8,7.3,2.8,35.2,0,0.8,,
2021-10-05,Soil,55821,4F365,1,0,8,8,2.1,72.2,59.9,37.3,7,141.2,22,59.2,17.4,,,25.4,1.4,0,23.1,752.3,2.5,4.1,16,1.5,1.8,4.4,,7.3,18.1,8.6,33.3,1.4,10.9,752.3,9.1,4.4,46.1,0,1.7,,
2021-10-05,Soil,55822,C9FF3,1,0,8,8,1.4,57.8,55.8,28.9,6.2,94.6,17.8,50.4,18.6,6.7,2.3,18.8,1.3,12,39.1,523,1.7,17.1,16.9,1.1,0.9,4.5,,6,18.4,8,35.8,1.3,11.7,523,9.9,4.5,34.4,0,0.9,,
2021-10-05,Soil,55823,4E61E,1,0,8,8,1.4,58.8,14.5,8.4,8.3,269,21,51.6,24.9,,,27,2.5,0,1,196.8,0.7,4.5,6.1,1.1,8.5,2.3,,6.3,3.7,4.4,23.8,2.6,13.9,196.8,11.8,2.3,71.8,0,2.6,,
2021-10-05,Soil,55824,508F5,1,0,8,8,0.9,47.8,54.9,23.2,7.1,509.3,32.4,56.3,3.3,,,16.3,8,0,3.7,556.8,0.9,4,5.3,1.1,1.6,3.3,,8.5,22.3,16.8,6.4,1.2,0.9,556.8,1.5,3.3,32.6,0,1,,
2021-10-05,Soil,55825,4E605,1,0,8,8,1.1,52.4,178.6,107.4,5.8,179.4,22.7,49,6.4,6.6,2.9,15.4,3,19,4,204.9,1.9,11.4,50.9,1.9,0.4,2.5,,12.7,14.2,7.8,10.7,0.2,3.4,204.9,3.2,2.5,40,0,0.4,,
2021-10-05,Soil,55826,5800000,1,0,8,8,1.8,65.6,65.9,36.8,7,169,29.7,62.3,6.1,,,23.4,1.8,0,1.2,144.9,0.1,1,1,0.1,0.1,1.8,,11.8,8.6,5,8.7,0.4,3.5,144.9,3.3,1.8,51.1,0,2.3,,
2021-10-05,Soil,55827,0592F,1,0,8,8,2.2,74.4,73.4,43,7.3,154.8,24.5,69,5.2,,,28.7,1.4,0,1.1,274.2,0.1,1,1,0.1,0.1,2.4,,15.5,15.7,7.3,10,0.3,3,274.2,3,2.4,52,0,2.2,,
2021-10-05,Soil,55828,4E630,1,0,8,8,1.7,64.8,38.2,24.5,7.5,180.3,24.7,61.6,12.2,,,30.3,1.5,0,9.8,505.2,4.5,5.8,9,0.9,4.7,3.5,,13.3,15.8,8.7,23.7,1.7,8,505.2,6.8,3.5,56.5,0,2,,
2021-10-05,Soil,55829,C9F12,1,0,8,8,2.4,77.6,4,3.6,7,114.6,28.1,67.4,3.3,,,24.7,1.2,0,1.8,24.7,0.9,16.6,7.4,0.8,0.8,1,,6.5,6,3,4.7,0.3,1.9,24.7,2.2,1,51.9,0,5.4,,
2021-10-05,Soil,55830,O731A,1,0,8,8,0.6,42.8,3.8,5.8,7.3,25,15.2,61.1,22.9,,,8.2,0.8,0,1,45,0.8,6.6,8.2,0.8,1,1.7,,5.5,3.8,1.8,16.6,1.2,11.8,45,9.9,1.7,20.8,0,1.1,,
2021-10-05,Soil,55831,C9E5S,1,0,8,8,0.6,42.8,7.4,8,7.3,24.9,11.2,63.6,24.2,,,6.3,1,0,1,25.5,0.7,8.7,16.1,0.7,0.6,1.3,,3.8,2.3,1,15.3,1,14,25.5,11.9,1.3,17,0,1.3,,
2021-10-05,Soil,55832,50A7E,1,0,8,8,1.6,61.4,1.3,3,6.2,37.3,29.8,53.9,3.8,6.7,2.3,19.1,0.5,12,1,11.2,0.2,14,10.8,0.5,0.2,1.2,,1.1,1.9,1.3,3.7,0.5,3,11.2,2.9,1.2,35.1,0,1,,
2021-10-05,Soil,55833,50918,1,0,8,8,1.7,63.8,1.5,4.6,5.9,30.6,24.3,55.7,2.5,6.6,3.1,18,0.4,17,1,5.7,0.5,9.3,10.7,0.5,0.1,0.4,,0.9,2,1.3,2.3,0.3,1.4,5.7,1.8,0.4,37.9,0,0.9,,
2021-10-05,Soil,55834,81EF8,1,0,8,8,1.4,58.2,10.4,3.9,7.6,38.9,19.8,66,13.6,,,16.2,0.6,0,1,63.9,0.5,22.6,4.8,0.4,0.5,1.8,,3.8,4.8,2.2,14.2,0.4,9,63.9,7.6,1.8,29.2,0,1.9,,
2021-10-05,Soil,55835,50B83,1,0,8,8,1.1,52.4,7.4,5.8,7.8,39.6,11.7,63.4,24,,,11.9,0.8,0,1,48.8,0.9,12.4,4.8,0.9,1,1.3,,4.5,2.4,1,12.9,0.7,11.7,48.8,9.8,1.3,29,0,1.9,,
2021-10-05,Soil,55836,50900000,1,0,8,8,1.5,59.6,1.3,14.5,5.2,28.4,13.2,48.5,3.3,6.5,5.5,16,0.5,34.5,1,5.8,0.5,39.2,26.1,0.6,0.1,0.3,,1.1,1.3,0.7,2.8,0.2,2.8,5.8,2.8,0.3,33.1,0,1,,
2021-04-15,Soil,43169,ST1,1,0,8,8,,,,,,2.31,0.42,1.79,0.02,,,,,,,0.23,32.13,79.43,126.1,6.12,34.61,,,,,,,,,0,,,,,,0.22,54.16
2021-04-15,Soil,43170,ST2,1,0,8,8,,,,,,2.38,0.32,1.53,0.01,,,,,,,0.3,31,50.54,98.54,6.15,40.88,,,,,,,,,0,,,,,,0.23,35.02
2021-04-15,Soil,43171,ST3,1,0,8,8,,,,,,2.21,0.35,1.67,0.02,,,,,,,0.3,31.82,50.28,78.4,5.74,44.1,,,,,,,,,0,,,,,,0.28,32.73
2021-04-15,Soil,43172,ST4,1,0,8,8,,,,,,2.5,0.46,2.04,0.01,,,,,,,0.27,36.51,51.73,96.41,12.02,39.06,,,,,,,,,0,,,,,,0.26,44.6
2021-04-15,Soil,43173,T5,1,0,8,8,,,,,,2.77,0.41,1.94,0.01,,,,,,,0.25,30.41,55.37,87.22,8.08,36.86,,,,,,,,,0,,,,,,0.26,35.92
2021-04-15,Soil,43174,ST6,1,0,8,8,,,,,,2.42,0.38,1.86,0.01,,,,,,,0.33,42.06,43.22,83.04,6.32,36.39,,,,,,,,,0,,,,,,0.23,29.65
2021-04-15,Soil,43175,ST7,1,0,8,8,,,,,,2.95,0.39,1.89,0.01,,,,,,,0.35,38.82,55.88,101.2,7.22,34.85,,,,,,,,,0,,,,,,0.24,22.05
2021-04-15,Soil,43176,ST8,1,0,8,8,,,,,,2.56,0.43,2.07,0.01,,,,,,,0.31,29.86,37.5,87.79,6.63,33.95,,,,,,,,,0,,,,,,0.24,31.49
2021-04-15,Soil,43177,ST9,1,0,8,8,,,,,,2.73,0.35,1.77,0.01,,,,,,,0.29,25.55,42.67,94.68,6.21,34.75,,,,,,,,,0,,,,,,0.24,39.92
2021-04-15,Soil,43178,ST10,1,0,8,8,,,,,,2.54,0.34,1.52,0.01,,,,,,,0.22,27.16,43.87,77.76,5.06,31.66,,,,,,,,,0,,,,,,0.33,28.94
2021-10-08,Soil,56464,50262,1,0,8,8,1.5,60,15.5,6.1,8,150.3,32.7,60.5,2.1,,,8,4.8,0,1,10.2,0.7,1.7,6.1,0.6,0.2,0.5,,0.6,2.1,1.2,1.3,0.1,0.3,10.2,1,0.5,37.2,0,2.2,,
2021-10-08,Soil,56465,4F3AO,1,0,8,8,1.8,66.8,10.6,5.9,7.8,238.8,28.8,62.4,2.4,,,9.5,6.4,0,11.6,13.2,2.2,2.5,5.8,0.7,0.6,0.8,,0.8,3.9,2.4,2.3,0.3,0.6,13.2,1.3,0.8,35.6,0,2.5,,
2021-10-08,Soil,56466,C9E77,1,0,8,8,1.4,58,15.4,6.9,7.8,271.6,25.6,65.4,1.6,,,9.4,7.4,0,7.5,14.1,1.5,4.4,8.3,0.7,0.5,0.6,,0.6,3.1,1.8,1.3,0.3,0,14.1,0.9,0.6,29.5,0,3.3,,
2021-10-08,Soil,56467,06D47,1,0,8,8,1.5,60.6,23.5,13.7,7.4,121.3,18.5,75.9,1.7,,,7.9,3.9,0,1,16.5,2.6,1.4,22.9,1.2,0.1,0.5,,0.3,3,1.3,1.1,0.1,-0.2,16.5,0.7,0.5,36.2,0,2.3,,
2021-10-08,Soil,56468,4E557,1,0,8,8,1.6,61.2,18.6,9.8,6.9,80.1,22.9,70.7,1.7,,0.1,6.6,3.1,1.5,1,11.8,3.8,2.3,26.4,1.6,0.1,0.4,,0.6,1.7,1.1,1.4,0.3,0.5,11.8,1.2,0.4,35.8,0,1.5,,
2021-10-08,Soil,56469,4DEAC,1,0,8,8,1.4,58.2,31.2,14,6.8,162.1,20.2,69.6,1.9,,0.2,7.8,5.3,3,3.4,58.1,4.9,1.4,13.8,1.2,0.2,1.1,,0.6,7.5,3.3,1.8,0.2,-0.1,58.1,0.8,1.1,34.8,0,1,,
2021-10-08,Soil,56470,81CB1,1,0,8,8,1.6,61.4,25.4,17.1,6.4,85,18.6,67.9,1.7,6.9,0.7,8.1,2.7,9,1,5.3,1.5,3.7,23.7,0.6,0,0.4,,0.8,1.5,0.7,0.7,0.1,-0.4,5.3,0.6,0.4,35.3,0,1.1,,
2021-10-08,Soil,56471,06D4C,1,0,8,8,1.6,62,10.2,6,7.8,115.1,8.2,88.9,0.9,,,14.5,2,0,5.6,8.7,1.2,1.8,4.8,0.4,0.4,0.7,,2,4.6,1.2,1.5,0.2,0,8.7,0.9,0.7,35.5,0,1.9,,
2021-10-08,Soil,56472,8307C,1,0,8,8,1.4,58.4,36.6,24.7,7.6,165,7.7,88.2,0.8,,,12.9,3.3,0,1.9,4.2,1.6,1.3,8.2,0.4,0.1,0.4,,0.6,2.7,0.9,0.6,0.1,-0.6,4.2,0.5,0.4,32.8,0,2.7,,
2021-10-08,Soil,56464,50262,1,0,8,8,1.5,60,15.5,6.1,8,150.3,32.7,60.5,2.1,,,8,4.8,0,1,10.2,0.7,1.7,6.1,0.6,0.2,0.5,,0.6,2.1,1.2,1.3,0.1,0.3,10.2,1,0.5,37.2,0,2.2,,
2021-10-08,Soil,56465,4F3AO,1,0,8,8,1.8,66.8,10.6,5.9,7.8,238.8,28.8,62.4,2.4,,,9.5,6.4,0,11.6,13.2,2.2,2.5,5.8,0.7,0.6,0.8,,0.8,3.9,2.4,2.3,0.3,0.6,13.2,1.3,0.8,35.6,0,2.5,,
2021-10-08,Soil,56466,C9E77,1,0,8,8,1.4,58,15.4,6.9,7.8,271.6,25.6,65.4,1.6,,,9.4,7.4,0,7.5,14.1,1.5,4.4,8.3,0.7,0.5,0.6,,0.6,3.1,1.8,1.3,0.3,0,14.1,0.9,0.6,29.5,0,3.3,,
2021-10-08,Soil,56467,06D47,1,0,8,8,1.5,60.6,23.5,13.7,7.4,121.3,18.5,75.9,1.7,,,7.9,3.9,0,1,16.5,2.6,1.4,22.9,1.2,0.1,0.5,,0.3,3,1.3,1.1,0.1,-0.2,16.5,0.7,0.5,36.2,0,2.3,,
2021-10-08,Soil,56468,4E557,1,0,8,8,1.6,61.2,18.6,9.8,6.9,80.1,22.9,70.7,1.7,,0.1,6.6,3.1,1.5,1,11.8,3.8,2.3,26.4,1.6,0.1,0.4,,0.6,1.7,1.1,1.4,0.3,0.5,11.8,1.2,0.4,35.8,0,1.5,,
2021-10-08,Soil,56469,4DEAC,1,0,8,8,1.4,58.2,31.2,14,6.8,162.1,20.2,69.6,1.9,,0.2,7.8,5.3,3,3.4,58.1,4.9,1.4,13.8,1.2,0.2,1.1,,0.6,7.5,3.3,1.8,0.2,-0.1,58.1,0.8,1.1,34.8,0,1,,
2021-10-08,Soil,56470,81CB1,1,0,8,8,1.6,61.4,25.4,17.1,6.4,85,18.6,67.9,1.7,6.9,0.7,8.1,2.7,9,1,5.3,1.5,3.7,23.7,0.6,0,0.4,,0.8,1.5,0.7,0.7,0.1,-0.4,5.3,0.6,0.4,35.3,0,1.1,,
2021-10-08,Soil,56471,06D4C,1,0,8,8,1.6,62,10.2,6,7.8,115.1,8.2,88.9,0.9,,,14.5,2,0,5.6,8.7,1.2,1.8,4.8,0.4,0.4,0.7,,2,4.6,1.2,1.5,0.2,0,8.7,0.9,0.7,35.5,0,1.9,,
2021-10-08,Soil,56472,8307C,1,0,8,8,1.4,58.4,36.6,24.7,7.6,165,7.7,88.2,0.8,,,12.9,3.3,0,1.9,4.2,1.6,1.3,8.2,0.4,0.1,0.4,,0.6,2.7,0.9,0.6,0.1,-0.6,4.2,0.5,0.4,32.8,0,2.7,,
2021-04-20,Soil,43891,WHS1,1,0,8,8,,,,,,1.32,0.23,0.89,0.02,,,,,,,0.24,29.28,32.91,103.5,9.3,44.96,,,,,,,,,0,,,,,,0.35,39.78
2021-04-20,Soil,43892,WHS2,1,0,8,8,,,,,,1.43,0.23,0.74,0.02,,,,,,,0.23,28.47,25.35,100.8,9.37,38.14,,,,,,,,,0,,,,,,0.4,39.08
2021-04-20,Soil,43893,WHS3,1,0,8,8,,,,,,1.35,0.25,0.84,0.02,,,,,,,0.23,32.33,25.64,107.7,9.42,45.11,,,,,,,,,0,,,,,,0.37,41.67
2021-04-20,Soil,43894,WHS4,1,0,8,8,,,,,,1.64,0.24,0.7,0.02,,,,,,,0.28,39.69,53.3,122.6,12.37,52.55,,,,,,,,,0,,,,,,0.54,45.93
2021-04-20,Soil,43895,WHS5,1,0,8,8,,,,,,1.61,0.22,0.93,0.02,,,,,,,0.24,31.83,33.54,110.4,8.65,47.91,,,,,,,,,0,,,,,,0.46,41.5
2021-04-20,Soil,43896,WHS6,1,0,8,8,,,,,,1.78,0.23,0.92,0.02,,,,,,,0.26,35.31,28.63,107.3,9.12,41.25,,,,,,,,,0,,,,,,0.46,40.4
2021-04-20,Soil,43897,WHS7,1,0,8,8,,,,,,1.6,0.21,0.87,0.02,,,,,,,0.25,29.82,30.92,91.38,9.94,44.2,,,,,,,,,0,,,,,,0.42,36.71
2021-04-20,Soil,43898,WHS8,1,0,8,8,,,,,,1.62,0.25,0.99,0.02,,,,,,,0.27,36.17,31.15,95.69,11.37,52.38,,,,,,,,,0,,,,,,0.43,48.02
2021-04-20,Soil,43899,WHS9,1,0,8,8,,,,,,1.69,0.22,0.95,0.02,,,,,,,0.27,32.56,30.23,106.8,10.01,45.75,,,,,,,,,0,,,,,,0.43,36.95
2021-04-20,Soil,43900,WHS10,1,0,8,8,,,,,,1.5,0.22,0.73,0.02,,,,,,,0.27,33.55,31.45,92.05,11.58,45.41,,,,,,,,,0,,,,,,0.42,29.4
2020-01-09,Soil,56465,R46N1,1,0,8,8,0.9,48,1.6,7.5,8.3,123.9,8.1,77.1,12.9,,,17.3,1.8,0,7.9,140.8,1.3,1,1.9,0.4,9.4,3.4,,11,6.9,1.8,26.9,7.6,15.1,140.8,12.9,3.4,29.8,0,2.2,,
2020-01-09,Soil,56466,R46N2,1,0,8,8,0.8,46,1.7,4.7,8.2,81.8,8.5,76.2,14.3,,,21.6,1,0,3.8,92.6,0.5,1,2.9,0.3,5.6,2.7,,8.5,6,1.4,21.8,3.8,13.4,92.6,11.4,2.7,37.9,0,2.1,,
2020-01-09,Soil,56467,R46N3,1,0,8,8,1.5,60,1.9,5.3,7.9,99.2,7.1,79.1,12.9,,,28.2,0.9,0,3.7,1150,0.6,0.6,3.5,0.4,6.2,5,,10.5,24.1,4,35.1,3.7,11.2,1150,9.4,5,48.8,0,2.1,,
2020-01-09,Soil,56468,R47N1,1,0,8,8,1.8,66,1.8,4.5,7.9,69.9,7.4,83.6,8.2,,,23.2,0.8,0,10.6,223.7,0.1,1,1.9,0.3,3.7,4.6,,26,25.1,3.9,21.7,1.5,6.7,223.7,5.7,4.6,41.1,0,1.1,,
2020-01-09,Soil,56469,R47N2,1,0,8,8,1.9,68,1.6,4.9,7.9,61.2,5.5,84.6,9.2,,,23.1,0.7,0,5,758.9,0.2,0.6,1.5,0.2,4.6,5.1,,30.5,30.5,4,27.9,3.1,7.9,758.9,6.7,5.1,33.6,0,1.4,,
2020-01-09,Soil,56470,R47N3,1,0,8,8,1.5,60,1.7,5,8,61.1,5.8,85,8.3,,,19.2,0.8,0,3.6,317.8,0.3,0.7,1.3,0.1,4.4,3.4,,12.5,19.3,2.9,19.4,2.8,6.8,317.8,5.8,3.4,32.7,0,1.4,,
2020-01-09,Soil,56471,R48N1,1,0,8,8,1,50,42.7,9.5,8.3,241.5,13.8,72.1,8.4,,,10.9,5.7,0,3.6,69.7,1.2,0.7,2.6,0.2,6.9,1.8,,6.5,7.2,2.5,10.3,5,5.3,69.7,4.7,1.8,24.8,0,1.4,,
2020-01-09,Soil,56472,R48N2,1,0,8,8,1,50,2.1,6.6,7.8,204.8,9.6,80,7.1,,,16.1,3.2,0,2.9,58.1,0.6,1,1.9,0.2,3.6,3,,16.5,11.7,3.7,14.7,2,6.2,58.1,5.3,3,26.5,0,1.4,,
2020-01-09,Soil,56473,R48N3,1,0,8,8,1,50,1.8,4.2,8,183.7,9,78.6,9.5,,,16.6,2.8,0,3,68,0.3,0.6,1.7,0.2,2.2,2.5,,18.5,8.1,2.6,19.7,1.5,10.1,68,8.5,2.5,24.8,0,1.5,,
2020-01-09,Soil,56474,R49N1,1,0,8,8,1.1,52,1.5,7.5,7.9,221.1,8.4,75.5,13.3,,,20.2,2.8,0,7.3,228.7,1.1,1.9,3.8,0.8,8.8,4.6,,24,16,3.1,29.9,5.2,11.5,228.7,9.7,4.6,37.1,0,1.7,,
2020-01-09,Soil,56475,R49N2,1,0,8,8,1.4,58,1.5,4.9,8,137.3,8.2,78,12.1,,,21.3,1.6,0,3.3,264,0.3,0.5,1.2,0.3,4.1,3.9,,18.5,15.8,3,25,2.2,9.7,264,8.2,3.9,34,0,1.3,,
2020-01-09,Soil,56476,R49N3,1,0,8,8,1.3,56,2.3,5.6,8.1,100.2,8.2,81.6,8.9,,,19.3,1.3,0,2.9,115.3,0.3,0.6,1.8,0.3,2.6,2,,9,6.2,1.4,13.6,1.4,8.3,115.3,7,2,35.8,0,1.4,,
2020-01-09,Soil,56477,R50N1,1,0,8,8,1.8,66,1.6,6.1,8.3,157.4,11,83.2,3.7,,,19.2,2.1,0,3,48.2,1.2,1,1.7,0.4,3,0.5,,0.7,2.1,0.7,3,0.9,2.5,48.2,2.6,0.5,36.6,0,1.8,,
2020-01-09,Soil,56478,R50N2,1,0,8,8,1.9,68,1.8,4.1,8.3,123.4,10.9,81.2,6.4,,,20.5,1.5,0,3.1,28.8,0.4,1.3,3.3,0.4,2.4,0.5,,1.2,1.4,0.4,4.6,0.8,5.5,28.8,4.8,0.5,40.3,0,3.4,,
2020-01-09,Soil,56479,R50N3,1,0,8,8,1.3,56,2.3,6.9,8.4,144.7,12.1,74.9,11.3,,,22.5,1.6,0,3,52,0.7,0.6,3.8,0.5,4.8,0.7,,1.2,2,0.4,6.8,1.2,7.3,52,6.2,0.7,50.7,0,3.6,,
2020-01-09,Soil,56480,R51N1,1,0,8,8,2,70,1.9,8.7,8.1,140.3,9.4,76.7,12.3,,,21.5,1.7,0,3.6,178.5,0.3,1,1.3,0.3,6.1,3.1,,10.5,9.3,2,22.7,3.6,11.3,178.5,9.5,3.1,45.5,0,1.4,,
2020-01-09,Soil,56481,R51N2,1,0,8,8,1.8,66,1.5,4,8.3,60.4,8.3,78.5,12.4,,,20.4,0.8,0,2.8,207.3,0.2,1,0.9,0.2,2.8,2.8,,10.5,7.3,2,22.3,1.8,12.3,207.3,10.4,2.8,35,0,1.7,,
2020-01-09,Soil,56482,R51N3,1,0,8,8,1.5,60,1.6,3.7,8.4,52.9,7.9,78.6,12.8,,,19.1,0.7,0,2.8,163,0.1,1,0.9,0.2,2.1,2.3,,5.5,5,1.1,19.5,1.5,13.2,163,11.2,2.3,35.6,0,1.7,,
2020-01-09,Soil,56483,R52N1,1,0,8,8,1.9,68,1.5,5,8.2,112.7,10.7,77.7,10.3,,,21.6,1.3,0,3.6,122.5,0.5,1,2,0.4,3.4,1.8,,5.5,4.6,1.6,12.5,1.3,8.4,122.5,7.1,1.8,44.4,0,1.4,,
2020-01-09,Soil,56484,R52N2,1,0,8,8,2,70,1.7,4,8,96.9,11.9,76.8,10.1,,,21.2,1.2,0,3.4,158,0.2,1,1.7,0.4,4.6,4.2,,24,15.7,4.7,24.2,2.2,9,158,7.6,4.2,40.2,0,1.3,,
2020-01-09,Soil,56485,R52N3,1,0,8,8,1.4,58,1.9,5.2,7.9,111.9,12.2,76.4,10.1,,,22.4,1.3,0,3.4,316.5,0.3,1,2.3,0.5,4.5,3.3,,10,13.8,4.1,19.6,1.6,7.7,316.5,6.5,3.3,39.2,0,1.3,,
2020-01-09,Soil,56486,R53N1,1,0,8,8,1.5,60,1.7,6.1,8.2,179.4,12.8,78.3,6.4,,,18.2,2.5,0,3.1,32.7,0.3,0.6,2.6,0.6,4,0.4,,0.8,1.6,0.6,3.8,1.4,3.9,32.7,3.6,0.4,33.2,0,2.7,,
2020-01-09,Soil,56487,R53N2,1,0,8,8,1,50,1.9,6.2,8.6,102.2,11.9,75.7,10.9,,,18,1.5,0,3.1,41.3,0.2,1,1.6,0.5,4.5,0.7,,1.6,1.1,0.3,6.7,2.7,9.5,41.3,8,0.7,26.9,0,2.8,,
2020-01-09,Soil,56488,R53N3,1,0,8,8,1.7,64,1.7,6.3,8,109.7,11.3,78.9,8.4,,,21.6,1.3,0,2.9,375.1,0.2,1,1.8,0.5,3.7,3.3,,6.5,18,4.5,19.3,2.4,6.7,375.1,5.8,3.3,36.5,0,1.8,,
2020-01-09,Soil,56489,R54N1,1,0,8,8,1.8,66,41.9,5.6,7.9,259.2,7.7,82.1,8.5,,,37.9,1.7,0,15,3808,0.6,0.6,0.9,0.4,10.8,5.3,,21,23.9,8.1,36.4,5.8,10.8,3808,9.1,5.3,35.4,0,1.7,,
2020-01-09,Soil,56490,R54N2,1,0,8,8,1.9,68,55.7,5.9,7.9,188.2,6.3,85.4,7.4,,,52.2,0.9,0,5.2,6787,0.4,0.5,1.5,0.6,9,5.4,,19,22.4,7.7,39.6,4.7,12.1,6787,10.2,5.4,36.1,0,1.4,,
2020-01-09,Soil,56491,R54N3,1,0,8,8,1.5,60,64.3,6.6,7.9,182.5,5.4,88.3,5.5,,,58.2,0.8,0,3.9,8227,0.5,0.8,1.7,0.7,8.2,6.4,,27,26.3,9.5,41.1,4.9,11.6,8227,9.7,6.4,38.6,0,1.8,,
2020-01-09,Soil,56492,R55N1,1,0,8,8,1.4,58,31.5,10.7,8.2,254.8,12.8,73,11.4,,,22.8,2.9,0,3.7,535.8,1,0.9,2.3,0.8,7.9,3.3,,8,10.2,3.3,25.2,4.2,11.6,535.8,9.7,3.3,41.4,0,2.4,,
2020-01-09,Soil,56493,R55N2,1,0,8,8,1.4,58,22.1,5.5,8,135.8,8.1,82.7,8,,,28.6,1.2,0,3.4,2344,0.2,0.6,1.4,0.5,6.2,4.8,,10,20.2,5.8,31.2,4.4,10.3,2344,8.7,4.8,28.9,0,1.4,,
2020-01-09,Soil,56494,R55N3,1,0,8,8,1.4,58,1.6,5,8,116.8,8.1,83.8,7.1,,,27.6,1.1,0,2.6,2135,0.2,1,1.4,0.4,6,4.2,,7.5,20.8,5.8,26.9,4.3,8.8,2135,7.4,4.2,26.3,0,1.7,,
2020-01-09,Soil,56495,T56N1,1,0,8,8,1.9,68,9.9,8.2,6.9,108.3,31.3,63,2.5,,0.2,16.4,1.7,1.5,13.6,64.2,1.3,4.2,27.7,0.9,0.8,0.8,,0.6,4.5,2.6,2.8,0.3,0.9,64.2,1.5,0.8,40.8,0,3.4,,
2020-01-09,Soil,56496,T56N2,1,0,8,8,2,70,4.9,5.6,6.7,65.3,35.7,56.1,2.9,,0.9,20.5,0.8,4.5,6.3,26.5,0.5,1.7,13.3,0.5,0.2,0.6,,0.3,2.3,1.4,2.4,0.2,1.3,26.5,1.7,0.6,35.3,0,1.6,,
2020-01-09,Soil,56497,T56N3,1,0,8,8,2.2,74,2.2,1.5,7.2,30.1,34.1,62.9,2.7,,,21.3,0.4,0,4.1,9.7,0.1,0.8,3.1,0.1,0.1,0.4,,0.6,1.4,0.5,1.9,0.1,1.5,9.7,1.9,0.4,33,0,1.4,,
2020-01-09,Soil,56498,T57N1,1,0,8,8,1.4,58,5.5,4.9,6.5,49.3,28.3,60.3,2.5,,0.7,9,1.4,7.5,3.8,13.5,0.4,8,10.8,0.5,0.2,0.5,,0.6,2.4,0.9,2,0.2,1.1,13.5,1.6,0.5,23.8,0,2.2,,
2020-01-09,Soil,56499,T57N2,1,0,8,8,1.2,54,1.6,1.8,6.5,38.2,38.5,50.4,2.7,,0.8,11.3,0.9,7.5,4.5,7.8,0.1,3.7,4,0.1,0.1,0.4,,0.7,1.3,0.5,1.7,0.2,1.4,7.8,1.8,0.4,22.7,0,0.8,,
2020-01-09,Soil,56500,T57N3,1,0,8,8,1.1,52,2.8,1.6,6.6,33.9,39.7,50.7,2.8,,0.7,11.7,0.7,6,3.8,5.6,0.1,2.6,3.7,0.1,0.1,0.3,,0.5,1.2,0.3,1.3,0.2,1,5.6,1.5,0.3,22.6,0,1.6,,
2020-01-09,Soil,56501,T58N1,1,0,8,8,1.3,56,1.8,3.9,5.7,48.4,14.3,60.7,2.4,,1.6,7.5,1.7,21,3.3,15.5,0.2,9.8,10,0.6,0.1,0.5,,0.5,2,0.6,2.1,0.3,1.5,15.5,1.9,0.5,19.9,0,1.4,,
2020-01-09,Soil,56502,T58N2,1,0,8,8,1.6,62,5.9,3.5,6.2,43.2,25.5,57.9,3.5,,1.2,10,1.1,12,7,8.4,0.2,6.6,7.2,0.4,0.1,0.7,,1.4,2.4,1.1,3,0.3,2,8.4,2.2,0.7,26.2,0,1.1,,
2020-01-09,Soil,56503,T58N3,1,0,8,8,1.5,60,2.1,1.9,6.4,43.8,37.9,49.4,2.8,,1.1,11.9,0.9,9,4.1,10.8,0.1,4.3,5,0.2,0.1,0.5,,0.5,2,0.7,1.8,0.2,1,10.8,1.5,0.5,22.5,0,1.3,,
2020-01-09,Soil,56504,T59N1,1,0,8,8,2,70,2.7,3.7,6.3,60.6,29.1,56.1,3.1,,1.4,13.3,1.2,10.5,10.5,8.8,0.3,6.6,16.5,0.6,0.2,0.7,,1.2,2.3,1.2,2.7,0.2,1.8,8.8,2.1,0.7,32.2,0,1.2,,
2020-01-09,Soil,56505,T59N2,1,0,8,8,0.8,46,6.8,4.9,6.9,56.2,29.2,61.7,6.4,,0.2,12.5,1.1,1.5,21.7,14.1,0.1,9.8,8,0.5,0.3,0.7,,1.2,2.1,1.2,3.8,0.2,3,14.1,2.9,0.7,34.4,0,1,,
2020-01-09,Soil,56506,T59N3,1,0,8,8,1.7,64,7.3,3.1,6.4,35.6,28,58.2,4,,1.1,12.3,0.7,9,11.3,5.3,0.1,11.6,5.8,0.3,0.1,0.7,,1.7,2.2,1.2,2.9,0.1,2,5.3,2.2,0.7,33.3,0,0.7,,
2020-01-09,Soil,56507,T60N1,1,0,8,8,1.8,66,3.8,2.3,5.7,38.3,21.7,53.9,2.7,,2.6,12.6,0.8,21,6.9,5.4,0.2,18.9,8.4,0.4,0.1,0.3,,0.5,1,0.5,1.3,0.1,0.9,5.4,1.5,0.3,28.6,0,1,,
2020-01-09,Soil,56508,T60N2,1,0,8,8,1.6,62,5.8,2.5,5.9,31.7,23.5,55.7,3.1,,1.9,11.2,0.7,17,8.5,4.9,0.1,15.1,6.3,0.3,0.1,0.5,,1.1,1.5,0.8,2,0.2,1.5,4.9,1.9,0.5,26,0,0.9,,
2020-01-09,Soil,56509,T60N3,1,0,8,8,1.3,56,7.4,4.1,6.6,46.7,28.6,58.3,6.2,,0.7,12.3,1,6,29.3,14,0.1,7.2,6.8,0.3,0.3,1,,2.8,3.3,2.1,5.1,0.2,3.2,14,3.1,1,36.7,0,1,,
2020-01-09,Soil,56510,T61N1,1,0,8,8,12.9,288,4.7,3.1,6.1,40.4,23.7,58.2,3.1,,1.6,11.2,0.9,14,9.3,5.1,0.1,13.6,7.4,0.4,0.1,0.6,,1,2.1,0.9,2.5,0.2,1.7,5.1,2,0.6,34.3,0,1.1,,
2020-01-09,Soil,56511,T61N2,1,0,8,8,2.1,72,8.2,2.7,6.2,27.1,26.6,57.1,3.7,,1.4,11.6,0.6,12,11.4,5.5,0.1,6.2,4.6,0.2,0.1,0.6,,2.1,2.1,1.1,2.7,0.2,1.9,5.5,2.2,0.6,35,0,1.1,,
2020-01-09,Soil,56512,T61N3,1,0,8,8,1.5,60,11.4,5.4,7,57.3,25.4,68.6,4.1,,,7.4,2,0,9.9,7.1,0.1,3.5,4.5,0.4,0.1,0.5,,0.8,1.8,0.7,2.1,0.2,1.5,7.1,1.9,0.5,26.7,0,1.1,,
2020-01-09,Soil,56513,T62N1,1,0,8,8,1.1,52,6.8,4.8,5.4,35.1,13.3,53.9,2.5,,1.4,4.9,1.8,28.5,3.3,11.4,0.3,13.5,11.8,0.7,0.1,0.4,,0.3,1.5,0.8,1.5,0.2,0.8,11.4,1.4,0.4,21.9,0,1.1,,
2020-01-09,Soil,56514,T62N2,1,0,8,8,1,50,8.5,5.4,6.4,45,27.7,59.3,2.3,,0.6,6.9,1.7,9,3.7,9.3,0.5,9,13,0.6,0.2,0.4,,0.8,1.7,0.7,1.9,0.3,1.3,9.3,1.7,0.4,22.3,0,0.9,,
2020-01-09,Soil,56515,T62N3,1,0,8,8,1,50,4,1.5,6.7,46.6,40.2,51.5,2.8,,0.5,11.4,1,4.5,3.8,6.1,0.1,2.6,3.8,0.1,0.1,0.4,,0.5,1.1,0.7,1.5,0.1,1.1,6.1,1.6,0.4,24.4,0,1,,
2020-01-09,Soil,56516,T63N1,1,0,8,8,1.8,66,4.2,2.3,6.6,36.5,34.2,55.8,3.5,,1.2,20.6,0.5,6,7.7,23.2,0.2,2.1,8.8,0.5,0.5,0.5,,0.8,2.1,1.1,2.4,0.2,1.5,23.2,1.9,0.5,43.4,0,1.3,,
2020-01-09,Soil,56517,T63N2,1,0,8,8,2.3,76,5,2.9,6.7,39.1,36,55.2,3.9,,1,23.2,0.4,4.5,11.8,25.7,0.2,1.7,7.3,0.4,0.4,0.7,,0.7,2.5,1.2,3.1,0.2,2,25.7,2.3,0.7,48.6,0,1.3,,
2020-01-09,Soil,56518,T63N3,1,0,8,8,3,90,5.2,1.6,7,23.8,38,58.1,3.6,,,26.7,0.2,0,8,26.8,0.1,0.8,3.3,0.2,0.1,0.7,,0.8,2.7,1.5,3.2,0.1,2,26.8,2.2,0.7,57.6,0,1.3,,
2020-01-09,Soil,56519,T64N1,1,0,8,8,0.9,48,12.7,6.8,7.6,21.4,27.6,68,3.8,,,8.8,0.6,0,5.9,14.9,0.1,0.9,3.3,0.2,0.2,0.5,,0.3,1.8,1,2,0.2,1.2,14.9,1.7,0.5,23,0,1.4,,
2020-01-09,Soil,56520,T64N2,1,0,8,8,1,50,19.4,11.3,7.4,23,24.1,71.7,3.3,,,7.3,0.8,0,7.8,9.7,0.2,1.2,5.3,0.4,0.2,0.5,,0.3,2,1,1.9,0.2,1,9.7,1.6,0.5,23.1,0,1.4,,
2020-01-09,Soil,56521,T64N3,1,0,8,8,0.7,44,16.9,8.8,7.4,30.6,19.8,75.6,3.3,,,6.3,1.2,0,5.6,10.4,0.2,1.1,6.3,0.4,0.2,0.4,,0.3,1.7,0.8,1.6,0.2,0.8,10.4,1.4,0.4,19.7,0,1.2,,
2020-01-09,Soil,56522,T65N1,1,0,8,8,1.3,56,3.9,4.9,6.7,51.8,32.1,58.1,4.2,,0.5,12,1.1,4.5,4.9,32.7,0.8,3.1,10.2,0.5,0.4,0.8,,0.6,3,2,3.4,0.2,1.9,32.7,2.1,0.8,33.9,0,1.6,,
2020-01-09,Soil,56523,T65N2,1,0,8,8,0.7,44,5.2,4,7,21.7,35.2,58.4,5.7,,,7.8,0.7,0,6.5,22.9,0.2,1.7,4.3,0.2,0.2,0.8,,0.8,2.6,1.6,4,0.2,2.7,22.9,2.7,0.8,24.4,0,1.3,,
2020-01-09,Soil,56524,T65N3,1,0,8,8,1,50.2,6.5,3.9,7.3,31.1,34.3,60,5.1,,,13.5,0.6,0,7.7,19.3,0.2,1.4,4,0.2,0.1,0.7,,0.8,2,1.3,3.2,0.2,2.3,19.3,2.5,0.7,29.8,0,1,,
2020-01-09,Soil,56465,R46N1,1,0,8,8,0.9,48,1.6,7.5,8.3,123.9,8.1,77.1,12.9,,,17.3,1.8,0,7.9,140.8,1.3,1,1.9,0.4,9.4,3.4,,11,6.9,1.8,26.9,7.6,15.1,140.8,12.9,3.4,29.8,0,2.2,,
2020-01-09,Soil,56466,R46N2,1,0,8,8,0.8,46,1.7,4.7,8.2,81.8,8.5,76.2,14.3,,,21.6,1,0,3.8,92.6,0.5,1,2.9,0.3,5.6,2.7,,8.5,6,1.4,21.8,3.8,13.4,92.6,11.4,2.7,37.9,0,2.1,,
2020-01-09,Soil,56467,R46N3,1,0,8,8,1.5,60,1.9,5.3,7.9,99.2,7.1,79.1,12.9,,,28.2,0.9,0,3.7,1150,0.6,0.6,3.5,0.4,6.2,5,,10.5,24.1,4,35.1,3.7,11.2,1150,9.4,5,48.8,0,2.1,,
2020-01-09,Soil,56468,R47N1,1,0,8,8,1.8,66,1.8,4.5,7.9,69.9,7.4,83.6,8.2,,,23.2,0.8,0,10.6,223.7,0.1,1,1.9,0.3,3.7,4.6,,26,25.1,3.9,21.7,1.5,6.7,223.7,5.7,4.6,41.1,0,1.1,,
2020-01-09,Soil,56469,R47N2,1,0,8,8,1.9,68,1.6,4.9,7.9,61.2,5.5,84.6,9.2,,,23.1,0.7,0,5,758.9,0.2,0.6,1.5,0.2,4.6,5.1,,30.5,30.5,4,27.9,3.1,7.9,758.9,6.7,5.1,33.6,0,1.4,,
2020-01-09,Soil,56470,R47N3,1,0,8,8,1.5,60,1.7,5,8,61.1,5.8,85,8.3,,,19.2,0.8,0,3.6,317.8,0.3,0.7,1.3,0.1,4.4,3.4,,12.5,19.3,2.9,19.4,2.8,6.8,317.8,5.8,3.4,32.7,0,1.4,,
2020-01-09,Soil,56471,R48N1,1,0,8,8,1,50,42.7,9.5,8.3,241.5,13.8,72.1,8.4,,,10.9,5.7,0,3.6,69.7,1.2,0.7,2.6,0.2,6.9,1.8,,6.5,7.2,2.5,10.3,5,5.3,69.7,4.7,1.8,24.8,0,1.4,,
2020-01-09,Soil,56472,R48N2,1,0,8,8,1,50,2.1,6.6,7.8,204.8,9.6,80,7.1,,,16.1,3.2,0,2.9,58.1,0.6,1,1.9,0.2,3.6,3,,16.5,11.7,3.7,14.7,2,6.2,58.1,5.3,3,26.5,0,1.4,,
2020-01-09,Soil,56473,R48N3,1,0,8,8,1,50,1.8,4.2,8,183.7,9,78.6,9.5,,,16.6,2.8,0,3,68,0.3,0.6,1.7,0.2,2.2,2.5,,18.5,8.1,2.6,19.7,1.5,10.1,68,8.5,2.5,24.8,0,1.5,,
2020-01-09,Soil,56474,R49N1,1,0,8,8,1.1,52,1.5,7.5,7.9,221.1,8.4,75.5,13.3,,,20.2,2.8,0,7.3,228.7,1.1,1.9,3.8,0.8,8.8,4.6,,24,16,3.1,29.9,5.2,11.5,228.7,9.7,4.6,37.1,0,1.7,,
2020-01-09,Soil,56475,R49N2,1,0,8,8,1.4,58,1.5,4.9,8,137.3,8.2,78,12.1,,,21.3,1.6,0,3.3,264,0.3,0.5,1.2,0.3,4.1,3.9,,18.5,15.8,3,25,2.2,9.7,264,8.2,3.9,34,0,1.3,,
2020-01-09,Soil,56476,R49N3,1,0,8,8,1.3,56,2.3,5.6,8.1,100.2,8.2,81.6,8.9,,,19.3,1.3,0,2.9,115.3,0.3,0.6,1.8,0.3,2.6,2,,9,6.2,1.4,13.6,1.4,8.3,115.3,7,2,35.8,0,1.4,,
2020-01-09,Soil,56477,R50N1,1,0,8,8,1.8,66,1.6,6.1,8.3,157.4,11,83.2,3.7,,,19.2,2.1,0,3,48.2,1.2,1,1.7,0.4,3,0.5,,0.7,2.1,0.7,3,0.9,2.5,48.2,2.6,0.5,36.6,0,1.8,,
2020-01-09,Soil,56478,R50N2,1,0,8,8,1.9,68,1.8,4.1,8.3,123.4,10.9,81.2,6.4,,,20.5,1.5,0,3.1,28.8,0.4,1.3,3.3,0.4,2.4,0.5,,1.2,1.4,0.4,4.6,0.8,5.5,28.8,4.8,0.5,40.3,0,3.4,,
2020-01-09,Soil,56479,R50N3,1,0,8,8,1.3,56,2.3,6.9,8.4,144.7,12.1,74.9,11.3,,,22.5,1.6,0,3,52,0.7,0.6,3.8,0.5,4.8,0.7,,1.2,2,0.4,6.8,1.2,7.3,52,6.2,0.7,50.7,0,3.6,,
2020-01-09,Soil,56480,R51N1,1,0,8,8,2,70,1.9,8.7,8.1,140.3,9.4,76.7,12.3,,,21.5,1.7,0,3.6,178.5,0.3,1,1.3,0.3,6.1,3.1,,10.5,9.3,2,22.7,3.6,11.3,178.5,9.5,3.1,45.5,0,1.4,,
2020-01-09,Soil,56481,R51N2,1,0,8,8,1.8,66,1.5,4,8.3,60.4,8.3,78.5,12.4,,,20.4,0.8,0,2.8,207.3,0.2,1,0.9,0.2,2.8,2.8,,10.5,7.3,2,22.3,1.8,12.3,207.3,10.4,2.8,35,0,1.7,,
2020-01-09,Soil,56482,R51N3,1,0,8,8,1.5,60,1.6,3.7,8.4,52.9,7.9,78.6,12.8,,,19.1,0.7,0,2.8,163,0.1,1,0.9,0.2,2.1,2.3,,5.5,5,1.1,19.5,1.5,13.2,163,11.2,2.3,35.6,0,1.7,,
2020-01-09,Soil,56483,R52N1,1,0,8,8,1.9,68,1.5,5,8.2,112.7,10.7,77.7,10.3,,,21.6,1.3,0,3.6,122.5,0.5,1,2,0.4,3.4,1.8,,5.5,4.6,1.6,12.5,1.3,8.4,122.5,7.1,1.8,44.4,0,1.4,,
2020-01-09,Soil,56484,R52N2,1,0,8,8,2,70,1.7,4,8,96.9,11.9,76.8,10.1,,,21.2,1.2,0,3.4,158,0.2,1,1.7,0.4,4.6,4.2,,24,15.7,4.7,24.2,2.2,9,158,7.6,4.2,40.2,0,1.3,,
2020-01-09,Soil,56485,R52N3,1,0,8,8,1.4,58,1.9,5.2,7.9,111.9,12.2,76.4,10.1,,,22.4,1.3,0,3.4,316.5,0.3,1,2.3,0.5,4.5,3.3,,10,13.8,4.1,19.6,1.6,7.7,316.5,6.5,3.3,39.2,0,1.3,,
2020-01-09,Soil,56486,R53N1,1,0,8,8,1.5,60,1.7,6.1,8.2,179.4,12.8,78.3,6.4,,,18.2,2.5,0,3.1,32.7,0.3,0.6,2.6,0.6,4,0.4,,0.8,1.6,0.6,3.8,1.4,3.9,32.7,3.6,0.4,33.2,0,2.7,,
2020-01-09,Soil,56487,R53N2,1,0,8,8,1,50,1.9,6.2,8.6,102.2,11.9,75.7,10.9,,,18,1.5,0,3.1,41.3,0.2,1,1.6,0.5,4.5,0.7,,1.6,1.1,0.3,6.7,2.7,9.5,41.3,8,0.7,26.9,0,2.8,,
2020-01-09,Soil,56488,R53N3,1,0,8,8,1.7,64,1.7,6.3,8,109.7,11.3,78.9,8.4,,,21.6,1.3,0,2.9,375.1,0.2,1,1.8,0.5,3.7,3.3,,6.5,18,4.5,19.3,2.4,6.7,375.1,5.8,3.3,36.5,0,1.8,,
2020-01-09,Soil,56489,R54N1,1,0,8,8,1.8,66,41.9,5.6,7.9,259.2,7.7,82.1,8.5,,,37.9,1.7,0,15,3808,0.6,0.6,0.9,0.4,10.8,5.3,,21,23.9,8.1,36.4,5.8,10.8,3808,9.1,5.3,35.4,0,1.7,,
2020-01-09,Soil,56490,R54N2,1,0,8,8,1.9,68,55.7,5.9,7.9,188.2,6.3,85.4,7.4,,,52.2,0.9,0,5.2,6787,0.4,0.5,1.5,0.6,9,5.4,,19,22.4,7.7,39.6,4.7,12.1,6787,10.2,5.4,36.1,0,1.4,,
2020-01-09,Soil,56491,R54N3,1,0,8,8,1.5,60,64.3,6.6,7.9,182.5,5.4,88.3,5.5,,,58.2,0.8,0,3.9,8227,0.5,0.8,1.7,0.7,8.2,6.4,,27,26.3,9.5,41.1,4.9,11.6,8227,9.7,6.4,38.6,0,1.8,,
2020-01-09,Soil,56492,R55N1,1,0,8,8,1.4,58,31.5,10.7,8.2,254.8,12.8,73,11.4,,,22.8,2.9,0,3.7,535.8,1,0.9,2.3,0.8,7.9,3.3,,8,10.2,3.3,25.2,4.2,11.6,535.8,9.7,3.3,41.4,0,2.4,,
2020-01-09,Soil,56493,R55N2,1,0,8,8,1.4,58,22.1,5.5,8,135.8,8.1,82.7,8,,,28.6,1.2,0,3.4,2344,0.2,0.6,1.4,0.5,6.2,4.8,,10,20.2,5.8,31.2,4.4,10.3,2344,8.7,4.8,28.9,0,1.4,,
2020-01-09,Soil,56494,R55N3,1,0,8,8,1.4,58,1.6,5,8,116.8,8.1,83.8,7.1,,,27.6,1.1,0,2.6,2135,0.2,1,1.4,0.4,6,4.2,,7.5,20.8,5.8,26.9,4.3,8.8,2135,7.4,4.2,26.3,0,1.7,,
2020-01-09,Soil,56495,T56N1,1,0,8,8,1.9,68,9.9,8.2,6.9,108.3,31.3,63,2.5,,0.2,16.4,1.7,1.5,13.6,64.2,1.3,4.2,27.7,0.9,0.8,0.8,,0.6,4.5,2.6,2.8,0.3,0.9,64.2,1.5,0.8,40.8,0,3.4,,
2020-01-09,Soil,56496,T56N2,1,0,8,8,2,70,4.9,5.6,6.7,65.3,35.7,56.1,2.9,,0.9,20.5,0.8,4.5,6.3,26.5,0.5,1.7,13.3,0.5,0.2,0.6,,0.3,2.3,1.4,2.4,0.2,1.3,26.5,1.7,0.6,35.3,0,1.6,,
2020-01-09,Soil,56497,T56N3,1,0,8,8,2.2,74,2.2,1.5,7.2,30.1,34.1,62.9,2.7,,,21.3,0.4,0,4.1,9.7,0.1,0.8,3.1,0.1,0.1,0.4,,0.6,1.4,0.5,1.9,0.1,1.5,9.7,1.9,0.4,33,0,1.4,,
2020-01-09,Soil,56498,T57N1,1,0,8,8,1.4,58,5.5,4.9,6.5,49.3,28.3,60.3,2.5,,0.7,9,1.4,7.5,3.8,13.5,0.4,8,10.8,0.5,0.2,0.5,,0.6,2.4,0.9,2,0.2,1.1,13.5,1.6,0.5,23.8,0,2.2,,
2020-01-09,Soil,56499,T57N2,1,0,8,8,1.2,54,1.6,1.8,6.5,38.2,38.5,50.4,2.7,,0.8,11.3,0.9,7.5,4.5,7.8,0.1,3.7,4,0.1,0.1,0.4,,0.7,1.3,0.5,1.7,0.2,1.4,7.8,1.8,0.4,22.7,0,0.8,,
2020-01-09,Soil,56500,T57N3,1,0,8,8,1.1,52,2.8,1.6,6.6,33.9,39.7,50.7,2.8,,0.7,11.7,0.7,6,3.8,5.6,0.1,2.6,3.7,0.1,0.1,0.3,,0.5,1.2,0.3,1.3,0.2,1,5.6,1.5,0.3,22.6,0,1.6,,
2020-01-09,Soil,56501,T58N1,1,0,8,8,1.3,56,1.8,3.9,5.7,48.4,14.3,60.7,2.4,,1.6,7.5,1.7,21,3.3,15.5,0.2,9.8,10,0.6,0.1,0.5,,0.5,2,0.6,2.1,0.3,1.5,15.5,1.9,0.5,19.9,0,1.4,,
2020-01-09,Soil,56502,T58N2,1,0,8,8,1.6,62,5.9,3.5,6.2,43.2,25.5,57.9,3.5,,1.2,10,1.1,12,7,8.4,0.2,6.6,7.2,0.4,0.1,0.7,,1.4,2.4,1.1,3,0.3,2,8.4,2.2,0.7,26.2,0,1.1,,
2020-01-09,Soil,56503,T58N3,1,0,8,8,1.5,60,2.1,1.9,6.4,43.8,37.9,49.4,2.8,,1.1,11.9,0.9,9,4.1,10.8,0.1,4.3,5,0.2,0.1,0.5,,0.5,2,0.7,1.8,0.2,1,10.8,1.5,0.5,22.5,0,1.3,,
2020-01-09,Soil,56504,T59N1,1,0,8,8,2,70,2.7,3.7,6.3,60.6,29.1,56.1,3.1,,1.4,13.3,1.2,10.5,10.5,8.8,0.3,6.6,16.5,0.6,0.2,0.7,,1.2,2.3,1.2,2.7,0.2,1.8,8.8,2.1,0.7,32.2,0,1.2,,
2020-01-09,Soil,56505,T59N2,1,0,8,8,0.8,46,6.8,4.9,6.9,56.2,29.2,61.7,6.4,,0.2,12.5,1.1,1.5,21.7,14.1,0.1,9.8,8,0.5,0.3,0.7,,1.2,2.1,1.2,3.8,0.2,3,14.1,2.9,0.7,34.4,0,1,,
2020-01-09,Soil,56506,T59N3,1,0,8,8,1.7,64,7.3,3.1,6.4,35.6,28,58.2,4,,1.1,12.3,0.7,9,11.3,5.3,0.1,11.6,5.8,0.3,0.1,0.7,,1.7,2.2,1.2,2.9,0.1,2,5.3,2.2,0.7,33.3,0,0.7,,
2020-01-09,Soil,56507,T60N1,1,0,8,8,1.8,66,3.8,2.3,5.7,38.3,21.7,53.9,2.7,,2.6,12.6,0.8,21,6.9,5.4,0.2,18.9,8.4,0.4,0.1,0.3,,0.5,1,0.5,1.3,0.1,0.9,5.4,1.5,0.3,28.6,0,1,,
2020-01-09,Soil,56508,T60N2,1,0,8,8,1.6,62,5.8,2.5,5.9,31.7,23.5,55.7,3.1,,1.9,11.2,0.7,17,8.5,4.9,0.1,15.1,6.3,0.3,0.1,0.5,,1.1,1.5,0.8,2,0.2,1.5,4.9,1.9,0.5,26,0,0.9,,
2020-01-09,Soil,56509,T60N3,1,0,8,8,1.3,56,7.4,4.1,6.6,46.7,28.6,58.3,6.2,,0.7,12.3,1,6,29.3,14,0.1,7.2,6.8,0.3,0.3,1,,2.8,3.3,2.1,5.1,0.2,3.2,14,3.1,1,36.7,0,1,,
2020-01-09,Soil,56510,T61N1,1,0,8,8,12.9,288,4.7,3.1,6.1,40.4,23.7,58.2,3.1,,1.6,11.2,0.9,14,9.3,5.1,0.1,13.6,7.4,0.4,0.1,0.6,,1,2.1,0.9,2.5,0.2,1.7,5.1,2,0.6,34.3,0,1.1,,
2020-01-09,Soil,56511,T61N2,1,0,8,8,2.1,72,8.2,2.7,6.2,27.1,26.6,57.1,3.7,,1.4,11.6,0.6,12,11.4,5.5,0.1,6.2,4.6,0.2,0.1,0.6,,2.1,2.1,1.1,2.7,0.2,1.9,5.5,2.2,0.6,35,0,1.1,,
2020-01-09,Soil,56512,T61N3,1,0,8,8,1.5,60,11.4,5.4,7,57.3,25.4,68.6,4.1,,,7.4,2,0,9.9,7.1,0.1,3.5,4.5,0.4,0.1,0.5,,0.8,1.8,0.7,2.1,0.2,1.5,7.1,1.9,0.5,26.7,0,1.1,,
2020-01-09,Soil,56513,T62N1,1,0,8,8,1.1,52,6.8,4.8,5.4,35.1,13.3,53.9,2.5,,1.4,4.9,1.8,28.5,3.3,11.4,0.3,13.5,11.8,0.7,0.1,0.4,,0.3,1.5,0.8,1.5,0.2,0.8,11.4,1.4,0.4,21.9,0,1.1,,
2020-01-09,Soil,56514,T62N2,1,0,8,8,1,50,8.5,5.4,6.4,45,27.7,59.3,2.3,,0.6,6.9,1.7,9,3.7,9.3,0.5,9,13,0.6,0.2,0.4,,0.8,1.7,0.7,1.9,0.3,1.3,9.3,1.7,0.4,22.3,0,0.9,,
2020-01-09,Soil,56515,T62N3,1,0,8,8,1,50,4,1.5,6.7,46.6,40.2,51.5,2.8,,0.5,11.4,1,4.5,3.8,6.1,0.1,2.6,3.8,0.1,0.1,0.4,,0.5,1.1,0.7,1.5,0.1,1.1,6.1,1.6,0.4,24.4,0,1,,
2020-01-09,Soil,56516,T63N1,1,0,8,8,1.8,66,4.2,2.3,6.6,36.5,34.2,55.8,3.5,,1.2,20.6,0.5,6,7.7,23.2,0.2,2.1,8.8,0.5,0.5,0.5,,0.8,2.1,1.1,2.4,0.2,1.5,23.2,1.9,0.5,43.4,0,1.3,,
2020-01-09,Soil,56517,T63N2,1,0,8,8,2.3,76,5,2.9,6.7,39.1,36,55.2,3.9,,1,23.2,0.4,4.5,11.8,25.7,0.2,1.7,7.3,0.4,0.4,0.7,,0.7,2.5,1.2,3.1,0.2,2,25.7,2.3,0.7,48.6,0,1.3,,
2020-01-09,Soil,56518,T63N3,1,0,8,8,3,90,5.2,1.6,7,23.8,38,58.1,3.6,,,26.7,0.2,0,8,26.8,0.1,0.8,3.3,0.2,0.1,0.7,,0.8,2.7,1.5,3.2,0.1,2,26.8,2.2,0.7,57.6,0,1.3,,
2020-01-09,Soil,56519,T64N1,1,0,8,8,0.9,48,12.7,6.8,7.6,21.4,27.6,68,3.8,,,8.8,0.6,0,5.9,14.9,0.1,0.9,3.3,0.2,0.2,0.5,,0.3,1.8,1,2,0.2,1.2,14.9,1.7,0.5,23,0,1.4,,
2020-01-09,Soil,56520,T64N2,1,0,8,8,1,50,19.4,11.3,7.4,23,24.1,71.7,3.3,,,7.3,0.8,0,7.8,9.7,0.2,1.2,5.3,0.4,0.2,0.5,,0.3,2,1,1.9,0.2,1,9.7,1.6,0.5,23.1,0,1.4,,
2020-01-09,Soil,56521,T64N3,1,0,8,8,0.7,44,16.9,8.8,7.4,30.6,19.8,75.6,3.3,,,6.3,1.2,0,5.6,10.4,0.2,1.1,6.3,0.4,0.2,0.4,,0.3,1.7,0.8,1.6,0.2,0.8,10.4,1.4,0.4,19.7,0,1.2,,
2020-01-09,Soil,56522,T65N1,1,0,8,8,1.3,56,3.9,4.9,6.7,51.8,32.1,58.1,4.2,,0.5,12,1.1,4.5,4.9,32.7,0.8,3.1,10.2,0.5,0.4,0.8,,0.6,3,2,3.4,0.2,1.9,32.7,2.1,0.8,33.9,0,1.6,,
2020-01-09,Soil,56523,T65N2,1,0,8,8,0.7,44,5.2,4,7,21.7,35.2,58.4,5.7,,,7.8,0.7,0,6.5,22.9,0.2,1.7,4.3,0.2,0.2,0.8,,0.8,2.6,1.6,4,0.2,2.7,22.9,2.7,0.8,24.4,0,1.3,,
2020-01-09,Soil,56524,T65N3,1,0,8,8,1,50.2,6.5,3.9,7.3,31.1,34.3,60,5.1,,,13.5,0.6,0,7.7,19.3,0.2,1.4,4,0.2,0.1,0.7,,0.8,2,1.3,3.2,0.2,2.3,19.3,2.5,0.7,29.8,0,1,,
2021-04-20,Soil,43794,G01,1,0,8,8,,,,,,1.63,0.45,1.4,0.01,,,,,,,0.21,25.85,70.57,180.4,6.16,32.85,,,,,,,,,0,,,,,,0.18,87.43
2021-04-20,Soil,43795,G02,1,0,8,8,,,,,,1.88,0.44,1.6,0.01,,,,,,,0.23,28.02,100.2,193.1,7.5,34.26,,,,,,,,,0,,,,,,0.22,96.27
2021-04-20,Soil,43796,G03,1,0,8,8,,,,,,1.96,0.44,1.64,0.01,,,,,,,0.23,27.46,72.4,195.7,7.88,37.77,,,,,,,,,0,,,,,,0.2,84.32
2021-04-20,Soil,43797,G04,1,0,8,8,,,,,,1.89,0.43,1.66,0.02,,,,,,,0.27,28.47,85.4,225.7,7.23,40.85,,,,,,,,,0,,,,,,0.21,95.18
2021-04-20,Soil,43798,G05,1,0,8,8,,,,,,1.37,0.39,1.52,0.01,,,,,,,0.22,22.49,86.5,205.3,7.27,40.11,,,,,,,,,0,,,,,,0.19,95.19
2021-04-20,Soil,43799,G06,1,0,8,8,,,,,,2.15,0.48,1.81,0.01,,,,,,,0.23,23.94,54.54,221.2,7.52,45.82,,,,,,,,,0,,,,,,0.23,99.18
2021-04-20,Soil,43800,G07,1,0,8,8,,,,,,2.3,0.49,2.05,0.01,,,,,,,0.24,25.28,64.45,213.4,9.38,45.2,,,,,,,,,0,,,,,,0.25,92.84
2021-04-20,Soil,43801,G08,1,0,8,8,,,,,,1.9,0.52,1.83,0.01,,,,,,,0.23,21.31,106.4,160,8.6,41.09,,,,,,,,,0,,,,,,0.22,67.43
2021-04-20,Soil,43802,G09,1,0,8,8,,,,,,2.26,0.56,2.11,0.01,,,,,,,0.23,24.87,114.8,174.7,8.32,40.06,,,,,,,,,0,,,,,,0.21,81.24
2021-04-20,Soil,43803,G10,1,0,8,8,,,,,,1.83,0.5,1.61,0.02,,,,,,,0.24,23.9,101.3,179.3,8.69,42.94,,,,,,,,,0,,,,,,0.23,80.15
2021-04-20,Soil,43804,G11,1,0,8,8,,,,,,1.82,0.48,1.7,0.01,,,,,,,0.21,20.69,92.82,154,7.12,38.28,,,,,,,,,0,,,,,,0.17,72.46
2021-04-20,Soil,43805,G12,1,0,8,8,,,,,,1.62,0.49,1.7,0.02,,,,,,,0.22,24.12,101.5,188.3,7.95,42.12,,,,,,,,,0,,,,,,0.2,88.64
2021-04-20,Soil,43806,G13,1,0,8,8,,,,,,1.78,0.46,1.68,0.02,,,,,,,0.23,25.79,68.9,199.8,7.95,43.64,,,,,,,,,0,,,,,,0.22,93.88
2021-04-20,Soil,43807,G14,1,0,8,8,,,,,,1.68,0.42,1.72,0.01,,,,,,,0.19,19.47,47.92,140.8,6.61,36.78,,,,,,,,,0,,,,,,0.2,69.02
2021-04-20,Soil,43808,G15,1,0,8,8,,,,,,1.38,0.41,1.41,0.01,,,,,,,0.2,34.46,66.01,169,8.52,37.49,,,,,,,,,0,,,,,,0.18,79.66
2021-04-20,Soil,43809,G16,1,0,8,8,,,,,,2.43,0.4,1.6,0.01,,,,,,,0.24,21.02,122.3,202.6,7.34,47.05,,,,,,,,,0,,,,,,0.22,86.01
2021-04-20,Soil,43810,G17,1,0,8,8,,,,,,1.42,0.42,1.39,0.01,,,,,,,0.21,17.67,82.58,136.2,6.79,33.25,,,,,,,,,0,,,,,,0.19,59.84
2021-04-20,Soil,43811,G18,1,0,8,8,,,,,,1.15,0.44,1.57,0.02,,,,,,,0.2,23.08,97.26,160.3,7.72,32.54,,,,,,,,,0,,,,,,0.18,73.97
2021-04-20,Soil,43812,G19,1,0,8,8,,,,,,1.69,0.45,1.64,0.02,,,,,,,0.21,23.24,76.84,170.6,6.49,39.41,,,,,,,,,0,,,,,,0.19,89.45
2021-04-20,Soil,43813,G20,1,0,8,8,,,,,,1.76,0.38,1.42,0.01,,,,,,,0.22,21.57,44.07,137.5,6.38,33.36,,,,,,,,,0,,,,,,0.21,60.63
2021-04-20,Soil,43814,G21,1,0,8,8,,,,,,1.45,0.46,1.57,0.01,,,,,,,0.22,19.78,63.01,177.2,6.57,35.31,,,,,,,,,0,,,,,,0.2,90.18
2021-04-20,Soil,43815,G22,1,0,8,8,,,,,,1.54,0.48,1.85,0.01,,,,,,,0.22,25.57,120.9,212.8,6.17,37.3,,,,,,,,,0,,,,,,0.2,101.6
2021-04-20,Soil,43739,SS1,1,0,8,8,,,,,,1.59,0.24,0.89,0.03,,,,,,,0.31,31.73,70.09,70.37,13.89,24.08,,,,,,,,,0,,,,,,0.6,37.34
2021-04-20,Soil,43740,SS2,1,0,8,8,,,,,,1.29,0.17,0.72,0.03,,,,,,,0.24,26.67,67.81,110.7,10.88,20.23,,,,,,,,,0,,,,,,0.46,49.5
2021-04-20,Soil,43741,SS3,1,0,8,8,,,,,,1.67,0.2,0.99,0.02,,,,,,,0.27,33.92,87.42,132.7,14.64,31.13,,,,,,,,,0,,,,,,0.54,65.83
2021-04-20,Soil,43742,SS4,1,0,8,8,,,,,,1.31,0.17,0.76,0.02,,,,,,,0.24,29.14,174.4,98.47,14.26,24.04,,,,,,,,,0,,,,,,0.47,45.77
2021-04-20,Soil,43743,SS5,1,0,8,8,,,,,,1.35,0.18,0.8,0.02,,,,,,,0.26,27.7,81.91,100.8,12.24,18.3,,,,,,,,,0,,,,,,0.52,44.62
2021-04-20,Soil,43744,SS6,1,0,8,8,,,,,,1.14,0.19,0.77,0.02,,,,,,,0.22,26.2,106.5,102.6,11.48,22.83,,,,,,,,,0,,,,,,0.43,43.9
2021-04-20,Soil,43745,SS7,1,0,8,8,,,,,,1.49,0.2,0.77,0.02,,,,,,,0.28,31.55,59.08,119.1,15.37,16.09,,,,,,,,,0,,,,,,0.52,55.15
2021-04-20,Soil,43746,SS8,1,0,8,8,,,,,,1.44,0.18,0.55,0.03,,,,,,,0.26,36.94,41.98,137.8,13.85,11.53,,,,,,,,,0,,,,,,0.48,68.13
2021-04-20,Soil,43774,ST01,1,0,8,8,,,,,,2.12,0.47,1.76,0.03,,,,,,,0.45,78.22,42.37,179.6,18.41,33.47,,,,,,,,,0,,,,,,0.21,100.8
2021-04-20,Soil,43775,ST02,1,0,8,8,,,,,,2.4,0.44,1.65,0.03,,,,,,,0.56,76.83,42.62,196.7,10.37,42.72,,,,,,,,,0,,,,,,0.24,103.2
2021-04-20,Soil,43776,ST03,1,0,8,8,,,,,,2.11,0.37,1.57,0.03,,,,,,,0.43,71.69,41.98,185.9,9.07,43.7,,,,,,,,,0,,,,,,0.24,105.1
2021-04-20,Soil,43777,ST04,1,0,8,8,,,,,,2.53,0.51,2.02,0.02,,,,,,,0.46,59.14,45.29,177,8.6,44.2,,,,,,,,,0,,,,,,0.27,91.88
2021-04-20,Soil,43778,ST05,1,0,8,8,,,,,,2.71,0.49,2.05,0.03,,,,,,,0.46,67.93,46.02,157.7,7.98,43.76,,,,,,,,,0,,,,,,0.25,85.27
2021-04-20,Soil,43779,ST06,1,0,8,8,,,,,,2.6,0.48,2.03,0.03,,,,,,,0.51,91.68,44.55,158.1,7.99,43.55,,,,,,,,,0,,,,,,0.24,105.4
2021-04-20,Soil,43780,ST07,1,0,8,8,,,,,,2.74,0.44,2.02,0.03,,,,,,,0.61,103.4,60.55,232.4,14.11,39.95,,,,,,,,,0,,,,,,0.23,133.4
2021-04-20,Soil,43781,ST08,1,0,8,8,,,,,,2.48,0.53,2.3,0.03,,,,,,,0.52,123.8,46.08,165,12.42,35.72,,,,,,,,,0,,,,,,0.24,105.1
2021-04-20,Soil,43782,ST09,1,0,8,8,,,,,,2.82,0.43,1.92,0.03,,,,,,,0.47,68.19,48.21,212,10.96,37.65,,,,,,,,,0,,,,,,0.26,136.2
2021-04-20,Soil,43783,ST10,1,0,8,8,,,,,,2.85,0.45,1.86,0.03,,,,,,,0.4,70.38,55.05,148.4,18.22,39.95,,,,,,,,,0,,,,,,0.36,141.7
2021-04-20,Soil,43901,WGG1,1,0,8,8,,,,,,1.17,0.39,1.15,0.03,,,,,,,0.48,35.32,104.4,181.3,270.9,47.54,,,,,,,,,0,,,,,,0.4,43.77
2021-04-20,Soil,43902,WGG2,1,0,8,8,,,,,,1.17,0.34,1.09,0.03,,,,,,,0.49,40.25,91.23,153.6,277.6,45.04,,,,,,,,,0,,,,,,0.42,32.95
2021-04-20,Soil,43903,WGG3,1,0,8,8,,,,,,1.19,0.35,1.25,0.03,,,,,,,0.41,40.16,112.9,145.3,182.7,42.62,,,,,,,,,0,,,,,,0.45,35.31
2021-04-20,Soil,43904,WGG4,1,0,8,8,,,,,,1.12,0.39,1.37,0.03,,,,,,,0.47,43.11,135.6,175.8,246.5,48.81,,,,,,,,,0,,,,,,0.45,47.93
2021-04-20,Soil,43905,WGG5,1,0,8,8,,,,,,1.13,0.39,1.31,0.03,,,,,,,0.48,44.19,116.8,145.5,167.7,49.3,,,,,,,,,0,,,,,,0.49,33.87
2021-04-20,Soil,43906,WGG6,1,0,8,8,,,,,,1.04,0.26,0.85,0.03,,,,,,,0.37,24.42,72.59,153.6,166.3,31.65,,,,,,,,,0,,,,,,0.38,31.23
2021-04-20,Soil,43907,WGG7,1,0,8,8,,,,,,1.15,0.33,1.09,0.03,,,,,,,0.5,27.76,101.5,172.3,255.3,35.13,,,,,,,,,0,,,,,,0.41,31.55
2021-04-20,Soil,43908,WGG8,1,0,8,8,,,,,,1.01,0.4,1.3,0.03,,,,,,,0.57,45.79,105.7,183.1,302.9,39.71,,,,,,,,,0,,,,,,0.44,46.19
2021-04-20,Soil,43909,WGG9,1,0,8,8,,,,,,1.1,0.31,1.02,0.03,,,,,,,0.44,41.78,77.73,161.5,230,28.49,,,,,,,,,0,,,,,,0.48,42.75
2021-04-20,Soil,43910,WGG10,1,0,8,8,,,,,,1.26,0.28,1.07,0.05,,,,,,,0.47,43.13,62.06,132.5,212.2,40.99,,,,,,,,,0,,,,,,0.47,34.13
2021-04-20,Soil,43911,WGG11,1,0,8,8,,,,,,1.17,0.35,1.29,0.03,,,,,,,0.5,27.6,100.8,174.6,282.3,44.74,,,,,,,,,0,,,,,,0.37,48.49
2021-04-20,Soil,43912,WGG12,1,0,8,8,,,,,,1.26,0.32,0.99,0.03,,,,,,,0.47,30.29,95.42,190.6,206.2,40.74,,,,,,,,,0,,,,,,0.44,46.81
2021-04-20,Soil,43913,WGG13,1,0,8,8,,,,,,1.28,0.38,1.31,0.03,,,,,,,0.52,38.78,127.8,236.1,256.7,45.79,,,,,,,,,0,,,,,,0.47,61.71
2021-04-20,Soil,43914,WGG14,1,0,8,8,,,,,,1.49,0.4,1.28,0.04,,,,,,,0.56,46.11,97.68,217.1,266.2,51.94,,,,,,,,,0,,,,,,0.55,56.29
2021-04-20,Soil,43915,WGG15,1,0,8,8,,,,,,1.64,0.33,1.14,0.03,,,,,,,0.48,41.16,77.11,148,205.7,46.71,,,,,,,,,0,,,,,,0.56,38.52
2021-04-20,Soil,43916,WGG16,1,0,8,8,,,,,,1.25,0.32,1.14,0.03,,,,,,,0.43,28.32,115.2,160.7,204.7,37.5,,,,,,,,,0,,,,,,0.4,47.24
2021-04-20,Soil,43917,WGG17,1,0,8,8,,,,,,1.26,0.37,1.14,0.04,,,,,,,0.62,39.49,105.4,216.5,338.4,46.1,,,,,,,,,0,,,,,,0.48,55.18
2021-04-20,Soil,43918,WGG18,1,0,8,8,,,,,,1.09,0.43,1.38,0.04,,,,,,,0.67,41.51,129.1,223.9,402.9,46.84,,,,,,,,,0,,,,,,0.44,62.42
2021-04-20,Soil,43919,WGG19,1,0,8,8,,,,,,1.25,0.46,1.49,0.08,,,,,,,0.56,54.11,81.95,208.2,189.9,43.06,,,,,,,,,0,,,,,,0.6,66.92
2021-04-20,Soil,43920,WGG20,1,0,8,8,,,,,,1.25,0.46,1.61,0.03,,,,,,,0.45,52.58,112.4,235.5,166.9,39.28,,,,,,,,,0,,,,,,0.55,67.15
2021-04-20,Soil,43921,WGG21,1,0,8,8,,,,,,1.04,0.37,1.31,0.04,,,,,,,0.5,31.51,101,241.7,308.1,39.37,,,,,,,,,0,,,,,,0.39,70.02
2021-04-20,Soil,43922,WGG22,1,0,8,8,,,,,,1.23,0.34,1.18,0.04,,,,,,,0.55,34.71,111.2,259.8,362.8,39.42,,,,,,,,,0,,,,,,0.44,72.6
2021-04-20,Soil,43923,WGG23,1,0,8,8,,,,,,1.27,0.43,1.38,0.05,,,,,,,0.58,40.86,101.6,237.7,383.3,44.79,,,,,,,,,0,,,,,,0.52,78.06
2021-04-20,Soil,43924,WGG24,1,0,8,8,,,,,,1.24,0.37,1.33,0.04,,,,,,,0.59,35.17,114.6,271.3,353.1,44.33,,,,,,,,,0,,,,,,0.5,90.15
2021-04-20,Soil,43925,WGG25,1,0,8,8,,,,,,1.39,0.33,1.11,0.04,,,,,,,0.51,37.46,92.93,214.3,298.4,38.81,,,,,,,,,0,,,,,,0.55,67.14
2021-04-20,Soil,43784,ST01,1,0,8,8,,,,,,1.8,0.43,1.61,0.02,,,,,,,0.26,30.59,97.87,161.9,8.84,35.83,,,,,,,,,0,,,,,,0.23,88.31
2021-04-20,Soil,43785,ST02,1,0,8,8,,,,,,1.4,0.44,1.62,0.02,,,,,,,0.21,25.96,75.06,170.1,7.88,34.69,,,,,,,,,0,,,,,,0.18,88.53
2021-04-20,Soil,43786,ST03,1,0,8,8,,,,,,1.64,0.41,1.25,0.02,,,,,,,0.25,21.86,99.23,160.4,5.96,34.56,,,,,,,,,0,,,,,,0.19,75.25
2021-04-20,Soil,43787,ST04,1,0,8,8,,,,,,1.28,0.48,1.63,0.02,,,,,,,0.21,28.84,114.2,146.1,7.48,35.85,,,,,,,,,0,,,,,,0.21,72.82
2021-04-20,Soil,43788,ST05,1,0,8,8,,,,,,1.89,0.37,1.5,0.02,,,,,,,0.2,27.55,65.58,163,7.22,32.95,,,,,,,,,0,,,,,,0.19,77.28
2021-04-20,Soil,43789,ST06,1,0,8,8,,,,,,1.98,0.42,1.61,0.02,,,,,,,0.23,25.14,89.14,168.3,7.45,37.12,,,,,,,,,0,,,,,,0.19,77.2
2021-04-20,Soil,43790,ST07,1,0,8,8,,,,,,1.9,0.4,1.55,0.02,,,,,,,0.21,25.59,71.53,181.3,7.51,34.3,,,,,,,,,0,,,,,,0.19,97.65
2021-04-20,Soil,43791,ST08,1,0,8,8,,,,,,1.96,0.39,1.71,0.01,,,,,,,0.24,27.8,63.24,216.1,6.99,33.92,,,,,,,,,0,,,,,,0.18,117.8
2021-04-20,Soil,43792,ST09,1,0,8,8,,,,,,1.49,0.34,1.25,0.02,,,,,,,0.22,22.64,73.83,190.1,6.18,30.68,,,,,,,,,0,,,,,,0.18,97.17
2021-04-20,Soil,43793,ST10,1,0,8,8,,,,,,1.73,0.38,1.29,0.02,,,,,,,0.22,25.11,66.36,205.2,6.37,33.25,,,,,,,,,0,,,,,,0.19,92.77
2021-04-20,Soil,43747,G01,1,0,8,8,,,,,,2.74,0.55,2.33,0.03,,,,,,,0.48,63.98,60.37,236.7,14,43.57,,,,,,,,,0,,,,,,0.32,115.1
2021-04-20,Soil,43748,G02,1,0,8,8,,,,,,2.87,0.51,2.26,0.03,,,,,,,0.49,62.26,44.8,231.8,8.21,41.83,,,,,,,,,0,,,,,,0.29,119.7
2021-04-20,Soil,43749,G03,1,0,8,8,,,,,,2.48,0.53,2.42,0.03,,,,,,,0.47,58.89,70.01,255.2,7.49,41.12,,,,,,,,,0,,,,,,0.25,142.6
2021-04-20,Soil,43750,G04,1,0,8,8,,,,,,2.61,0.6,2.58,0.03,,,,,,,0.47,88.72,53.94,243.3,15.68,42.62,,,,,,,,,0,,,,,,0.27,126.4
2021-04-20,Soil,43751,G05,1,0,8,8,,,,,,2.81,0.56,2.43,0.03,,,,,,,0.44,85.91,53.14,192.7,8.81,35.91,,,,,,,,,0,,,,,,0.27,97.29
2021-04-20,Soil,43752,G06,1,0,8,8,,,,,,2.69,0.44,2.17,0.03,,,,,,,0.48,81.65,44.3,203.4,9.25,44.36,,,,,,,,,0,,,,,,0.3,116.6
2021-04-20,Soil,43753,G07,1,0,8,8,,,,,,2.28,0.55,2.48,0.02,,,,,,,0.37,70.02,56.99,199.7,8.08,40.07,,,,,,,,,0,,,,,,0.26,103.2
2021-04-20,Soil,43754,G08,1,0,8,8,,,,,,2.22,0.49,2.2,0.03,,,,,,,0.47,78.38,44,184.9,9.83,35.05,,,,,,,,,0,,,,,,0.23,101
2021-04-20,Soil,43755,G09,1,0,8,8,,,,,,2.77,0.49,2.04,0.02,,,,,,,0.49,74.89,47.28,154.6,8.14,34.29,,,,,,,,,0,,,,,,0.23,86.59
2021-04-20,Soil,43756,G10,1,0,8,8,,,,,,2.52,0.5,2.04,0.03,,,,,,,0.66,101.5,65.38,193.5,7.65,42.49,,,,,,,,,0,,,,,,0.25,88.35
2021-04-20,Soil,43757,G11,1,0,8,8,,,,,,2.99,0.49,2.13,0.03,,,,,,,0.68,90.07,46.77,134.7,8.36,43.42,,,,,,,,,0,,,,,,0.27,114.2
2021-04-20,Soil,43758,G12,1,0,8,8,,,,,,2.56,0.45,2.14,0.02,,,,,,,0.46,57.58,38.43,204.7,7.55,36.5,,,,,,,,,0,,,,,,0.22,110
2021-04-20,Soil,43759,G13,1,0,8,8,,,,,,3.05,0.53,2.25,0.03,,,,,,,0.52,70.96,46.42,205.8,9.49,43.35,,,,,,,,,0,,,,,,0.28,126.3
2021-04-20,Soil,43760,G14,1,0,8,8,,,,,,3.04,0.5,2.25,0.04,,,,,,,0.79,117.6,49.82,207.6,20.05,43.59,,,,,,,,,0,,,,,,0.28,111.5
2021-04-20,Soil,43761,G15,1,0,8,8,,,,,,2.74,0.47,1.96,0.03,,,,,,,0.75,104.3,53.15,146.2,9.62,40.22,,,,,,,,,0,,,,,,0.25,64.81
2021-04-20,Soil,43762,G16,1,0,8,8,,,,,,2.37,0.38,1.46,0.03,,,,,,,0.44,78.29,32.4,160.3,5.98,32.82,,,,,,,,,0,,,,,,0.2,86.93
2021-04-20,Soil,43763,G17,1,0,8,8,,,,,,2.68,0.49,2.04,0.03,,,,,,,0.54,86.99,49.93,166.7,9.17,43.26,,,,,,,,,0,,,,,,0.26,80.02
2021-04-20,Soil,43764,G18,1,0,8,8,,,,,,2.78,0.54,2.27,0.03,,,,,,,0.46,68.07,48.35,182.2,8.14,39.51,,,,,,,,,0,,,,,,0.25,87.37
2021-04-20,Soil,43765,G19,1,0,8,8,,,,,,2.71,0.48,2.32,0.03,,,,,,,0.51,73.76,46.94,145.7,8.15,41.11,,,,,,,,,0,,,,,,0.27,73.28
2021-04-20,Soil,43766,G20,1,0,8,8,,,,,,2.5,0.48,2.23,0.03,,,,,,,0.55,78.15,40.46,176,8.38,34.67,,,,,,,,,0,,,,,,0.24,87.9
2021-04-20,Soil,43767,G21,1,0,8,8,,,,,,2.79,0.5,2.16,0.02,,,,,,,0.47,49.25,68.22,148.4,6.75,35.32,,,,,,,,,0,,,,,,0.31,74.66
2021-04-20,Soil,43768,G22,1,0,8,8,,,,,,2.66,0.52,2.33,0.02,,,,,,,0.41,62.01,51.74,162.6,10.13,37.58,,,,,,,,,0,,,,,,0.26,97.76
2021-04-20,Soil,43769,G23,1,0,8,8,,,,,,2.62,0.47,2.14,0.02,,,,,,,0.36,43.32,46.43,112.5,8.68,37.29,,,,,,,,,0,,,,,,0.28,95.05
2021-04-20,Soil,43770,G24,1,0,8,8,,,,,,3.08,0.55,2.16,0.03,,,,,,,0.39,50.62,67.65,111.4,7.53,38.25,,,,,,,,,0,,,,,,0.26,92.79
2021-04-20,Soil,43771,G25,1,0,8,8,,,,,,2.53,0.46,2.13,0.03,,,,,,,0.5,73.98,55.56,152.2,8.05,36.59,,,,,,,,,0,,,,,,0.25,111.6
2021-04-20,Soil,43772,G26,1,0,8,8,,,,,,2.65,0.45,2.05,0.03,,,,,,,0.48,65.99,57.71,135.9,8.45,36.93,,,,,,,,,0,,,,,,0.27,104.9
2021-04-20,Soil,43773,G27,1,0,8,8,,,,,,2.28,0.47,2.05,0.03,,,,,,,0.49,76.96,64.27,240.1,40.41,34.53,,,,,,,,,0,,,,,,0.23,153.7
2021-04-20,Soil,43866,WHG1,1,0,8,8,,,,,,1.56,0.22,0.97,0.02,,,,,,,0.26,25.77,34.7,98.38,7.86,43.69,,,,,,,,,0,,,,,,0.39,39.73
2021-04-20,Soil,43867,WHG2,1,0,8,8,,,,,,1.55,0.21,0.88,0.02,,,,,,,0.22,22.61,28.8,76.68,6.2,39.43,,,,,,,,,0,,,,,,0.37,34.55
2021-04-20,Soil,43868,WHG3,1,0,8,8,,,,,,1.34,0.23,0.85,0.02,,,,,,,0.23,22.67,26.79,75.51,7.83,46.33,,,,,,,,,0,,,,,,0.39,26.42
2021-04-20,Soil,43869,WHG4,1,0,8,8,,,,,,1.23,0.25,0.9,0.02,,,,,,,0.26,25.84,30.89,63.1,8.04,40.29,,,,,,,,,0,,,,,,0.39,24.79
2021-04-20,Soil,43870,WHG5,1,0,8,8,,,,,,1.38,0.21,0.82,0.02,,,,,,,0.23,22.96,29.26,71.21,7.61,32.92,,,,,,,,,0,,,,,,0.4,20.71
2021-04-20,Soil,43871,WHG6,1,0,8,8,,,,,,1.4,0.22,0.9,0.02,,,,,,,0.23,25.02,28.16,57.19,8.38,42.68,,,,,,,,,0,,,,,,0.39,14.96
2021-04-20,Soil,43872,WHG7,1,0,8,8,,,,,,1.31,0.22,0.89,0.02,,,,,,,0.23,24.36,28.7,74.73,7.53,43.23,,,,,,,,,0,,,,,,0.35,28.87
2021-04-20,Soil,43873,WHG8,1,0,8,8,,,,,,1.37,0.2,0.75,0.02,,,,,,,0.21,20.58,25.47,66.85,5.88,53.12,,,,,,,,,0,,,,,,0.36,20.34
2021-04-20,Soil,43874,WHG9,1,0,8,8,,,,,,1.34,0.21,0.91,0.02,,,,,,,0.22,21.17,21.14,61.88,6.43,39.46,,,,,,,,,0,,,,,,0.36,18.24
2021-04-20,Soil,43875,WHG10,1,0,8,8,,,,,,1.39,0.22,0.85,0.02,,,,,,,0.26,26.98,30.5,71.51,7.91,48.93,,,,,,,,,0,,,,,,0.41,21.04
2021-04-20,Soil,43876,WHG11,1,0,8,8,,,,,,1.45,0.2,0.95,0.02,,,,,,,0.25,24.18,29.92,68.31,9.15,36.49,,,,,,,,,0,,,,,,0.42,22.48
2021-04-20,Soil,43877,WHG12,1,0,8,8,,,,,,1.42,0.23,1.05,0.02,,,,,,,0.24,26.04,31.22,76.14,10.02,42.55,,,,,,,,,0,,,,,,0.4,28.66
2021-04-20,Soil,43878,WHG13,1,0,8,8,,,,,,1.39,0.24,0.97,0.02,,,,,,,0.24,24.52,28.95,64.12,8.48,38.57,,,,,,,,,0,,,,,,0.37,25.13
2021-04-20,Soil,43879,WHG14,1,0,8,8,,,,,,1.43,0.22,0.78,0.02,,,,,,,0.21,24.46,26.17,58.01,8.15,33.81,,,,,,,,,0,,,,,,0.43,18.23
2021-04-20,Soil,43880,WHG15,1,0,8,8,,,,,,1.35,0.26,1.01,0.02,,,,,,,0.24,22.55,29.71,79.61,9.43,43.9,,,,,,,,,0,,,,,,0.4,24.95
2021-04-20,Soil,43881,WHG16,1,0,8,8,,,,,,1.29,0.24,0.87,0.02,,,,,,,0.22,25.22,26.17,63.54,9.35,47.24,,,,,,,,,0,,,,,,0.37,21.27
2021-04-20,Soil,43882,WHG17,1,0,8,8,,,,,,1.67,0.2,0.85,0.02,,,,,,,0.23,26.45,24.8,66.44,8.49,46.31,,,,,,,,,0,,,,,,0.43,23.89
2021-04-20,Soil,43883,WHG18,1,0,8,8,,,,,,1.5,0.21,0.77,0.02,,,,,,,0.22,25.58,27.92,64.48,9,44.6,,,,,,,,,0,,,,,,0.38,23.98
2021-04-20,Soil,43884,WHG19,1,0,8,8,,,,,,1.48,0.22,0.88,0.02,,,,,,,0.23,26.66,29.48,82.62,9.5,40.64,,,,,,,,,0,,,,,,0.39,35.77
2021-04-20,Soil,43885,WHG20,1,0,8,8,,,,,,1.43,0.21,0.91,0.02,,,,,,,0.23,21.99,30.1,68.3,7.74,68.54,,,,,,,,,0,,,,,,0.33,26.54
2021-04-20,Soil,43886,WHG21,1,0,8,8,,,,,,1.36,0.23,0.92,0.02,,,,,,,0.26,29.36,32,74.05,11.15,48.84,,,,,,,,,0,,,,,,0.41,23.23
2021-04-20,Soil,43887,WHG22,1,0,8,8,,,,,,1.43,0.24,0.87,0.02,,,,,,,0.24,26.4,29.31,64.39,9.14,45.49,,,,,,,,,0,,,,,,0.42,19.75
2021-04-20,Soil,43888,WHG23,1,0,8,8,,,,,,1.58,0.21,0.75,0.02,,,,,,,0.22,26.81,27.36,70.13,9.96,47.23,,,,,,,,,0,,,,,,0.39,24.68
2021-04-20,Soil,43889,WHG24,1,0,8,8,,,,,,1.43,0.19,0.73,0.02,,,,,,,0.19,30.24,28.29,76.64,8.14,43.85,,,,,,,,,0,,,,,,0.35,31.96
2021-04-20,Soil,43890,WHG25,1,0,8,8,,,,,,1.47,0.19,0.78,0.02,,,,,,,0.23,29.89,29.11,96.22,9.14,58.24,,,,,,,,,0,,,,,,0.39,44.14
2021-05-04,Soil,45216,ST07,1,0,8,8,,,,,,1.19,0.44,1.72,0.02,,,,,,,0.3,36.33,147.1,154.5,111,47.18,,,,,,,,,0,,,,,,0.3,55.32
2021-05-04,Soil,45217,ST08,1,0,8,8,,,,,,1.3,0.45,1.7,0.03,,,,,,,0.35,37.13,94.25,157.6,196.4,40.98,,,,,,,,,0,,,,,,0.45,46.44
2021-05-04,Soil,45218,ST10,1,0,8,8,,,,,,1.14,0.41,1.65,0.03,,,,,,,0.34,29.73,111.9,179.8,206.8,45.01,,,,,,,,,0,,,,,,0.29,44.92
2021-05-04,Soil,45219,G01,1,0,8,8,,,,,,1.01,0.36,1.35,0.02,,,,,,,0.3,27.49,98.79,131.8,155.9,34.07,,,,,,,,,0,,,,,,0.28,32.52
2021-05-04,Soil,45220,G02,1,0,8,8,,,,,,1.21,0.42,1.75,0.03,,,,,,,0.41,32.89,113.8,150,319.1,33.41,,,,,,,,,0,,,,,,0.33,44.86
2021-05-04,Soil,45221,G03,1,0,8,8,,,,,,1.24,0.42,1.83,0.02,,,,,,,0.41,31.33,115.4,152.7,313.4,36.55,,,,,,,,,0,,,,,,0.37,44.63
2021-05-04,Soil,45222,G04,1,0,8,8,,,,,,1.16,0.47,1.99,0.04,,,,,,,0.39,27.97,164.8,154.3,338.2,51.58,,,,,,,,,0,,,,,,0.3,50.87
2021-05-04,Soil,45223,G05,1,0,8,8,,,,,,1.22,0.38,1.47,0.03,,,,,,,0.34,22.55,111.7,126.7,222.9,44.45,,,,,,,,,0,,,,,,0.29,33.91
2021-05-04,Soil,45224,G06,1,0,8,8,,,,,,1.11,0.35,1.46,0.02,,,,,,,0.29,20.38,108.5,137.4,169.4,37.14,,,,,,,,,0,,,,,,0.26,35.58
2021-05-04,Soil,45225,G07,1,0,8,8,,,,,,1.13,0.46,1.96,0.02,,,,,,,0.36,28.89,142.1,179.6,253.7,39.64,,,,,,,,,0,,,,,,0.28,36.07
2021-05-04,Soil,45226,G08,1,0,8,8,,,,,,1.05,0.44,1.78,0.03,,,,,,,0.36,32.2,128.3,159.6,274.9,39.88,,,,,,,,,0,,,,,,0.31,33.13
2021-05-04,Soil,45227,G09,1,0,8,8,,,,,,1.2,0.34,1.35,0.03,,,,,,,0.31,27.75,73.7,115.2,213.9,36.69,,,,,,,,,0,,,,,,0.31,25.82
2021-05-04,Soil,45228,G10,1,0,8,8,,,,,,1.4,0.36,1.45,0.03,,,,,,,0.37,40.8,72.85,126.3,234.3,43.68,,,,,,,,,0,,,,,,0.32,33.91
2021-05-04,Soil,45229,G11,1,0,8,8,,,,,,1.17,0.45,1.92,0.02,,,,,,,0.33,26.22,99.77,130.9,165.4,37.83,,,,,,,,,0,,,,,,0.26,30.28
2021-05-04,Soil,45230,G12,1,0,8,8,,,,,,1.01,0.35,1.37,0.02,,,,,,,0.29,33.35,97.7,113,158.8,32.65,,,,,,,,,0,,,,,,0.23,28.56
2021-05-04,Soil,45231,G13,1,0,8,8,,,,,,1.01,0.47,1.88,0.03,,,,,,,0.32,25.55,152.3,136.4,224.5,46.06,,,,,,,,,0,,,,,,0.26,30.2
2021-05-04,Soil,45232,G14,1,0,8,8,,,,,,1.19,0.47,1.94,0.02,,,,,,,0.31,24.68,128.3,123.6,179.9,55.57,,,,,,,,,0,,,,,,0.33,26.78
2021-05-04,Soil,45233,G15,1,0,8,8,,,,,,1.37,0.37,1.65,0.03,,,,,,,0.34,23.48,96.01,112.3,196.2,50.57,,,,,,,,,0,,,,,,0.3,22.81
2021-05-04,Soil,45234,G16,1,0,8,8,,,,,,1.17,0.42,1.76,0.02,,,,,,,0.33,29.44,153.1,149.4,164.8,42.8,,,,,,,,,0,,,,,,0.29,28.37
2021-05-04,Soil,45235,G17,1,0,8,8,,,,,,1.03,0.44,1.87,0.01,,,,,,,0.3,23.83,138.5,120.8,113.5,40.52,,,,,,,,,0,,,,,,0.28,27.17
2021-05-04,Soil,45236,G18,1,0,8,8,,,,,,1.11,0.41,1.57,0.02,,,,,,,0.36,24.26,120.8,157.1,278.8,37.44,,,,,,,,,0,,,,,,0.28,35.17
2021-05-04,Soil,45237,G19,1,0,8,8,,,,,,1.01,0.42,1.88,0.03,,,,,,,0.39,29.85,87.68,124.7,146.3,36.44,,,,,,,,,0,,,,,,0.27,29.18
2021-05-04,Soil,45238,G20,1,0,8,8,,,,,,1.16,0.43,1.75,0.03,,,,,,,0.35,33.53,85.79,115.3,221.4,37.01,,,,,,,,,0,,,,,,0.34,26.82
2021-05-04,Soil,45239,G21,1,0,8,8,,,,,,1.15,0.46,1.76,0.03,,,,,,,0.32,22.61,126.3,150.8,180.6,43.94,,,,,,,,,0,,,,,,0.3,27.28
2021-05-04,Soil,45240,G22,1,0,8,8,,,,,,1.22,0.41,1.68,0.04,,,,,,,0.34,22.83,117.3,169.8,229.9,34.24,,,,,,,,,0,,,,,,0.34,30.1
2021-05-04,Soil,45241,G23,1,0,8,8,,,,,,0.95,0.37,1.46,0.02,,,,,,,0.31,24.4,84.97,132.4,177.5,32.4,,,,,,,,,0,,,,,,0.25,26.56
2021-05-04,Soil,45242,G24,1,0,8,8,,,,,,1.24,0.46,1.86,0.03,,,,,,,0.43,24.74,108,155.9,279.8,43.17,,,,,,,,,0,,,,,,0.35,34.48
2021-05-04,Soil,45243,R01,1,0,8,8,,,,,,1.22,0.42,1.6,0.02,,,,,,,0.34,23.01,113.1,132.9,187.3,41.08,,,,,,,,,0,,,,,,0.3,28.77
2021-05-04,Soil,45244,R02,1,0,8,8,,,,,,1.09,0.41,1.66,0.02,,,,,,,0.37,24.05,100.7,119.1,218.4,37.92,,,,,,,,,0,,,,,,0.27,29.91
2021-05-04,Soil,45245,R03,1,0,8,8,,,,,,1.06,0.31,1.34,0.02,,,,,,,0.31,28.26,100.8,148.6,218.3,29.67,,,,,,,,,0,,,,,,0.25,38.44
2021-05-04,Soil,45246,R04,1,0,8,8,,,,,,1.21,0.41,1.72,0.03,,,,,,,0.35,23.25,133,153.7,246.4,37.51,,,,,,,,,0,,,,,,0.29,45.3
2021-05-04,Soil,45247,R07,1,0,8,8,,,,,,1.1,0.42,1.66,0.02,,,,,,,0.36,20.55,130.2,151.2,263.4,35.33,,,,,,,,,0,,,,,,0.28,34.98
2021-05-04,Soil,45248,R08,1,0,8,8,,,,,,1.06,0.4,1.58,0.03,,,,,,,0.32,25.54,132.3,157.6,172.2,35.42,,,,,,,,,0,,,,,,0.31,33.75
2021-05-04,Soil,45249,R09,1,0,8,8,,,,,,1.08,0.38,1.85,0.02,,,,,,,0.33,25.53,103.6,111.5,158.7,47.11,,,,,,,,,0,,,,,,0.26,27.99
2021-05-04,Soil,45250,R10,1,0,8,8,,,,,,1.33,0.39,1.86,0.04,,,,,,,0.41,26.85,78.02,142.7,225.1,56.44,,,,,,,,,0,,,,,,0.33,37.8
2021-05-04,Soil,45251,R13,1,0,8,8,,,,,,1.22,0.44,1.83,0.03,,,,,,,0.38,24.25,118.2,144,214.1,41.63,,,,,,,,,0,,,,,,0.29,41.54
2021-05-04,Soil,45252,R14,1,0,8,8,,,,,,1.08,0.44,1.74,0.03,,,,,,,0.4,27.31,91.98,128.5,241.6,35.97,,,,,,,,,0,,,,,,0.31,36.84
2021-05-04,Soil,45253,R15,1,0,8,8,,,,,,1.25,0.35,1.72,0.02,,,,,,,0.36,22.77,129.3,134.9,203.6,48.25,,,,,,,,,0,,,,,,0.31,36.54
2021-05-04,Soil,45254,R19,1,0,8,8,,,,,,1.28,0.4,1.45,0.02,,,,,,,0.34,27.69,67.25,110.1,107.2,37.7,,,,,,,,,0,,,,,,0.3,29.08
2021-05-04,Soil,45255,R20,1,0,8,8,,,,,,1.24,0.38,1.77,0.02,,,,,,,0.36,28.86,99.59,136.1,215.5,39.67,,,,,,,,,0,,,,,,0.34,44.1
2021-05-04,Soil,45256,R24,1,0,8,8,,,,,,1.06,0.45,1.78,0.02,,,,,,,0.38,28.69,118.5,137.9,227.5,40.25,,,,,,,,,0,,,,,,0.33,30.84
2021-05-04,Soil,45257,R25,1,0,8,8,,,,,,1.21,0.38,1.44,0.02,,,,,,,0.36,24.15,99.87,143.1,228.7,32.8,,,,,,,,,0,,,,,,0.33,36.4
2021-05-04,Soil,45258,R05,1,0,8,8,,,,,,1.23,0.41,1.59,0.03,,,,,,,0.42,23.38,126.2,133.8,246.8,48.92,,,,,,,,,0,,,,,,0.32,39.99
2021-10-08,Soil,56464,50262,1,0,8,8,,,,,,,,,,,,,,,,,,,,,,,0,,,,,,,,,,,,,,
2021-10-08,Soil,56465,4F3AO,1,0,8,8,,,,,,,,,,,,,,,,,,,,,,,0,,,,,,,,,,,,,,
2021-10-08,Soil,56466,C9E77,1,0,8,8,,,,,,,,,,,,,,,,,,,,,,,0,,,,,,,,,,,,,,
2021-10-08,Soil,56467,06D47,1,0,8,8,,,,,,,,,,,,,,,,,,,,,,,0,,,,,,,,,,,,,,
2021-10-08,Soil,56468,4E557,1,0,8,8,,,,,,,,,,,,,,,,,,,,,,,0,,,,,,,,,,,,,,
2021-10-08,Soil,56469,4DEAC,1,0,8,8,,,,,,,,,,,,,,,,,,,,,,,0,,,,,,,,,,,,,,
2021-10-08,Soil,56470,81CB1,1,0,8,8,,,,,,,,,,,,,,,,,,,,,,,0,,,,,,,,,,,,,,
2021-10-08,Soil,56471,06D4C,1,0,8,8,,,,,,,,,,,,,,,,,,,,,,,0,,,,,,,,,,,,,,
2021-10-08,Soil,56472,8307C,1,0,8,8,,,,,,,,,,,,,,,,,,,,,,,0,,,,,,,,,,,,,,
2021-04-20,Soil,43715,SG1,1,0,8,8,,,,,,1.62,0.25,0.99,0.02,,,,,,,0.28,37.2,115.5,151.5,16.87,25.17,,,,,,,,,0,,,,,,0.57,76.55
2021-04-20,Soil,43716,SG2,1,0,8,8,,,,,,1.63,0.24,0.93,0.01,,,,,,,0.29,40.07,133.6,139.6,17.16,21.52,,,,,,,,,0,,,,,,0.62,72.41
2021-04-20,Soil,43717,SG3,1,0,8,8,,,,,,1.73,0.23,0.87,0.01,,,,,,,0.32,43.84,112.6,188.7,17.58,21.18,,,,,,,,,0,,,,,,0.68,79.31
2021-04-20,Soil,43718,SG4,1,0,8,8,,,,,,1.71,0.26,0.95,0.02,,,,,,,0.3,39.6,83.85,170.6,15.22,20.39,,,,,,,,,0,,,,,,0.61,87.38
2021-04-20,Soil,43719,SG5,1,0,8,8,,,,,,1.64,0.24,0.86,0.02,,,,,,,0.27,30.87,51.25,128.1,12.98,17.07,,,,,,,,,0,,,,,,0.54,70.13
2021-04-20,Soil,43720,SG6,1,0,8,8,,,,,,1.49,0.21,0.74,0.01,,,,,,,0.27,27.06,44.76,137.3,12.61,16.06,,,,,,,,,0,,,,,,0.49,65.35
2021-04-20,Soil,43721,SG7,1,0,8,8,,,,,,1.68,0.19,0.71,0.01,,,,,,,0.27,32.7,128.2,127.2,13.98,19.72,,,,,,,,,0,,,,,,0.56,86.91
2021-04-20,Soil,43722,SG8,1,0,8,8,,,,,,1.58,0.22,0.81,0.01,,,,,,,0.3,42.16,150.7,149.3,18.91,22.7,,,,,,,,,0,,,,,,0.62,77.39
2021-04-20,Soil,43723,SG9,1,0,8,8,,,,,,1.6,0.2,0.91,0.01,,,,,,,0.26,35.12,99.32,125.3,15.92,19.93,,,,,,,,,0,,,,,,0.56,55.67
2021-04-20,Soil,43724,SG10,1,0,8,8,,,,,,1.32,0.18,0.9,0.01,,,,,,,0.22,30.71,83.25,91.45,12.41,18.93,,,,,,,,,0,,,,,,0.38,48.34
2021-04-20,Soil,43725,SG11,1,0,8,8,,,,,,1.54,0.26,1.11,0.02,,,,,,,0.27,33.56,79.8,140.5,13.68,22.87,,,,,,,,,0,,,,,,0.43,62.41
2021-04-20,Soil,43726,SG12,1,0,8,8,,,,,,1.52,0.22,0.86,0.02,,,,,,,0.25,29.53,61.75,114.7,12.38,17.26,,,,,,,,,0,,,,,,0.43,49.51
2021-04-20,Soil,43727,SG13,1,0,8,8,,,,,,1.4,0.19,0.88,0.01,,,,,,,0.24,30.55,65.04,94.76,12.67,19.62,,,,,,,,,0,,,,,,0.48,46.66
2021-04-20,Soil,43728,SG14,1,0,8,8,,,,,,1.44,0.2,0.78,0.01,,,,,,,0.26,36.97,89.39,113.2,14.07,17.22,,,,,,,,,0,,,,,,0.57,43.43
2021-04-20,Soil,43729,SG15,1,0,8,8,,,,,,1.63,0.22,1.04,0.01,,,,,,,0.28,33.26,122.6,131.8,17.24,23.67,,,,,,,,,0,,,,,,0.53,51.65
2021-04-20,Soil,43730,SG16,1,0,8,8,,,,,,1.44,0.2,0.83,0.01,,,,,,,0.25,29.32,65.8,116.9,12.17,17.04,,,,,,,,,0,,,,,,0.5,59.14
2021-04-20,Soil,43731,SG17,1,0,8,8,,,,,,1.35,0.21,0.87,0.02,,,,,,,0.27,30.88,99,133,12.9,21.51,,,,,,,,,0,,,,,,0.54,82.79
2021-04-20,Soil,43732,SG18,1,0,8,8,,,,,,1.41,0.2,0.8,0.01,,,,,,,0.28,37.85,93.71,128.6,17.05,19.82,,,,,,,,,0,,,,,,0.6,81.08
2021-04-20,Soil,43733,SG19,1,0,8,8,,,,,,1.65,0.19,0.89,0.02,,,,,,,0.27,33.21,65.95,112.4,13.67,17.23,,,,,,,,,0,,,,,,0.55,51.28
2021-04-20,Soil,43734,SG20,1,0,8,8,,,,,,1.52,0.19,0.87,0.01,,,,,,,0.28,29.81,51.94,103.8,13.48,17.53,,,,,,,,,0,,,,,,0.55,57.45
2021-04-20,Soil,43735,SG21,1,0,8,8,,,,,,1.53,0.2,0.86,0.01,,,,,,,0.28,33.26,72.26,85.4,13.83,20.92,,,,,,,,,0,,,,,,0.57,46.07
2021-04-20,Soil,43736,SG22,1,0,8,8,,,,,,1.24,0.23,0.95,0.01,,,,,,,0.27,31.1,125.1,74.44,14.97,24.26,,,,,,,,,0,,,,,,0.56,31.08
2021-04-20,Soil,43737,SG23,1,0,8,8,,,,,,1.46,0.2,0.9,0.02,,,,,,,0.28,30.81,112.7,99.39,12.89,23.66,,,,,,,,,0,,,,,,0.56,52.26
2021-04-20,Soil,43738,SG24,1,0,8,8,,,,,,1.38,0.22,0.88,0.01,,,,,,,0.27,29.18,78.41,83.83,11.72,24.79,,,,,,,,,0,,,,,,0.5,33.94
2021-05-04,Soil,45206,ST01,1,0,8,8,,,,,,1.42,0.63,2.16,0.02,,,,,,,0.23,152.6,114.2,111.1,8.88,47.93,,,,,,,,,0,,,,,,0.17,47.33
2021-05-04,Soil,45207,ST02,1,0,8,8,,,,,,1.59,0.64,2.28,0.02,,,,,,,0.22,144.3,97.65,119.7,7.93,48.61,,,,,,,,,0,,,,,,0.17,40.3
2021-05-04,Soil,45208,ST03,1,0,8,8,,,,,,1.7,0.54,1.77,0.03,,,,,,,0.26,202.2,124.1,106.9,6.93,48.8,,,,,,,,,0,,,,,,0.17,34.9
2021-05-04,Soil,45209,ST04,1,0,8,8,,,,,,1.22,0.57,2,0.02,,,,,,,0.21,164.7,115.2,95.97,7.01,36.84,,,,,,,,,0,,,,,,0.17,32.89
2021-05-04,Soil,45210,ST05,1,0,8,8,,,,,,2.13,0.5,2.09,0.02,,,,,,,0.22,181.2,79.27,101.7,7.79,45.34,,,,,,,,,0,,,,,,0.16,29.87
2021-05-04,Soil,45211,ST06,1,0,8,8,,,,,,2.1,0.58,2.17,0.02,,,,,,,0.22,198.9,111.6,109,8.6,54.41,,,,,,,,,0,,,,,,0.16,39.23
2021-05-04,Soil,45212,ST07,1,0,8,8,,,,,,2.21,0.58,2.35,0.02,,,,,,,0.24,200.6,105.3,106.2,8.22,52.26,,,,,,,,,0,,,,,,0.19,33.44
2021-05-04,Soil,45213,ST08,1,0,8,8,,,,,,1.73,0.49,2.24,0.02,,,,,,,0.24,188.7,81.02,107.8,8.01,46.13,,,,,,,,,0,,,,,,0.16,38.5
2021-05-04,Soil,45214,ST09,1,0,8,8,,,,,,1.28,0.46,1.63,0.02,,,,,,,0.22,168.9,96.9,100.9,6.44,41.36,,,,,,,,,0,,,,,,0.16,36.9
2021-05-04,Soil,45215,ST10,1,0,8,8,,,,,,1.76,0.47,1.7,0.02,,,,,,,0.22,156.9,71.82,99.48,6.59,44.66,,,,,,,,,0,,,,,,0.16,28.04
2021-04-15,Soil,43179,ST1,1,0,8,8,,,,,,1.61,0.36,1.37,0.01,,,,,,,0.22,22.04,76.95,91.35,6.81,33.16,,,,,,,,,0,,,,,,0.21,30.83
2021-04-15,Soil,43180,ST2,1,0,8,8,,,,,,1.31,0.37,1.35,0.01,,,,,,,0.19,23.96,67.87,165.2,6.1,31.96,,,,,,,,,0,,,,,,0.19,41.38
2021-04-15,Soil,43181,ST3,1,0,8,8,,,,,,1.44,0.3,0.99,0.01,,,,,,,0.19,16,79.06,79.81,3.87,28.78,,,,,,,,,0,,,,,,0.15,21.39
2021-04-15,Soil,43182,ST4,1,0,8,8,,,,,,1.1,0.33,1.17,0.01,,,,,,,0.16,16.25,84.12,84.56,5.3,28.02,,,,,,,,,0,,,,,,0.16,24.37
2021-04-15,Soil,43183,ST5,1,0,8,8,,,,,,1.87,0.33,1.39,0.01,,,,,,,0.19,20.4,58.3,85.39,6.54,30.45,,,,,,,,,0,,,,,,0.19,26.1
2021-04-15,Soil,43184,ST6,1,0,8,8,,,,,,1.92,0.36,1.38,0.01,,,,,,,0.19,18.33,80.98,85.49,6.79,36.95,,,,,,,,,0,,,,,,0.17,27.32
2021-04-15,Soil,43185,ST7,1,0,8,8,,,,,,1.77,0.38,1.56,0.01,,,,,,,0.19,20.04,71.5,93.33,6.93,34.95,,,,,,,,,0,,,,,,0.19,28.41
2021-04-15,Soil,43186,ST8,1,0,8,8,,,,,,1.72,0.34,1.52,0.01,,,,,,,0.23,17.29,59.21,89.78,6.01,28.41,,,,,,,,,0,,,,,,0.18,25.16
2021-04-15,Soil,43187,ST9,1,0,8,8,,,,,,1.46,0.31,1.25,0.01,,,,,,,0.18,15.59,77.34,81.16,4.64,28.87,,,,,,,,,0,,,,,,0.17,23.17
2021-04-15,Soil,43188,ST10,1,0,8,8,,,,,,1.58,0.31,1,0.01,,,,,,,0.16,13.99,49.06,79.47,5.1,29.55,,,,,,,,,0,,,,,,0.17,23.16
2021-10-05,Soil,55820,4E571,1,0,8,8,,,,,,,,,,,,,,,,,,,,,,,0,,,,,,,,,,,,,,
2021-10-05,Soil,55821,4F365,1,0,8,8,,,,,,,,,,,,,,,,,,,,,,,0,,,,,,,,,,,,,,
2021-10-05,Soil,55822,C9FF3,1,0,8,8,,,,,,,,,,,,,,,,,,,,,,,0,,,,,,,,,,,,,,
2021-10-05,Soil,55823,4E61E,1,0,8,8,,,,,,,,,,,,,,,,,,,,,,,0,,,,,,,,,,,,,,
2021-10-05,Soil,55824,508F5,1,0,8,8,,,,,,,,,,,,,,,,,,,,,,,0,,,,,,,,,,,,,,
2021-10-05,Soil,55825,4E605,1,0,8,8,,,,,,,,,,,,,,,,,,,,,,,0,,,,,,,,,,,,,,
2021-10-05,Soil,55826,5800000,1,0,8,8,,,,,,,,,,,,,,,,,,,,,,,0,,,,,,,,,,,,,,
2021-10-05,Soil,55827,0592F,1,0,8,8,,,,,,,,,,,,,,,,,,,,,,,0,,,,,,,,,,,,,,
2021-10-05,Soil,55828,4E630,1,0,8,8,,,,,,,,,,,,,,,,,,,,,,,0,,,,,,,,,,,,,,
2021-10-05,Soil,55829,C9F12,1,0,8,8,,,,,,,,,,,,,,,,,,,,,,,0,,,,,,,,,,,,,,
2021-10-05,Soil,55830,0731A,1,0,8,8,,,,,,,,,,,,,,,,,,,,,,,0,,,,,,,,,,,,,,
2021-10-05,Soil,55831,C9E5S,1,0,8,8,,,,,,,,,,,,,,,,,,,,,,,0,,,,,,,,,,,,,,
2021-10-05,Soil,55832,50A7E,1,0,8,8,,,,,,,,,,,,,,,,,,,,,,,0,,,,,,,,,,,,,,
2021-10-05,Soil,55833,50918,1,0,8,8,,,,,,,,,,,,,,,,,,,,,,,0,,,,,,,,,,,,,,
2021-10-05,Soil,55834,81EF8,1,0,8,8,,,,,,,,,,,,,,,,,,,,,,,0,,,,,,,,,,,,,,
2021-10-05,Soil,55835,50B83,1,0,8,8,,,,,,,,,,,,,,,,,,,,,,,0,,,,,,,,,,,,,,
2021-10-05,Soil,55836,50900000,1,0,8,8,,,,,,,,,,,,,,,,,,,,,,,0,,,,,,,,,,,,,,
2021-05-03,Soil,45068,S1,1,0,8,8,,,,,,1.22,0.3,1.35,0.02,,,,,,,0.2,22.48,84.94,79.64,12.99,35.25,,,,,,,,,0,,,,,,0.25,29.62
2021-05-03,Soil,45069,S2,1,0,8,8,,,,,,1.04,0.27,1.24,0.02,,,,,,,0.17,21.89,100.2,65.95,12.66,38.91,,,,,,,,,0,,,,,,0.23,14.13
2021-05-03,Soil,45070,S3,1,0,8,8,,,,,,1.14,0.27,1.3,0.02,,,,,,,0.2,21.05,165.9,74.36,13.52,48.27,,,,,,,,,0,,,,,,0.26,17.21
2021-05-03,Soil,45071,S4,1,0,8,8,,,,,,0.93,0.25,1.25,0.02,,,,,,,0.18,22.32,208.1,57.17,14.27,42.6,,,,,,,,,0,,,,,,0.24,7.71
2021-05-03,Soil,45072,S5,1,0,8,8,,,,,,1.1,0.24,1.32,0.02,,,,,,,0.2,25.62,81.23,66.73,12.66,31.23,,,,,,,,,0,,,,,,0.26,18.1
2021-05-03,Soil,45073,S6,1,0,8,8,,,,,,0.88,0.24,1.09,0.02,,,,,,,0.17,25.06,137.9,129.9,45.48,38.45,,,,,,,,,0,,,,,,0.23,8.26
2021-05-03,Soil,45074,S7,1,0,8,8,,,,,,1.04,0.25,1.1,0.02,,,,,,,0.19,19.36,63.76,63.11,12.86,27.68,,,,,,,,,0,,,,,,0.25,9.75
2021-05-03,Soil,45075,S8,1,0,8,8,,,,,,1.16,0.26,1.31,0.02,,,,,,,0.19,24.13,47.95,136.9,16.5,28.18,,,,,,,,,0,,,,,,0.26,7.71
2021-05-04,Soil,45174,ST01,1,0,8,8,,,,,,2.5,0.64,2.47,0.03,,,,,,,0.26,26.91,47.71,82.87,7.6,45.24,,,,,,,,,0,,,,,,0.19,36.45
2021-05-04,Soil,45175,ST02,1,0,8,8,,,,,,2.51,0.55,2.31,0.03,,,,,,,0.27,24.3,51.3,107.8,9.6,49.95,,,,,,,,,0,,,,,,0.21,41.97
2021-05-04,Soil,45176,ST03,1,0,8,8,,,,,,2.5,0.62,2.52,0.04,,,,,,,0.28,29.16,55.26,89.74,7.1,51.13,,,,,,,,,0,,,,,,0.24,30.92
2021-05-04,Soil,45177,ST04,1,0,8,8,,,,,,2.49,0.66,2.68,0.02,,,,,,,0.26,24.72,49.24,85.49,7.56,49.29,,,,,,,,,0,,,,,,0.24,31.49
2021-05-04,Soil,45178,ST05,1,0,8,8,,,,,,3.27,0.7,3.15,0.03,,,,,,,0.33,38.21,61.32,104.2,9.16,58.47,,,,,,,,,0,,,,,,0.27,40.68
2021-05-04,Soil,45179,ST06,1,0,8,8,,,,,,2.7,0.6,2.72,0.02,,,,,,,0.28,28.36,47.48,85.45,7.25,51.54,,,,,,,,,0,,,,,,0.21,31.24
2021-05-04,Soil,45180,ST07,1,0,8,8,,,,,,3.28,0.6,2.64,0.03,,,,,,,0.3,29.78,70.59,102.4,7.11,49.92,,,,,,,,,0,,,,,,0.24,34.26
2021-05-04,Soil,45181,ST08,1,0,8,8,,,,,,2.71,0.72,3.2,0.03,,,,,,,0.26,23.56,46.1,109.8,11.87,46.41,,,,,,,,,0,,,,,,0.22,42.26
2021-05-04,Soil,45182,ST09,1,0,8,8,,,,,,2.95,0.56,2.76,0.02,,,,,,,0.25,20,55.35,94.45,7.31,46.33,,,,,,,,,0,,,,,,0.24,37.79
2021-05-04,Soil,45183,ST10,1,0,8,8,,,,,,2.82,0.56,2.36,0.02,,,,,,,0.24,17.76,57.33,86.28,6.08,44,,,,,,,,,0,,,,,,0.31,37.65
2021-05-04,Soil,45259,G01,1,0,8,8,,,,,,1.39,0.3,1.31,0.02,,,,,,,0.22,15.28,43.16,67.81,43.24,58.31,,,,,,,,,0,,,,,,0.25,20.43
2021-05-04,Soil,45260,G02,1,0,8,8,,,,,,1.4,0.31,1.3,0.01,,,,,,,0.23,15.86,41.27,84.71,38.07,59.78,,,,,,,,,0,,,,,,0.27,28.22
2021-05-04,Soil,45261,G03,1,0,8,8,,,,,,1.32,0.31,1.16,0.01,,,,,,,0.21,18.39,33.46,72.23,21.48,69.66,,,,,,,,,0,,,,,,0.27,16.48
2021-05-04,Soil,45262,G04,1,0,8,8,,,,,,1.33,0.32,1.27,0.01,,,,,,,0.23,18.66,36.17,77.05,15.98,66.42,,,,,,,,,0,,,,,,0.27,20.48
2021-05-04,Soil,45263,G05,1,0,8,8,,,,,,1.31,0.3,1.11,0.01,,,,,,,0.19,16.2,35,62.14,9.92,56.42,,,,,,,,,0,,,,,,0.24,11.23
2021-05-04,Soil,45264,G06,1,0,8,8,,,,,,1.63,0.34,1.48,0.01,,,,,,,0.22,20.88,37.23,69.16,14.79,71.98,,,,,,,,,0,,,,,,0.28,18.92
2021-05-04,Soil,45265,G07,1,0,8,8,,,,,,1.45,0.27,1.2,0.01,,,,,,,0.21,16.51,31.21,65.52,12.33,50.15,,,,,,,,,0,,,,,,0.25,20.97
2021-05-04,Soil,45266,G08,1,0,8,8,,,,,,1.4,0.31,1.16,0.01,,,,,,,0.19,15.72,31.42,70.62,9.43,79.95,,,,,,,,,0,,,,,,0.25,17.42
2021-05-04,Soil,45267,G09,1,0,8,8,,,,,,1.41,0.31,1.3,0.01,,,,,,,0.19,15.62,27.83,65.81,10.02,58.51,,,,,,,,,0,,,,,,0.26,18.6
2021-05-04,Soil,45268,G10,1,0,8,8,,,,,,1.41,0.3,1.13,0.01,,,,,,,0.19,15.29,32.15,54.7,8.54,70.1,,,,,,,,,0,,,,,,0.28,13.12
2021-05-04,Soil,45269,G11,1,0,8,8,,,,,,1.31,0.31,1.22,0.01,,,,,,,0.18,15.75,35.53,52.31,11.19,54.35,,,,,,,,,0,,,,,,0.25,20.1
2021-05-04,Soil,45270,G12,1,0,8,8,,,,,,1.41,0.28,1.27,0.01,,,,,,,0.19,15.23,31.49,49.3,9.98,59.01,,,,,,,,,0,,,,,,0.26,14.05
2021-05-04,Soil,45271,G13,1,0,8,8,,,,,,1.41,0.31,1.18,0.01,,,,,,,0.18,16.07,31.86,51.63,9.02,54.93,,,,,,,,,0,,,,,,0.25,12.19
2021-05-04,Soil,45272,G14,1,0,8,8,,,,,,1.51,0.3,1.32,0.01,,,,,,,0.18,16.13,29.67,61.59,9,45.28,,,,,,,,,0,,,,,,0.28,16.6
2021-05-04,Soil,45273,G15,1,0,8,8,,,,,,1.58,0.35,1.67,0.01,,,,,,,0.21,13.59,31.51,60.32,8.81,68.53,,,,,,,,,0,,,,,,0.27,16.14
2021-05-04,Soil,45274,G16,1,0,8,8,,,,,,1.36,0.31,1.31,0.01,,,,,,,0.2,18.33,29.88,62.81,9.9,68.3,,,,,,,,,0,,,,,,0.26,13.64
2021-05-04,Soil,45275,G17,1,0,8,8,,,,,,1.54,0.29,1.43,0.01,,,,,,,0.19,18.23,27.86,64.19,9.18,71.19,,,,,,,,,0,,,,,,0.25,25.01
2021-05-04,Soil,45276,G18,1,0,8,8,,,,,,1.49,0.32,1.4,0.01,,,,,,,0.19,16.02,33.85,57.46,10.17,68.68,,,,,,,,,0,,,,,,0.25,12.96
2021-05-04,Soil,45277,G19,1,0,8,8,,,,,,1.48,0.27,1.24,0.01,,,,,,,0.19,20.69,31.24,61.86,9.27,61.81,,,,,,,,,0,,,,,,0.24,18.22
2021-05-04,Soil,45278,G20,1,0,8,8,,,,,,1.36,0.25,1.11,0.01,,,,,,,0.18,17.75,28.88,53.45,8.9,63.84,,,,,,,,,0,,,,,,0.22,12.36
2021-05-04,Soil,45279,G21,1,0,8,8,,,,,,1.39,0.32,1.35,0.01,,,,,,,0.19,22.49,35.44,56.55,10.46,61.6,,,,,,,,,0,,,,,,0.26,15.09
2021-05-04,Soil,45280,G22,1,0,8,8,,,,,,1.41,0.28,1.19,0.01,,,,,,,0.19,16.58,27.78,55.78,8.74,54.66,,,,,,,,,0,,,,,,0.24,10.04
2021-05-04,Soil,45281,G23,1,0,8,8,,,,,,1.61,0.34,1.35,0.01,,,,,,,0.21,20.68,34.78,61.66,10.22,62.49,,,,,,,,,0,,,,,,0.3,13.46
2021-05-04,Soil,45282,G24,1,0,8,8,,,,,,1.66,0.3,1.41,0.02,,,,,,,0.2,19.96,34.83,59.91,10.04,68.98,,,,,,,,,0,,,,,,0.26,9.05
2021-05-04,Soil,45283,G25,1,0,8,8,,,,,,1.6,0.28,1.25,0.02,,,,,,,0.2,23.06,33.53,56.25,8.48,76.15,,,,,,,,,0,,,,,,0.26,10.65
2021-05-04,Soil,45284,ST01,1,0,8,8,,,,,,1.48,0.35,1.58,0.02,,,,,,,0.19,17.59,41.11,72.06,7.49,72.57,,,,,,,,,0,,,,,,0.22,23.38
2021-05-04,Soil,45285,ST02,1,0,8,8,,,,,,1.49,0.41,1.53,0.02,,,,,,,0.21,19.26,34.63,68.63,9.42,53.89,,,,,,,,,0,,,,,,0.29,19.49
2021-05-04,Soil,45286,ST03,1,0,8,8,,,,,,1.36,0.39,1.45,0.01,,,,,,,0.19,18.08,34.02,67.83,8.41,63.55,,,,,,,,,0,,,,,,0.26,16.93
2021-05-04,Soil,45287,ST04,1,0,8,8,,,,,,1.38,0.35,1.19,0.01,,,,,,,0.2,16.58,41.06,65.7,8.79,105.9,,,,,,,,,0,,,,,,0.29,13.56
2021-05-04,Soil,45288,ST05,1,0,8,8,,,,,,1.34,0.31,1.11,0.01,,,,,,,0.17,16.55,33.38,55.53,8.12,55.74,,,,,,,,,0,,,,,,0.27,11.31
2021-05-04,Soil,45289,ST06,1,0,8,8,,,,,,1.47,0.28,1.18,0.02,,,,,,,0.19,18.51,31.36,59.77,8.39,57.68,,,,,,,,,0,,,,,,0.26,20
2021-05-04,Soil,45290,ST07,1,0,8,8,,,,,,1.56,0.33,1.29,0.02,,,,,,,0.22,20.56,41.63,66.96,7.8,77.34,,,,,,,,,0,,,,,,0.29,14.46
2021-05-04,Soil,45291,ST08,1,0,8,8,,,,,,1.51,0.31,1.4,0.01,,,,,,,0.19,17.85,31.97,56.77,7.95,62.66,,,,,,,,,0,,,,,,0.24,17.24
2021-05-04,Soil,45292,ST09,1,0,8,8,,,,,,1.56,0.32,1.49,0.01,,,,,,,0.21,22.6,39.38,67.66,9.64,76.28,,,,,,,,,0,,,,,,0.28,22.62
2021-05-04,Soil,45293,ST10,1,0,8,8,,,,,,1.54,0.32,1.25,0.02,,,,,,,0.21,23.29,37.86,73.94,9.48,55.08,,,,,,,,,0,,,,,,0.29,16.41
2021-04-20,Soil,43926,WGS1,1,0,8,8,,,,,,1.42,0.34,1.11,0.03,,,,,,,0.43,34.42,109.4,195.9,176.3,46.45,,,,,,,,,0,,,,,,0.5,50.72
2021-04-20,Soil,43927,WGS2,1,0,8,8,,,,,,1.12,0.29,0.96,0.03,,,,,,,0.46,30.87,79.63,170.3,216.3,33.9,,,,,,,,,0,,,,,,0.47,48.03
2021-04-20,Soil,43928,WGS3,1,0,8,8,,,,,,1.34,0.34,1.22,0.06,,,,,,,0.46,40.73,72.77,146.8,168.6,38.78,,,,,,,,,0,,,,,,0.51,43.1
2021-04-20,Soil,43929,WGS4,1,0,8,8,,,,,,1.03,0.32,1.12,0.02,,,,,,,0.37,37.61,91.43,134.1,132.1,34.81,,,,,,,,,0,,,,,,0.43,35.92
2021-04-20,Soil,43930,WGS5,1,0,8,8,,,,,,1.32,0.44,1.45,0.03,,,,,,,0.5,48.04,194.8,171.8,217.8,60.77,,,,,,,,,0,,,,,,0.53,45.03
2021-04-20,Soil,43931,WGS6,1,0,8,8,,,,,,1.15,0.3,0.94,0.03,,,,,,,0.41,31.69,116,186.3,205.1,37.17,,,,,,,,,0,,,,,,0.42,43.19
2021-04-20,Soil,43932,WGS7,1,0,8,8,,,,,,1.29,0.3,0.95,0.02,,,,,,,0.38,33.76,116.7,166.3,131.2,38.21,,,,,,,,,0,,,,,,0.46,40.71
2021-04-20,Soil,43933,WGS8,1,0,8,8,,,,,,1.29,0.4,1.39,0.03,,,,,,,0.45,45.63,114.2,174.5,161.2,41.81,,,,,,,,,0,,,,,,0.53,46.78
2021-04-20,Soil,43934,WGS9,1,0,8,8,,,,,,1.21,0.31,1.03,0.02,,,,,,,0.32,24.61,85.91,148,100.6,32.23,,,,,,,,,0,,,,,,0.45,38.48
2021-04-20,Soil,43935,WGS10,1,0,8,8,,,,,,1.27,0.39,1.24,0.03,,,,,,,0.44,33.47,95.29,211.7,137.2,62.02,,,,,,,,,0,,,,,,0.45,46.05
2022-05-04,Soil,51671,HARDY,1,0,8,8,2.8,85.4,18.6,6,6.2,76,28.4,53.9,5,6.6,3.1,25.8,0.8,12,4.4,32,1.2,18.7,28,1.9,0.4,0.9,0,,,,,,,,,,,,,,
2021-05-04,Soil,45184,G01,1,0,8,8,,,,,,2.13,0.64,2.22,0.01,,,,,,,0.23,117.6,90.27,88.6,7.75,48.95,,,,,,,,,0,,,,,,0.19,29.2
2021-05-04,Soil,45185,G02,1,0,8,8,,,,,,1.99,0.54,2.04,0.02,,,,,,,0.23,112.5,98.9,102.7,7.32,43.53,,,,,,,,,0,,,,,,0.19,32.32
2021-05-04,Soil,45186,G03,1,0,8,8,,,,,,2.09,0.61,2.33,0.02,,,,,,,0.24,111.7,76.16,93.38,6.89,43.87,,,,,,,,,0,,,,,,0.19,30.69
2021-05-04,Soil,45187,G04,1,0,8,8,,,,,,1.87,0.51,1.88,0.02,,,,,,,0.23,147.7,74.37,95.13,6.54,46.51,,,,,,,,,0,,,,,,0.18,28.25
2021-05-04,Soil,45188,G05,1,0,8,8,,,,,,1.31,0.55,1.89,0.02,,,,,,,0.24,185.6,106.7,101.9,7.19,53.34,,,,,,,,,0,,,,,,0.18,38.53
2021-05-04,Soil,45189,G06,1,0,8,8,,,,,,1.99,0.59,2.14,0.02,,,,,,,0.22,134.5,57.99,95.45,7.36,50.73,,,,,,,,,0,,,,,,0.19,27.51
2021-05-04,Soil,45190,G07,1,0,8,8,,,,,,1.97,0.62,2.52,0.02,,,,,,,0.21,169.5,66.8,96.37,6.99,52.87,,,,,,,,,0,,,,,,0.19,31.53
2021-05-04,Soil,45191,G08,1,0,8,8,,,,,,1.72,0.6,2,0.02,,,,,,,0.22,138.4,113.6,96.95,8.12,44.63,,,,,,,,,0,,,,,,0.18,30.52
2021-05-04,Soil,45192,G09,1,0,8,8,,,,,,2.24,0.66,2.36,0.02,,,,,,,0.23,191.2,114.1,97.93,8.82,46.96,,,,,,,,,0,,,,,,0.17,38.11
2021-05-04,Soil,45193,G10,1,0,8,8,,,,,,1.59,0.69,2.15,0.02,,,,,,,0.24,164.4,100.8,101.5,9.35,49.36,,,,,,,,,0,,,,,,0.2,31.94
2021-05-04,Soil,45194,G11,1,0,8,8,,,,,,2.02,0.68,2.38,0.02,,,,,,,0.26,139,119.5,112,9.02,52.98,,,,,,,,,0,,,,,,0.18,42.99
2021-05-04,Soil,45195,G12,1,0,8,8,,,,,,1.48,0.59,2.02,0.02,,,,,,,0.23,149.5,114.7,104.6,7.14,47.62,,,,,,,,,0,,,,,,0.17,33.54
2021-05-04,Soil,45196,G13,1,0,8,8,,,,,,1.54,0.56,2,0.02,,,,,,,0.22,126.1,64.5,103.7,7.61,48.07,,,,,,,,,0,,,,,,0.18,41.65
2021-05-04,Soil,45197,G14,1,0,8,8,,,,,,1.59,0.55,2.36,0.02,,,,,,,0.2,160.6,114.9,88.25,7.37,47.33,,,,,,,,,0,,,,,,0.18,26.92
2021-05-04,Soil,45198,G15,1,0,8,8,,,,,,1.59,0.57,1.99,0.02,,,,,,,0.25,157.9,86.28,97.77,7.69,48.67,,,,,,,,,0,,,,,,0.19,37.19
2021-05-04,Soil,45199,G16,1,0,8,8,,,,,,2.13,0.51,1.94,0.02,,,,,,,0.24,177.8,131.3,97.2,7.9,54.22,,,,,,,,,0,,,,,,0.18,30.81
2021-05-04,Soil,45200,G17,1,0,8,8,,,,,,1.9,0.55,2.02,0.02,,,,,,,0.25,158.9,61.31,111.8,7.54,52.54,,,,,,,,,0,,,,,,0.19,39.14
2021-05-04,Soil,45201,G18,1,0,8,8,,,,,,1.38,0.57,1.96,0.02,,,,,,,0.23,196.2,83.8,103.7,6.86,46.41,,,,,,,,,0,,,,,,0.18,34.22
2021-05-04,Soil,45202,G19,1,0,8,8,,,,,,1.58,0.67,2.37,0.02,,,,,,,0.26,210.3,137.1,114.5,7.63,51.38,,,,,,,,,0,,,,,,0.21,38.94
2021-05-04,Soil,45203,G20,1,0,8,8,,,,,,1.54,0.57,1.93,0.02,,,,,,,0.24,197.7,106.2,108.1,8.59,46.5,,,,,,,,,0,,,,,,0.18,37.56
2021-05-04,Soil,45204,G21,1,0,8,8,,,,,,1.51,0.62,2.21,0.02,,,,,,,0.23,171.8,115.7,112.3,9.45,50.79,,,,,,,,,0,,,,,,0.19,37.35
2021-05-04,Soil,45205,G22,1,0,8,8,,,,,,1.94,0.51,1.91,0.03,,,,,,,0.23,124.7,83.76,104.2,8.66,51.07,,,,,,,,,0,,,,,,0.18,33.99