{
  "Events": [
    {
      "LabMetaData": {
        "Reports": [
          {
            "ReportID": "1",
            "FileDescription": "SO2223.451_1"
          }
        ]
      },
      "EventMetaData": {
        "EventDate": "44750",
        "EventType": {
          "Soil": true
        }
      },
      "EventSamples": {
        "Soil": {
          "DepthRefs": [
            {
              "StartingDepth": 0,
              "EndingDepth": 8,
              "DepthUnit": "in",
              "Name": "Unknown Depth",
              "ColumnDepth": 8,
              "DepthID": 1
            }
          ],
          "SoilSamples": [
            {
              "SampleMetaData": {
                "SampleNumber": "0",
                "ReportID": "1"
              },
              "Depths": [
                {
                  "DepthID": "1",
                  "NutrientResults": [
                    {
                      "Element": "pH",
                      "ValueUnit": "none",
                      "Value": 5.82
                    },
                    {
                      "Element": "Ca",
                      "ValueUnit": "Mehlich 1   mg/kg (ppm)",
                      "Value": 923.2864
                    },
                    {
                      "Element": "K",
                      "ValueUnit": "Mehlich 1   mg/kg (ppm)",
                      "Value": 35.02585
                    },
                    {
                      "Element": "Mg",
                      "ValueUnit": "Mehlich 1   mg/kg (ppm)",
                      "Value": 61.2922
                    },
                    {
                      "Element": "Mn",
                      "ValueUnit": "Mehlich 1   mg/kg (ppm)",
                      "Value": 14.07805
                    },
                    {
                      "Element": "P",
                      "ValueUnit": "Mehlich 1   mg/kg (ppm)",
                      "Value": 118.78535
                    },
                    {
                      "Element": "Zn",
                      "ValueUnit": "Mehlich 1   mg/kg (ppm)",
                      "Value": 2.78955
                    },
                    {
                      "Element": "OM",
                      "ValueUnit": "%",
                      "Value": 2.011
                    }
                  ]
                }
              ]
            },
            {
              "SampleMetaData": {
                "SampleNumber": "1",
                "ReportID": "2"
              },
              "Depths": [
                {
                  "DepthID": "1",
                  "NutrientResults": [
                    {
                      "Element": "pH",
                      "ValueUnit": "none",
                      "Value": 6.11
                    },
                    {
                      "Element": "Ca",
                      "ValueUnit": "Mehlich 1   mg/kg (ppm)",
                      "Value": 933.5224
                    },
                    {
                      "Element": "K",
                      "ValueUnit": "Mehlich 1   mg/kg (ppm)",
                      "Value": 71.37955
                    },
                    {
                      "Element": "Mg",
                      "ValueUnit": "Mehlich 1   mg/kg (ppm)",
                      "Value": 76.3545
                    },
                    {
                      "Element": "Mn",
                      "ValueUnit": "Mehlich 1   mg/kg (ppm)",
                      "Value": 12.90885
                    },
                    {
                      "Element": "P",
                      "ValueUnit": "Mehlich 1   mg/kg (ppm)",
                      "Value": 133.2548
                    },
                    {
                      "Element": "Zn",
                      "ValueUnit": "Mehlich 1   mg/kg (ppm)",
                      "Value": 2.87635
                    },
                    {
                      "Element": "OM",
                      "ValueUnit": "%",
                      "Value": 2.154
                    }
                  ]
                }
              ]
            },
            {
              "SampleMetaData": {
                "SampleNumber": "2",
                "ReportID": "3"
              },
              "Depths": [
                {
                  "DepthID": "1",
                  "NutrientResults": [
                    {
                      "Element": "pH",
                      "ValueUnit": "none",
                      "Value": 6.05
                    },
                    {
                      "Element": "Ca",
                      "ValueUnit": "Mehlich 1   mg/kg (ppm)",
                      "Value": 977.7713
                    },
                    {
                      "Element": "K",
                      "ValueUnit": "Mehlich 1   mg/kg (ppm)",
                      "Value": 77.55865
                    },
                    {
                      "Element": "Mg",
                      "ValueUnit": "Mehlich 1   mg/kg (ppm)",
                      "Value": 76.4664
                    },
                    {
                      "Element": "Mn",
                      "ValueUnit": "Mehlich 1   mg/kg (ppm)",
                      "Value": 20.18175
                    },
                    {
                      "Element": "P",
                      "ValueUnit": "Mehlich 1   mg/kg (ppm)",
                      "Value": 92.89445
                    },
                    {
                      "Element": "Zn",
                      "ValueUnit": "Mehlich 1   mg/kg (ppm)",
                      "Value": 2.67325
                    },
                    {
                      "Element": "OM",
                      "ValueUnit": "%",
                      "Value": 2.216
                    }
                  ]
                }
              ]
            },
            {
              "SampleMetaData": {
                "SampleNumber": "3",
                "ReportID": "4"
              },
              "Depths": [
                {
                  "DepthID": "1",
                  "NutrientResults": [
                    {
                      "Element": "pH",
                      "ValueUnit": "none",
                      "Value": 5.72
                    },
                    {
                      "Element": "Ca",
                      "ValueUnit": "Mehlich 1   mg/kg (ppm)",
                      "Value": 1102.95995
                    },
                    {
                      "Element": "K",
                      "ValueUnit": "Mehlich 1   mg/kg (ppm)",
                      "Value": 90.7155
                    },
                    {
                      "Element": "Mg",
                      "ValueUnit": "Mehlich 1   mg/kg (ppm)",
                      "Value": 86.8276
                    },
                    {
                      "Element": "Mn",
                      "ValueUnit": "Mehlich 1   mg/kg (ppm)",
                      "Value": 24.607
                    },
                    {
                      "Element": "P",
                      "ValueUnit": "Mehlich 1   mg/kg (ppm)",
                      "Value": 122.71755
                    },
                    {
                      "Element": "Zn",
                      "ValueUnit": "Mehlich 1   mg/kg (ppm)",
                      "Value": 2.8499
                    },
                    {
                      "Element": "OM",
                      "ValueUnit": "%",
                      "Value": 2.321
                    }
                  ]
                }
              ]
            },
            {
              "SampleMetaData": {
                "SampleNumber": "4",
                "ReportID": "5"
              },
              "Depths": [
                {
                  "DepthID": "1",
                  "NutrientResults": [
                    {
                      "Element": "pH",
                      "ValueUnit": "none",
                      "Value": 5.79
                    },
                    {
                      "Element": "Ca",
                      "ValueUnit": "Mehlich 1   mg/kg (ppm)",
                      "Value": 1009.2864
                    },
                    {
                      "Element": "K",
                      "ValueUnit": "Mehlich 1   mg/kg (ppm)",
                      "Value": 105.4513
                    },
                    {
                      "Element": "Mg",
                      "ValueUnit": "Mehlich 1   mg/kg (ppm)",
                      "Value": 77.6574
                    },
                    {
                      "Element": "Mn",
                      "ValueUnit": "Mehlich 1   mg/kg (ppm)",
                      "Value": 20.4593
                    },
                    {
                      "Element": "P",
                      "ValueUnit": "Mehlich 1   mg/kg (ppm)",
                      "Value": 102.5969
                    },
                    {
                      "Element": "Zn",
                      "ValueUnit": "Mehlich 1   mg/kg (ppm)",
                      "Value": 2.6847
                    },
                    {
                      "Element": "OM",
                      "ValueUnit": "%",
                      "Value": 3.014
                    }
                  ]
                }
              ]
            },
            {
              "SampleMetaData": {
                "SampleNumber": "5",
                "ReportID": "6"
              },
              "Depths": [
                {
                  "DepthID": "1",
                  "NutrientResults": [
                    {
                      "Element": "pH",
                      "ValueUnit": "none",
                      "Value": 5.78
                    },
                    {
                      "Element": "Ca",
                      "ValueUnit": "Mehlich 1   mg/kg (ppm)",
                      "Value": 1335.01
                    },
                    {
                      "Element": "K",
                      "ValueUnit": "Mehlich 1   mg/kg (ppm)",
                      "Value": 111.73295
                    },
                    {
                      "Element": "Mg",
                      "ValueUnit": "Mehlich 1   mg/kg (ppm)",
                      "Value": 110.47705
                    },
                    {
                      "Element": "Mn",
                      "ValueUnit": "Mehlich 1   mg/kg (ppm)",
                      "Value": 22.1694
                    },
                    {
                      "Element": "P",
                      "ValueUnit": "Mehlich 1   mg/kg (ppm)",
                      "Value": 85.4353
                    },
                    {
                      "Element": "Zn",
                      "ValueUnit": "Mehlich 1   mg/kg (ppm)",
                      "Value": 3.2147
                    },
                    {
                      "Element": "OM",
                      "ValueUnit": "%",
                      "Value": 3.663
                    }
                  ]
                }
              ]
            },
            {
              "SampleMetaData": {
                "SampleNumber": "6",
                "ReportID": "7"
              },
              "Depths": [
                {
                  "DepthID": "1",
                  "NutrientResults": [
                    {
                      "Element": "pH",
                      "ValueUnit": "none",
                      "Value": 6.11
                    },
                    {
                      "Element": "Ca",
                      "ValueUnit": "Mehlich 1   mg/kg (ppm)",
                      "Value": 944.9029
                    },
                    {
                      "Element": "K",
                      "ValueUnit": "Mehlich 1   mg/kg (ppm)",
                      "Value": 44.97835
                    },
                    {
                      "Element": "Mg",
                      "ValueUnit": "Mehlich 1   mg/kg (ppm)",
                      "Value": 74.30485
                    },
                    {
                      "Element": "Mn",
                      "ValueUnit": "Mehlich 1   mg/kg (ppm)",
                      "Value": 12.9688
                    },
                    {
                      "Element": "P",
                      "ValueUnit": "Mehlich 1   mg/kg (ppm)",
                      "Value": 112.2505
                    },
                    {
                      "Element": "Zn",
                      "ValueUnit": "Mehlich 1   mg/kg (ppm)",
                      "Value": 3.33
                    },
                    {
                      "Element": "OM",
                      "ValueUnit": "%",
                      "Value": 2.293
                    }
                  ]
                }
              ]
            },
            {
              "SampleMetaData": {
                "SampleNumber": "7",
                "ReportID": "8"
              },
              "Depths": [
                {
                  "DepthID": "1",
                  "NutrientResults": [
                    {
                      "Element": "pH",
                      "ValueUnit": "none",
                      "Value": 6.14
                    },
                    {
                      "Element": "Ca",
                      "ValueUnit": "Mehlich 1   mg/kg (ppm)",
                      "Value": 889.2242
                    },
                    {
                      "Element": "K",
                      "ValueUnit": "Mehlich 1   mg/kg (ppm)",
                      "Value": 48.4013
                    },
                    {
                      "Element": "Mg",
                      "ValueUnit": "Mehlich 1   mg/kg (ppm)",
                      "Value": 71.1898
                    },
                    {
                      "Element": "Mn",
                      "ValueUnit": "Mehlich 1   mg/kg (ppm)",
                      "Value": 13.6098
                    },
                    {
                      "Element": "P",
                      "ValueUnit": "Mehlich 1   mg/kg (ppm)",
                      "Value": 115.42865
                    },
                    {
                      "Element": "Zn",
                      "ValueUnit": "Mehlich 1   mg/kg (ppm)",
                      "Value": 2.7667
                    },
                    {
                      "Element": "OM",
                      "ValueUnit": "%",
                      "Value": 1.839
                    }
                  ]
                }
              ]
            },
            {
              "SampleMetaData": {
                "SampleNumber": "8",
                "ReportID": "9"
              },
              "Depths": [
                {
                  "DepthID": "1",
                  "NutrientResults": [
                    {
                      "Element": "pH",
                      "ValueUnit": "none",
                      "Value": 6
                    },
                    {
                      "Element": "Ca",
                      "ValueUnit": "Mehlich 1   mg/kg (ppm)",
                      "Value": 747.3653
                    },
                    {
                      "Element": "K",
                      "ValueUnit": "Mehlich 1   mg/kg (ppm)",
                      "Value": 53.59745
                    },
                    {
                      "Element": "Mg",
                      "ValueUnit": "Mehlich 1   mg/kg (ppm)",
                      "Value": 56.1898
                    },
                    {
                      "Element": "Mn",
                      "ValueUnit": "Mehlich 1   mg/kg (ppm)",
                      "Value": 15.76835
                    },
                    {
                      "Element": "P",
                      "ValueUnit": "Mehlich 1   mg/kg (ppm)",
                      "Value": 75.7347
                    },
                    {
                      "Element": "Zn",
                      "ValueUnit": "Mehlich 1   mg/kg (ppm)",
                      "Value": 2.04845
                    },
                    {
                      "Element": "OM",
                      "ValueUnit": "%",
                      "Value": 1.985
                    }
                  ]
                }
              ]
            },
            {
              "SampleMetaData": {
                "SampleNumber": "9",
                "ReportID": "10"
              },
              "Depths": [
                {
                  "DepthID": "1",
                  "NutrientResults": [
                    {
                      "Element": "pH",
                      "ValueUnit": "none",
                      "Value": 6.02
                    },
                    {
                      "Element": "Ca",
                      "ValueUnit": "Mehlich 1   mg/kg (ppm)",
                      "Value": 1164.62475
                    },
                    {
                      "Element": "K",
                      "ValueUnit": "Mehlich 1   mg/kg (ppm)",
                      "Value": 67.0083
                    },
                    {
                      "Element": "Mg",
                      "ValueUnit": "Mehlich 1   mg/kg (ppm)",
                      "Value": 83.92465
                    },
                    {
                      "Element": "Mn",
                      "ValueUnit": "Mehlich 1   mg/kg (ppm)",
                      "Value": 20.5291
                    },
                    {
                      "Element": "P",
                      "ValueUnit": "Mehlich 1   mg/kg (ppm)",
                      "Value": 160.95945
                    },
                    {
                      "Element": "Zn",
                      "ValueUnit": "Mehlich 1   mg/kg (ppm)",
                      "Value": 3.4683
                    },
                    {
                      "Element": "OM",
                      "ValueUnit": "%",
                      "Value": 2.078
                    }
                  ]
                }
              ]
            },
            {
              "SampleMetaData": {
                "SampleNumber": "10",
                "ReportID": "11"
              },
              "Depths": [
                {
                  "DepthID": "1",
                  "NutrientResults": [
                    {
                      "Element": "pH",
                      "ValueUnit": "none",
                      "Value": 5.91
                    },
                    {
                      "Element": "Ca",
                      "ValueUnit": "Mehlich 1   mg/kg (ppm)",
                      "Value": 1076.29315
                    },
                    {
                      "Element": "K",
                      "ValueUnit": "Mehlich 1   mg/kg (ppm)",
                      "Value": 85.1844
                    },
                    {
                      "Element": "Mg",
                      "ValueUnit": "Mehlich 1   mg/kg (ppm)",
                      "Value": 81.8363
                    },
                    {
                      "Element": "Mn",
                      "ValueUnit": "Mehlich 1   mg/kg (ppm)",
                      "Value": 19.83925
                    },
                    {
                      "Element": "P",
                      "ValueUnit": "Mehlich 1   mg/kg (ppm)",
                      "Value": 112.6176
                    },
                    {
                      "Element": "Zn",
                      "ValueUnit": "Mehlich 1   mg/kg (ppm)",
                      "Value": 3.14775
                    },
                    {
                      "Element": "OM",
                      "ValueUnit": "%",
                      "Value": 2.752
                    }
                  ]
                }
              ]
            },
            {
              "SampleMetaData": {
                "SampleNumber": "11",
                "ReportID": "12"
              },
              "Depths": [
                {
                  "DepthID": "1",
                  "NutrientResults": [
                    {
                      "Element": "pH",
                      "ValueUnit": "none",
                      "Value": 5.95
                    },
                    {
                      "Element": "Ca",
                      "ValueUnit": "Mehlich 1   mg/kg (ppm)",
                      "Value": 1221.3
                    },
                    {
                      "Element": "K",
                      "ValueUnit": "Mehlich 1   mg/kg (ppm)",
                      "Value": 130.61395
                    },
                    {
                      "Element": "Mg",
                      "ValueUnit": "Mehlich 1   mg/kg (ppm)",
                      "Value": 107.007
                    },
                    {
                      "Element": "Mn",
                      "ValueUnit": "Mehlich 1   mg/kg (ppm)",
                      "Value": 22.1151
                    },
                    {
                      "Element": "P",
                      "ValueUnit": "Mehlich 1   mg/kg (ppm)",
                      "Value": 88.3651
                    },
                    {
                      "Element": "Zn",
                      "ValueUnit": "Mehlich 1   mg/kg (ppm)",
                      "Value": 2.9756
                    },
                    {
                      "Element": "OM",
                      "ValueUnit": "%",
                      "Value": 3.29
                    }
                  ]
                }
              ]
            },
            {
              "SampleMetaData": {
                "SampleNumber": "12",
                "ReportID": "13"
              },
              "Depths": [
                {
                  "DepthID": "1",
                  "NutrientResults": [
                    {
                      "Element": "pH",
                      "ValueUnit": "none",
                      "Value": 6.54
                    },
                    {
                      "Element": "Ca",
                      "ValueUnit": "Mehlich 1   mg/kg (ppm)",
                      "Value": 1149.6114
                    },
                    {
                      "Element": "K",
                      "ValueUnit": "Mehlich 1   mg/kg (ppm)",
                      "Value": 50.7451
                    },
                    {
                      "Element": "Mg",
                      "ValueUnit": "Mehlich 1   mg/kg (ppm)",
                      "Value": 86.2364
                    },
                    {
                      "Element": "Mn",
                      "ValueUnit": "Mehlich 1   mg/kg (ppm)",
                      "Value": 13.05
                    },
                    {
                      "Element": "P",
                      "ValueUnit": "Mehlich 1   mg/kg (ppm)",
                      "Value": 112.4201
                    },
                    {
                      "Element": "Zn",
                      "ValueUnit": "Mehlich 1   mg/kg (ppm)",
                      "Value": 3.3038
                    },
                    {
                      "Element": "OM",
                      "ValueUnit": "%",
                      "Value": 2.403
                    }
                  ]
                }
              ]
            },
            {
              "SampleMetaData": {
                "SampleNumber": "13",
                "ReportID": "14"
              },
              "Depths": [
                {
                  "DepthID": "1",
                  "NutrientResults": [
                    {
                      "Element": "pH",
                      "ValueUnit": "none",
                      "Value": 6.31
                    },
                    {
                      "Element": "Ca",
                      "ValueUnit": "Mehlich 1   mg/kg (ppm)",
                      "Value": 1085.6371
                    },
                    {
                      "Element": "K",
                      "ValueUnit": "Mehlich 1   mg/kg (ppm)",
                      "Value": 66.70265
                    },
                    {
                      "Element": "Mg",
                      "ValueUnit": "Mehlich 1   mg/kg (ppm)",
                      "Value": 80.761
                    },
                    {
                      "Element": "Mn",
                      "ValueUnit": "Mehlich 1   mg/kg (ppm)",
                      "Value": 16.52645
                    },
                    {
                      "Element": "P",
                      "ValueUnit": "Mehlich 1   mg/kg (ppm)",
                      "Value": 106.7968
                    },
                    {
                      "Element": "Zn",
                      "ValueUnit": "Mehlich 1   mg/kg (ppm)",
                      "Value": 3.3023
                    },
                    {
                      "Element": "OM",
                      "ValueUnit": "%",
                      "Value": 2.387
                    }
                  ]
                }
              ]
            },
            {
              "SampleMetaData": {
                "SampleNumber": "14",
                "ReportID": "15"
              },
              "Depths": [
                {
                  "DepthID": "1",
                  "NutrientResults": [
                    {
                      "Element": "pH",
                      "ValueUnit": "none",
                      "Value": 6.2
                    },
                    {
                      "Element": "Ca",
                      "ValueUnit": "Mehlich 1   mg/kg (ppm)",
                      "Value": 908.42955
                    },
                    {
                      "Element": "K",
                      "ValueUnit": "Mehlich 1   mg/kg (ppm)",
                      "Value": 39.0498
                    },
                    {
                      "Element": "Mg",
                      "ValueUnit": "Mehlich 1   mg/kg (ppm)",
                      "Value": 60.73095
                    },
                    {
                      "Element": "Mn",
                      "ValueUnit": "Mehlich 1   mg/kg (ppm)",
                      "Value": 18.22245
                    },
                    {
                      "Element": "P",
                      "ValueUnit": "Mehlich 1   mg/kg (ppm)",
                      "Value": 73.17425
                    },
                    {
                      "Element": "Zn",
                      "ValueUnit": "Mehlich 1   mg/kg (ppm)",
                      "Value": 2.0805
                    },
                    {
                      "Element": "OM",
                      "ValueUnit": "%",
                      "Value": 1.931
                    }
                  ]
                }
              ]
            },
            {
              "SampleMetaData": {
                "SampleNumber": "15",
                "ReportID": "16"
              },
              "Depths": [
                {
                  "DepthID": "1",
                  "NutrientResults": [
                    {
                      "Element": "pH",
                      "ValueUnit": "none",
                      "Value": 6.37
                    },
                    {
                      "Element": "Ca",
                      "ValueUnit": "Mehlich 1   mg/kg (ppm)",
                      "Value": 1189.8448
                    },
                    {
                      "Element": "K",
                      "ValueUnit": "Mehlich 1   mg/kg (ppm)",
                      "Value": 66.39035
                    },
                    {
                      "Element": "Mg",
                      "ValueUnit": "Mehlich 1   mg/kg (ppm)",
                      "Value": 65.62025
                    },
                    {
                      "Element": "Mn",
                      "ValueUnit": "Mehlich 1   mg/kg (ppm)",
                      "Value": 22.3178
                    },
                    {
                      "Element": "P",
                      "ValueUnit": "Mehlich 1   mg/kg (ppm)",
                      "Value": 106.8014
                    },
                    {
                      "Element": "Zn",
                      "ValueUnit": "Mehlich 1   mg/kg (ppm)",
                      "Value": 2.57625
                    },
                    {
                      "Element": "OM",
                      "ValueUnit": "%",
                      "Value": 2.618
                    }
                  ]
                }
              ]
            },
            {
              "SampleMetaData": {
                "SampleNumber": "16",
                "ReportID": "17"
              },
              "Depths": [
                {
                  "DepthID": "1",
                  "NutrientResults": [
                    {
                      "Element": "pH",
                      "ValueUnit": "none",
                      "Value": 6.21
                    },
                    {
                      "Element": "Ca",
                      "ValueUnit": "Mehlich 1   mg/kg (ppm)",
                      "Value": 1292.5857
                    },
                    {
                      "Element": "K",
                      "ValueUnit": "Mehlich 1   mg/kg (ppm)",
                      "Value": 90.5088
                    },
                    {
                      "Element": "Mg",
                      "ValueUnit": "Mehlich 1   mg/kg (ppm)",
                      "Value": 94.9061
                    },
                    {
                      "Element": "Mn",
                      "ValueUnit": "Mehlich 1   mg/kg (ppm)",
                      "Value": 25.8298
                    },
                    {
                      "Element": "P",
                      "ValueUnit": "Mehlich 1   mg/kg (ppm)",
                      "Value": 95.88085
                    },
                    {
                      "Element": "Zn",
                      "ValueUnit": "Mehlich 1   mg/kg (ppm)",
                      "Value": 3.0757
                    },
                    {
                      "Element": "OM",
                      "ValueUnit": "%",
                      "Value": 3.17
                    }
                  ]
                }
              ]
            },
            {
              "SampleMetaData": {
                "SampleNumber": "17",
                "ReportID": "18"
              },
              "Depths": [
                {
                  "DepthID": "1",
                  "NutrientResults": [
                    {
                      "Element": "pH",
                      "ValueUnit": "none",
                      "Value": 6.08
                    },
                    {
                      "Element": "Ca",
                      "ValueUnit": "Mehlich 1   mg/kg (ppm)",
                      "Value": 1237.61465
                    },
                    {
                      "Element": "K",
                      "ValueUnit": "Mehlich 1   mg/kg (ppm)",
                      "Value": 120.2169
                    },
                    {
                      "Element": "Mg",
                      "ValueUnit": "Mehlich 1   mg/kg (ppm)",
                      "Value": 94.2104
                    },
                    {
                      "Element": "Mn",
                      "ValueUnit": "Mehlich 1   mg/kg (ppm)",
                      "Value": 28.526
                    },
                    {
                      "Element": "P",
                      "ValueUnit": "Mehlich 1   mg/kg (ppm)",
                      "Value": 64.3168
                    },
                    {
                      "Element": "Zn",
                      "ValueUnit": "Mehlich 1   mg/kg (ppm)",
                      "Value": 3.16785
                    },
                    {
                      "Element": "OM",
                      "ValueUnit": "%",
                      "Value": 3.532
                    }
                  ]
                }
              ]
            },
            {
              "SampleMetaData": {
                "SampleNumber": "18",
                "ReportID": "19"
              },
              "Depths": [
                {
                  "DepthID": "1",
                  "NutrientResults": [
                    {
                      "Element": "pH",
                      "ValueUnit": "none",
                      "Value": 6.29
                    },
                    {
                      "Element": "Ca",
                      "ValueUnit": "Mehlich 1   mg/kg (ppm)",
                      "Value": 896.8967
                    },
                    {
                      "Element": "K",
                      "ValueUnit": "Mehlich 1   mg/kg (ppm)",
                      "Value": 46.05385
                    },
                    {
                      "Element": "Mg",
                      "ValueUnit": "Mehlich 1   mg/kg (ppm)",
                      "Value": 66.2599
                    },
                    {
                      "Element": "Mn",
                      "ValueUnit": "Mehlich 1   mg/kg (ppm)",
                      "Value": 12.13955
                    },
                    {
                      "Element": "P",
                      "ValueUnit": "Mehlich 1   mg/kg (ppm)",
                      "Value": 83.3967
                    },
                    {
                      "Element": "Zn",
                      "ValueUnit": "Mehlich 1   mg/kg (ppm)",
                      "Value": 2.5291
                    },
                    {
                      "Element": "OM",
                      "ValueUnit": "%",
                      "Value": 2.08
                    }
                  ]
                }
              ]
            },
            {
              "SampleMetaData": {
                "SampleNumber": "19",
                "ReportID": "20"
              },
              "Depths": [
                {
                  "DepthID": "1",
                  "NutrientResults": [
                    {
                      "Element": "pH",
                      "ValueUnit": "none",
                      "Value": 6.31
                    },
                    {
                      "Element": "Ca",
                      "ValueUnit": "Mehlich 1   mg/kg (ppm)",
                      "Value": 959.69315
                    },
                    {
                      "Element": "K",
                      "ValueUnit": "Mehlich 1   mg/kg (ppm)",
                      "Value": 35.4616
                    },
                    {
                      "Element": "Mg",
                      "ValueUnit": "Mehlich 1   mg/kg (ppm)",
                      "Value": 63.4158
                    },
                    {
                      "Element": "Mn",
                      "ValueUnit": "Mehlich 1   mg/kg (ppm)",
                      "Value": 14.35105
                    },
                    {
                      "Element": "P",
                      "ValueUnit": "Mehlich 1   mg/kg (ppm)",
                      "Value": 92.94105
                    },
                    {
                      "Element": "Zn",
                      "ValueUnit": "Mehlich 1   mg/kg (ppm)",
                      "Value": 2.80105
                    },
                    {
                      "Element": "OM",
                      "ValueUnit": "%",
                      "Value": 1.957
                    }
                  ]
                }
              ]
            },
            {
              "SampleMetaData": {
                "SampleNumber": "20",
                "ReportID": "21"
              },
              "Depths": [
                {
                  "DepthID": "1",
                  "NutrientResults": [
                    {
                      "Element": "pH",
                      "ValueUnit": "none",
                      "Value": 6.19
                    },
                    {
                      "Element": "Ca",
                      "ValueUnit": "Mehlich 1   mg/kg (ppm)",
                      "Value": 991.68315
                    },
                    {
                      "Element": "K",
                      "ValueUnit": "Mehlich 1   mg/kg (ppm)",
                      "Value": 72.7871
                    },
                    {
                      "Element": "Mg",
                      "ValueUnit": "Mehlich 1   mg/kg (ppm)",
                      "Value": 69.6736
                    },
                    {
                      "Element": "Mn",
                      "ValueUnit": "Mehlich 1   mg/kg (ppm)",
                      "Value": 20.49215
                    },
                    {
                      "Element": "P",
                      "ValueUnit": "Mehlich 1   mg/kg (ppm)",
                      "Value": 81.00845
                    },
                    {
                      "Element": "Zn",
                      "ValueUnit": "Mehlich 1   mg/kg (ppm)",
                      "Value": 2.56125
                    },
                    {
                      "Element": "OM",
                      "ValueUnit": "%",
                      "Value": 2.245
                    }
                  ]
                }
              ]
            },
            {
              "SampleMetaData": {
                "SampleNumber": "21",
                "ReportID": "22"
              },
              "Depths": [
                {
                  "DepthID": "1",
                  "NutrientResults": [
                    {
                      "Element": "pH",
                      "ValueUnit": "none",
                      "Value": 6.08
                    },
                    {
                      "Element": "Ca",
                      "ValueUnit": "Mehlich 1   mg/kg (ppm)",
                      "Value": 1216.712
                    },
                    {
                      "Element": "K",
                      "ValueUnit": "Mehlich 1   mg/kg (ppm)",
                      "Value": 126.7239
                    },
                    {
                      "Element": "Mg",
                      "ValueUnit": "Mehlich 1   mg/kg (ppm)",
                      "Value": 89.2483
                    },
                    {
                      "Element": "Mn",
                      "ValueUnit": "Mehlich 1   mg/kg (ppm)",
                      "Value": 28.28855
                    },
                    {
                      "Element": "P",
                      "ValueUnit": "Mehlich 1   mg/kg (ppm)",
                      "Value": 94.1253
                    },
                    {
                      "Element": "Zn",
                      "ValueUnit": "Mehlich 1   mg/kg (ppm)",
                      "Value": 2.91155
                    },
                    {
                      "Element": "OM",
                      "ValueUnit": "%",
                      "Value": 2.844
                    }
                  ]
                }
              ]
            },
            {
              "SampleMetaData": {
                "SampleNumber": "22",
                "ReportID": "23"
              },
              "Depths": [
                {
                  "DepthID": "1",
                  "NutrientResults": [
                    {
                      "Element": "pH",
                      "ValueUnit": "none",
                      "Value": 6.09
                    },
                    {
                      "Element": "Ca",
                      "ValueUnit": "Mehlich 1   mg/kg (ppm)",
                      "Value": 1274.5944
                    },
                    {
                      "Element": "K",
                      "ValueUnit": "Mehlich 1   mg/kg (ppm)",
                      "Value": 135.13215
                    },
                    {
                      "Element": "Mg",
                      "ValueUnit": "Mehlich 1   mg/kg (ppm)",
                      "Value": 100.95575
                    },
                    {
                      "Element": "Mn",
                      "ValueUnit": "Mehlich 1   mg/kg (ppm)",
                      "Value": 29.7298
                    },
                    {
                      "Element": "P",
                      "ValueUnit": "Mehlich 1   mg/kg (ppm)",
                      "Value": 71.8978
                    },
                    {
                      "Element": "Zn",
                      "ValueUnit": "Mehlich 1   mg/kg (ppm)",
                      "Value": 3.06315
                    },
                    {
                      "Element": "OM",
                      "ValueUnit": "%",
                      "Value": 3.458
                    }
                  ]
                }
              ]
            },
            {
              "SampleMetaData": {
                "SampleNumber": "23",
                "ReportID": "24"
              },
              "Depths": [
                {
                  "DepthID": "1",
                  "NutrientResults": [
                    {
                      "Element": "pH",
                      "ValueUnit": "none",
                      "Value": 5.97
                    },
                    {
                      "Element": "Ca",
                      "ValueUnit": "Mehlich 1   mg/kg (ppm)",
                      "Value": 1110.6116
                    },
                    {
                      "Element": "K",
                      "ValueUnit": "Mehlich 1   mg/kg (ppm)",
                      "Value": 109.95075
                    },
                    {
                      "Element": "Mg",
                      "ValueUnit": "Mehlich 1   mg/kg (ppm)",
                      "Value": 91.3223
                    },
                    {
                      "Element": "Mn",
                      "ValueUnit": "Mehlich 1   mg/kg (ppm)",
                      "Value": 27.0031
                    },
                    {
                      "Element": "P",
                      "ValueUnit": "Mehlich 1   mg/kg (ppm)",
                      "Value": 48.5262
                    },
                    {
                      "Element": "Zn",
                      "ValueUnit": "Mehlich 1   mg/kg (ppm)",
                      "Value": 2.3304
                    },
                    {
                      "Element": "OM",
                      "ValueUnit": "%",
                      "Value": 3.395
                    }
                  ]
                }
              ]
            },
            {
              "SampleMetaData": {
                "SampleNumber": "24",
                "ReportID": "25"
              },
              "Depths": [
                {
                  "DepthID": "1",
                  "NutrientResults": [
                    {
                      "Element": "pH",
                      "ValueUnit": "none",
                      "Value": 6.18
                    },
                    {
                      "Element": "Ca",
                      "ValueUnit": "Mehlich 1   mg/kg (ppm)",
                      "Value": 742.63195
                    },
                    {
                      "Element": "K",
                      "ValueUnit": "Mehlich 1   mg/kg (ppm)",
                      "Value": 37.02725
                    },
                    {
                      "Element": "Mg",
                      "ValueUnit": "Mehlich 1   mg/kg (ppm)",
                      "Value": 62.031
                    },
                    {
                      "Element": "Mn",
                      "ValueUnit": "Mehlich 1   mg/kg (ppm)",
                      "Value": 11.6138
                    },
                    {
                      "Element": "P",
                      "ValueUnit": "Mehlich 1   mg/kg (ppm)",
                      "Value": 59.51655
                    },
                    {
                      "Element": "Zn",
                      "ValueUnit": "Mehlich 1   mg/kg (ppm)",
                      "Value": 2.0112
                    },
                    {
                      "Element": "OM",
                      "ValueUnit": "%",
                      "Value": 1.935
                    }
                  ]
                }
              ]
            },
            {
              "SampleMetaData": {
                "SampleNumber": "25",
                "ReportID": "26"
              },
              "Depths": [
                {
                  "DepthID": "1",
                  "NutrientResults": [
                    {
                      "Element": "pH",
                      "ValueUnit": "none",
                      "Value": 6.38
                    },
                    {
                      "Element": "Ca",
                      "ValueUnit": "Mehlich 1   mg/kg (ppm)",
                      "Value": 909.2249
                    },
                    {
                      "Element": "K",
                      "ValueUnit": "Mehlich 1   mg/kg (ppm)",
                      "Value": 47.96965
                    },
                    {
                      "Element": "Mg",
                      "ValueUnit": "Mehlich 1   mg/kg (ppm)",
                      "Value": 76.0518
                    },
                    {
                      "Element": "Mn",
                      "ValueUnit": "Mehlich 1   mg/kg (ppm)",
                      "Value": 14.1161
                    },
                    {
                      "Element": "P",
                      "ValueUnit": "Mehlich 1   mg/kg (ppm)",
                      "Value": 84.1407
                    },
                    {
                      "Element": "Zn",
                      "ValueUnit": "Mehlich 1   mg/kg (ppm)",
                      "Value": 2.75105
                    },
                    {
                      "Element": "OM",
                      "ValueUnit": "%",
                      "Value": 2.048
                    }
                  ]
                }
              ]
            },
            {
              "SampleMetaData": {
                "SampleNumber": "26",
                "ReportID": "27"
              },
              "Depths": [
                {
                  "DepthID": "1",
                  "NutrientResults": [
                    {
                      "Element": "pH",
                      "ValueUnit": "none",
                      "Value": 6.23
                    },
                    {
                      "Element": "Ca",
                      "ValueUnit": "Mehlich 1   mg/kg (ppm)",
                      "Value": 934.05355
                    },
                    {
                      "Element": "K",
                      "ValueUnit": "Mehlich 1   mg/kg (ppm)",
                      "Value": 35.4972
                    },
                    {
                      "Element": "Mg",
                      "ValueUnit": "Mehlich 1   mg/kg (ppm)",
                      "Value": 68.4174
                    },
                    {
                      "Element": "Mn",
                      "ValueUnit": "Mehlich 1   mg/kg (ppm)",
                      "Value": 18.3644
                    },
                    {
                      "Element": "P",
                      "ValueUnit": "Mehlich 1   mg/kg (ppm)",
                      "Value": 78.12835
                    },
                    {
                      "Element": "Zn",
                      "ValueUnit": "Mehlich 1   mg/kg (ppm)",
                      "Value": 2.34875
                    },
                    {
                      "Element": "OM",
                      "ValueUnit": "%",
                      "Value": 2.095
                    }
                  ]
                }
              ]
            },
            {
              "SampleMetaData": {
                "SampleNumber": "27",
                "ReportID": "28"
              },
              "Depths": [
                {
                  "DepthID": "1",
                  "NutrientResults": [
                    {
                      "Element": "pH",
                      "ValueUnit": "none",
                      "Value": 6
                    },
                    {
                      "Element": "Ca",
                      "ValueUnit": "Mehlich 1   mg/kg (ppm)",
                      "Value": 892.69275
                    },
                    {
                      "Element": "K",
                      "ValueUnit": "Mehlich 1   mg/kg (ppm)",
                      "Value": 52.42755
                    },
                    {
                      "Element": "Mg",
                      "ValueUnit": "Mehlich 1   mg/kg (ppm)",
                      "Value": 66.56365
                    },
                    {
                      "Element": "Mn",
                      "ValueUnit": "Mehlich 1   mg/kg (ppm)",
                      "Value": 18.81715
                    },
                    {
                      "Element": "P",
                      "ValueUnit": "Mehlich 1   mg/kg (ppm)",
                      "Value": 52.5286
                    },
                    {
                      "Element": "Zn",
                      "ValueUnit": "Mehlich 1   mg/kg (ppm)",
                      "Value": 1.9416
                    },
                    {
                      "Element": "OM",
                      "ValueUnit": "%",
                      "Value": 2.419
                    }
                  ]
                }
              ]
            },
            {
              "SampleMetaData": {
                "SampleNumber": "28",
                "ReportID": "29"
              },
              "Depths": [
                {
                  "DepthID": "1",
                  "NutrientResults": [
                    {
                      "Element": "pH",
                      "ValueUnit": "none",
                      "Value": 5.96
                    },
                    {
                      "Element": "Ca",
                      "ValueUnit": "Mehlich 1   mg/kg (ppm)",
                      "Value": 987.48645
                    },
                    {
                      "Element": "K",
                      "ValueUnit": "Mehlich 1   mg/kg (ppm)",
                      "Value": 53.54435
                    },
                    {
                      "Element": "Mg",
                      "ValueUnit": "Mehlich 1   mg/kg (ppm)",
                      "Value": 77.05295
                    },
                    {
                      "Element": "Mn",
                      "ValueUnit": "Mehlich 1   mg/kg (ppm)",
                      "Value": 21.58065
                    },
                    {
                      "Element": "P",
                      "ValueUnit": "Mehlich 1   mg/kg (ppm)",
                      "Value": 46.9655
                    },
                    {
                      "Element": "Zn",
                      "ValueUnit": "Mehlich 1   mg/kg (ppm)",
                      "Value": 2.2648
                    },
                    {
                      "Element": "OM",
                      "ValueUnit": "%",
                      "Value": 2.942
                    }
                  ]
                }
              ]
            },
            {
              "SampleMetaData": {
                "SampleNumber": "29",
                "ReportID": "30"
              },
              "Depths": [
                {
                  "DepthID": "1",
                  "NutrientResults": [
                    {
                      "Element": "pH",
                      "ValueUnit": "none",
                      "Value": 5.93
                    },
                    {
                      "Element": "Ca",
                      "ValueUnit": "Mehlich 1   mg/kg (ppm)",
                      "Value": 1230.04125
                    },
                    {
                      "Element": "K",
                      "ValueUnit": "Mehlich 1   mg/kg (ppm)",
                      "Value": 68.3403
                    },
                    {
                      "Element": "Mg",
                      "ValueUnit": "Mehlich 1   mg/kg (ppm)",
                      "Value": 106.6512
                    },
                    {
                      "Element": "Mn",
                      "ValueUnit": "Mehlich 1   mg/kg (ppm)",
                      "Value": 31.7886
                    },
                    {
                      "Element": "P",
                      "ValueUnit": "Mehlich 1   mg/kg (ppm)",
                      "Value": 75.15445
                    },
                    {
                      "Element": "Zn",
                      "ValueUnit": "Mehlich 1   mg/kg (ppm)",
                      "Value": 3.26635
                    },
                    {
                      "Element": "OM",
                      "ValueUnit": "%",
                      "Value": 3.39
                    }
                  ]
                }
              ]
            }
          ]
        }
      }
    }
  ]
}