{
  "_type": "application/vnd.modus.v1.modus-result+json",
  "Events": [
    {
      "EventMetaData": {
        "EventCode": "ece3a2a8-4340-48b1-ae1f-d48d1f1e1692",
        "EventDate": "2021-09-24",
        "EventType": {
          "Soil": true
        }
      },
      "LabMetaData": {
        "LabName": "A & L Great Lakes Laboratories",
        "LabEventID": "F21267-0039",
        "Contact": {
          "Name": "A & L Great Lakes Laboratories",
          "Phone": "260.483.4759",
          "Address": "3505 Conestoga Dr.\nFort Wayne, IN 46808"
        },
        "ReceivedDate": "2021-09-24T00:00:00.000",
        "ProcessedDate": "2021-09-28T00:00:00.000",
        "ClientAccount": {
          "AccountNumber": "30039",
          "Company": "THE ANDERSONS FARM CTR - GPS",
          "Name": "",
          "City": "N MANCHESTER",
          "State": "IN"
        },
        "Reports": [
          {
            "ReportID": 1,
            "LabReportID": "F21271-0035"
          }
        ]
      },
      "FMISMetaData": {
        "FMISEventID": "ece3a2a8-4340-48b1-ae1f-d48d1f1e1692",
        "FMISProfile": {
          "Grower": "CARL AULT",
          "Farm": "ENYART EAST 50",
          "Field": "50.1 AC",
          "Sub-Field": ""
        }
      },
      "EventSamples": {
        "Soil": {
          "DepthRefs": [
            {
              "DepthID": 1,
              "Name": "Unknown Depth",
              "StartingDepth": 0,
              "EndingDepth": 8,
              "ColumnDepth": 8,
              "DepthUnit": "in"
            }
          ],
          "SoilSample": [
            {
              "SampleMetaData": {
                "ReportID": 1,
                "SampleNumber": "1",
                "SampleContainerID": "28051"
              },
              "Depths": [
                {
                  "DepthID": "1",
                  "NutrientResults": [
                    { "Element": "pH", "Value": 7.0, "ValueUnit": "none" },
                    { "Element": "OM", "Value": 2.4, "ValueUnit": "%" },
                    { "Element": "P", "Value": 34, "ValueUnit": "ppm" },
                    { "Element": "K", "Value": 161, "ValueUnit": "ppm" },
                    { "Element": "Ca", "Value": 1150, "ValueUnit": "ppm" },
                    { "Element": "Mg", "Value": 240, "ValueUnit": "ppm" },
                    { "Element": "CEC", "Value": 8.2, "ValueUnit": "meq/100g" },
                    { "Element": "BS-Ca", "Value": 70.4, "ValueUnit": "%" },
                    { "Element": "BS-Mg", "Value": 24.5, "ValueUnit": "%" },
                    { "Element": "BS-K", "Value": 5.1, "ValueUnit": "%" },
                    { "Element": "SO4-S", "Value": 7, "ValueUnit": "ppm" },
                    { "Element": "Zn", "Value": 3.3, "ValueUnit": "ppm" },
                    { "Element": "Mn", "Value": 46, "ValueUnit": "ppm" },
                    { "Element": "B", "Value": 0.7, "ValueUnit": "ppm" }
                  ]
                }
              ]
            },

            {
              "SampleMetaData": {
                "ReportID": 1,
                "SampleNumber": "2",
                "SampleContainerID": "28052"
              },
              "Depths": [
                {
                  "DepthID": "1",
                  "NutrientResults": [
                    { "Element": "pH", "Value": 7.6, "ValueUnit": "none" },
                    { "Element": "OM", "Value": 2.7, "ValueUnit": "%" },
                    { "Element": "P", "Value": 30, "ValueUnit": "ppm" },
                    { "Element": "K", "Value": 190, "ValueUnit": "ppm" },
                    { "Element": "Ca", "Value": 1950, "ValueUnit": "ppm" },
                    { "Element": "Mg", "Value": 265, "ValueUnit": "ppm" },
                    {
                      "Element": "CEC",
                      "Value": 12.4,
                      "ValueUnit": "meq/100g"
                    },
                    { "Element": "BS-Ca", "Value": 78.3, "ValueUnit": "%" },
                    { "Element": "BS-Mg", "Value": 17.7, "ValueUnit": "%" },
                    { "Element": "BS-K", "Value": 3.9, "ValueUnit": "%" }
                  ]
                }
              ]
            },

            {
              "SampleMetaData": {
                "ReportID": 1,
                "SampleNumber": "3",
                "SampleContainerID": "28053"
              },
              "Depths": [
                {
                  "DepthID": "1",
                  "NutrientResults": [
                    { "Element": "pH", "Value": 7.2, "ValueUnit": "none" },
                    { "Element": "OM", "Value": 2.7, "ValueUnit": "%" },
                    { "Element": "P", "Value": 35, "ValueUnit": "ppm" },
                    { "Element": "K", "Value": 178, "ValueUnit": "ppm" },
                    { "Element": "Ca", "Value": 1600, "ValueUnit": "ppm" },
                    { "Element": "Mg", "Value": 290, "ValueUnit": "ppm" },
                    {
                      "Element": "CEC",
                      "Value": 10.9,
                      "ValueUnit": "meq/100g"
                    },
                    { "Element": "BS-Ca", "Value": 73.6, "ValueUnit": "%" },
                    { "Element": "BS-Mg", "Value": 22.2, "ValueUnit": "%" },
                    { "Element": "BS-K", "Value": 4.2, "ValueUnit": "%" },
                    { "Element": "SO4-S", "Value": 7, "ValueUnit": "ppm" },
                    { "Element": "Zn", "Value": 3.8, "ValueUnit": "ppm" },
                    { "Element": "Mn", "Value": 61, "ValueUnit": "ppm" },
                    { "Element": "B", "Value": 0.7, "ValueUnit": "ppm" }
                  ]
                }
              ]
            },

            {
              "SampleMetaData": {
                "ReportID": 1,
                "SampleNumber": "4",
                "SampleContainerID": "28054"
              },
              "Depths": [
                {
                  "DepthID": "1",
                  "NutrientResults": [
                    { "Element": "pH", "Value": 6.7, "ValueUnit": "none" },
                    { "Element": "BpH", "Value": 6.9, "ValueUnit": "none" },
                    { "Element": "OM", "Value": 3.1, "ValueUnit": "%" },
                    { "Element": "P", "Value": 52, "ValueUnit": "ppm" },
                    { "Element": "K", "Value": 228, "ValueUnit": "ppm" },
                    { "Element": "Ca", "Value": 1600, "ValueUnit": "ppm" },
                    { "Element": "Mg", "Value": 305, "ValueUnit": "ppm" },
                    {
                      "Element": "CEC",
                      "Value": 12.3,
                      "ValueUnit": "meq/100g"
                    },
                    { "Element": "BS-Ca", "Value": 64.9, "ValueUnit": "%" },
                    { "Element": "BS-Mg", "Value": 20.6, "ValueUnit": "%" },
                    { "Element": "BS-K", "Value": 4.7, "ValueUnit": "%" },
                    { "Element": "BS-H", "Value": 9.7, "ValueUnit": "%" }
                  ]
                }
              ]
            },

            {
              "SampleMetaData": {
                "ReportID": 1,
                "SampleNumber": "5",
                "SampleContainerID": "28055"
              },
              "Depths": [
                {
                  "DepthID": "1",
                  "NutrientResults": [
                    { "Element": "pH", "Value": 7.4, "ValueUnit": "none" },
                    { "Element": "OM", "Value": 3.3, "ValueUnit": "%" },
                    { "Element": "P", "Value": 36, "ValueUnit": "ppm" },
                    { "Element": "K", "Value": 205, "ValueUnit": "ppm" },
                    { "Element": "Ca", "Value": 2250, "ValueUnit": "ppm" },
                    { "Element": "Mg", "Value": 365, "ValueUnit": "ppm" },
                    {
                      "Element": "CEC",
                      "Value": 14.8,
                      "ValueUnit": "meq/100g"
                    },
                    { "Element": "BS-Ca", "Value": 75.9, "ValueUnit": "%" },
                    { "Element": "BS-Mg", "Value": 20.5, "ValueUnit": "%" },
                    { "Element": "BS-K", "Value": 4.7, "ValueUnit": "%" },
                    { "Element": "SO4-S", "Value": 7, "ValueUnit": "ppm" },
                    { "Element": "Zn", "Value": 4.0, "ValueUnit": "ppm" },
                    { "Element": "Mn", "Value": 49, "ValueUnit": "ppm" },
                    { "Element": "B", "Value": 1.2, "ValueUnit": "ppm" }
                  ]
                }
              ]
            },

            {
              "SampleMetaData": {
                "ReportID": 1,
                "SampleNumber": "6",
                "SampleContainerID": "28056"
              },
              "Depths": [
                {
                  "DepthID": "1",
                  "NutrientResults": [
                    { "Element": "pH", "Value": 7.2, "ValueUnit": "none" },
                    { "Element": "OM", "Value": 2.0, "ValueUnit": "%" },
                    { "Element": "P", "Value": 44, "ValueUnit": "ppm" },
                    { "Element": "K", "Value": 151, "ValueUnit": "ppm" },
                    { "Element": "Ca", "Value": 1100, "ValueUnit": "ppm" },
                    { "Element": "Mg", "Value": 255, "ValueUnit": "ppm" },
                    { "Element": "CEC", "Value": 8.0, "ValueUnit": "meq/100g" },
                    { "Element": "BS-Ca", "Value": 68.6, "ValueUnit": "%" },
                    { "Element": "BS-Mg", "Value": 26.5, "ValueUnit": "%" },
                    { "Element": "BS-K", "Value": 4.8, "ValueUnit": "%" }
                  ]
                }
              ]
            },

            {
              "SampleMetaData": {
                "ReportID": 1,
                "SampleNumber": "7",
                "SampleContainerID": "28057"
              },
              "Depths": [
                {
                  "DepthID": "1",
                  "NutrientResults": [
                    { "Element": "pH", "Value": 6.9, "ValueUnit": "none" },
                    { "Element": "OM", "Value": 2.3, "ValueUnit": "%" },
                    { "Element": "P", "Value": 44, "ValueUnit": "ppm" },
                    { "Element": "K", "Value": 130, "ValueUnit": "ppm" },
                    { "Element": "Ca", "Value": 1050, "ValueUnit": "ppm" },
                    { "Element": "Mg", "Value": 220, "ValueUnit": "ppm" },
                    { "Element": "CEC", "Value": 7.5, "ValueUnit": "meq/100g" },
                    { "Element": "BS-Ca", "Value": 69.7, "ValueUnit": "%" },
                    { "Element": "BS-Mg", "Value": 24.3, "ValueUnit": "%" },
                    { "Element": "BS-K", "Value": 4.4, "ValueUnit": "%" },
                    { "Element": "BS-H", "Value": 1.5, "ValueUnit": "%" },
                    { "Element": "SO4-S", "Value": 5, "ValueUnit": "ppm" },
                    { "Element": "Zn", "Value": 3.1, "ValueUnit": "ppm" },
                    { "Element": "Mn", "Value": 43, "ValueUnit": "ppm" },
                    { "Element": "B", "Value": 0.4, "ValueUnit": "ppm" }
                  ]
                }
              ]
            },

            {
              "SampleMetaData": {
                "ReportID": 1,
                "SampleNumber": "8",
                "SampleContainerID": "28058"
              },
              "Depths": [
                {
                  "DepthID": "1",
                  "NutrientResults": [
                    { "Element": "pH", "Value": 7.1, "ValueUnit": "none" },
                    { "Element": "OM", "Value": 1.8, "ValueUnit": "%" },
                    { "Element": "P", "Value": 44, "ValueUnit": "ppm" },
                    { "Element": "K", "Value": 96, "ValueUnit": "ppm" },
                    { "Element": "Ca", "Value": 900, "ValueUnit": "ppm" },
                    { "Element": "Mg", "Value": 185, "ValueUnit": "ppm" },
                    { "Element": "CEC", "Value": 6.3, "ValueUnit": "meq/100g" },
                    { "Element": "BS-Ca", "Value": 71.6, "ValueUnit": "%" },
                    { "Element": "BS-Mg", "Value": 24.5, "ValueUnit": "%" },
                    { "Element": "BS-K", "Value": 3.9, "ValueUnit": "%" }
                  ]
                }
              ]
            },

            {
              "SampleMetaData": {
                "ReportID": 1,
                "SampleNumber": "9",
                "SampleContainerID": "28059"
              },
              "Depths": [
                {
                  "DepthID": "1",
                  "NutrientResults": [
                    { "Element": "pH", "Value": 7.2, "ValueUnit": "none" },
                    { "Element": "OM", "Value": 2.1, "ValueUnit": "%" },
                    { "Element": "P", "Value": 46, "ValueUnit": "ppm" },
                    { "Element": "K", "Value": 173, "ValueUnit": "ppm" },
                    { "Element": "Ca", "Value": 1100, "ValueUnit": "ppm" },
                    { "Element": "Mg", "Value": 220, "ValueUnit": "ppm" },
                    { "Element": "CEC", "Value": 7.8, "ValueUnit": "meq/100g" },
                    { "Element": "BS-Ca", "Value": 70.7, "ValueUnit": "%" },
                    { "Element": "BS-Mg", "Value": 23.6, "ValueUnit": "%" },
                    { "Element": "BS-K", "Value": 5.7, "ValueUnit": "%" },
                    { "Element": "SO4-S", "Value": 6, "ValueUnit": "ppm" },
                    { "Element": "Zn", "Value": 7.5, "ValueUnit": "ppm" },
                    { "Element": "Mn", "Value": 62, "ValueUnit": "ppm" },
                    { "Element": "B", "Value": 0.6, "ValueUnit": "ppm" }
                  ]
                }
              ]
            },

            {
              "SampleMetaData": {
                "ReportID": 1,
                "SampleNumber": "10",
                "SampleContainerID": "28060"
              },
              "Depths": [
                {
                  "DepthID": "1",
                  "NutrientResults": [
                    { "Element": "pH", "Value": 7.1, "ValueUnit": "none" },
                    { "Element": "OM", "Value": 3.2, "ValueUnit": "%" },
                    { "Element": "P", "Value": 81, "ValueUnit": "ppm" },
                    { "Element": "K", "Value": 215, "ValueUnit": "ppm" },
                    { "Element": "Ca", "Value": 1450, "ValueUnit": "ppm" },
                    { "Element": "Mg", "Value": 310, "ValueUnit": "ppm" },
                    {
                      "Element": "CEC",
                      "Value": 10.4,
                      "ValueUnit": "meq/100g"
                    },
                    { "Element": "BS-Ca", "Value": 69.8, "ValueUnit": "%" },
                    { "Element": "BS-Mg", "Value": 24.9, "ValueUnit": "%" },
                    { "Element": "BS-K", "Value": 5.3, "ValueUnit": "%" }
                  ]
                }
              ]
            },

            {
              "SampleMetaData": {
                "ReportID": 1,
                "SampleNumber": "11",
                "SampleContainerID": "28061"
              },
              "Depths": [
                {
                  "DepthID": "1",
                  "NutrientResults": [
                    { "Element": "pH", "Value": 7.8, "ValueUnit": "none" },
                    { "Element": "OM", "Value": 2.5, "ValueUnit": "%" },
                    { "Element": "P", "Value": 101, "ValueUnit": "ppm" },
                    { "Element": "K", "Value": 251, "ValueUnit": "ppm" },
                    { "Element": "Ca", "Value": 2900, "ValueUnit": "ppm" },
                    { "Element": "Mg", "Value": 190, "ValueUnit": "ppm" },
                    {
                      "Element": "CEC",
                      "Value": 10.4,
                      "ValueUnit": "meq/100g"
                    },
                    { "Element": "BS-Ca", "Value": 86.7, "ValueUnit": "%" },
                    { "Element": "BS-Mg", "Value": 9.5, "ValueUnit": "%" },
                    { "Element": "BS-K", "Value": 3.8, "ValueUnit": "%" },
                    { "Element": "SO4-S", "Value": 6, "ValueUnit": "ppm" },
                    { "Element": "Zn", "Value": 12.9, "ValueUnit": "ppm" },
                    { "Element": "Mn", "Value": 56, "ValueUnit": "ppm" },
                    { "Element": "B", "Value": 1.0, "ValueUnit": "ppm" }
                  ]
                }
              ]
            },

            {
              "SampleMetaData": {
                "ReportID": 1,
                "SampleNumber": "12",
                "SampleContainerID": "28062"
              },
              "Depths": [
                {
                  "DepthID": "1",
                  "NutrientResults": [
                    { "Element": "pH", "Value": 7.4, "ValueUnit": "none" },
                    { "Element": "OM", "Value": 2.5, "ValueUnit": "%" },
                    { "Element": "P", "Value": 72, "ValueUnit": "ppm" },
                    { "Element": "K", "Value": 139, "ValueUnit": "ppm" },
                    { "Element": "Ca", "Value": 1200, "ValueUnit": "ppm" },
                    { "Element": "Mg", "Value": 280, "ValueUnit": "ppm" },
                    { "Element": "CEC", "Value": 8.7, "ValueUnit": "meq/100g" },
                    { "Element": "BS-Ca", "Value": 69.0, "ValueUnit": "%" },
                    { "Element": "BS-Mg", "Value": 26.9, "ValueUnit": "%" },
                    { "Element": "BS-K", "Value": 4.1, "ValueUnit": "%" }
                  ]
                }
              ]
            },

            {
              "SampleMetaData": {
                "ReportID": 1,
                "SampleNumber": "13",
                "SampleContainerID": "28063"
              },
              "Depths": [
                {
                  "DepthID": "1",
                  "NutrientResults": [
                    { "Element": "pH", "Value": 6.7, "ValueUnit": "none" },
                    { "Element": "BpH", "Value": 6.9, "ValueUnit": "none" },
                    { "Element": "OM", "Value": 2.2, "ValueUnit": "%" },
                    { "Element": "P", "Value": 40, "ValueUnit": "ppm" },
                    { "Element": "K", "Value": 151, "ValueUnit": "ppm" },
                    { "Element": "Ca", "Value": 1000, "ValueUnit": "ppm" },
                    { "Element": "Mg", "Value": 210, "ValueUnit": "ppm" },
                    { "Element": "CEC", "Value": 8.3, "ValueUnit": "meq/100g" },
                    { "Element": "BS-Ca", "Value": 60.0, "ValueUnit": "%" },
                    { "Element": "BS-Mg", "Value": 21.0, "ValueUnit": "%" },
                    { "Element": "BS-K", "Value": 4.6, "ValueUnit": "%" },
                    { "Element": "BS-H", "Value": 14.4, "ValueUnit": "%" },
                    { "Element": "SO4-S", "Value": 6, "ValueUnit": "ppm" },
                    { "Element": "Zn", "Value": 3.8, "ValueUnit": "ppm" },
                    { "Element": "Mn", "Value": 57, "ValueUnit": "ppm" },
                    { "Element": "B", "Value": 0.4, "ValueUnit": "ppm" }
                  ]
                }
              ]
            },

            {
              "SampleMetaData": {
                "ReportID": 1,
                "SampleNumber": "14",
                "SampleContainerID": "28066"
              },
              "Depths": [
                {
                  "DepthID": "1",
                  "NutrientResults": [
                    { "Element": "pH", "Value": 6.8, "ValueUnit": "none" },
                    { "Element": "OM", "Value": 1.6, "ValueUnit": "%" },
                    { "Element": "P", "Value": 19, "ValueUnit": "ppm" },
                    { "Element": "K", "Value": 139, "ValueUnit": "ppm" },
                    { "Element": "Ca", "Value": 900, "ValueUnit": "ppm" },
                    { "Element": "Mg", "Value": 205, "ValueUnit": "ppm" },
                    { "Element": "CEC", "Value": 6.8, "ValueUnit": "meq/100g" },
                    { "Element": "BS-Ca", "Value": 66.5, "ValueUnit": "%" },
                    { "Element": "BS-Mg", "Value": 25.2, "ValueUnit": "%" },
                    { "Element": "BS-K", "Value": 5.3, "ValueUnit": "%" },
                    { "Element": "BS-H", "Value": 3.0, "ValueUnit": "%" }
                  ]
                }
              ]
            },

            {
              "SampleMetaData": {
                "ReportID": 1,
                "SampleNumber": "15",
                "SampleContainerID": "28067"
              },
              "Depths": [
                {
                  "DepthID": "1",
                  "NutrientResults": [
                    { "Element": "pH", "Value": 6.3, "ValueUnit": "none" },
                    { "Element": "BpH", "Value": 6.8, "ValueUnit": "none" },
                    { "Element": "OM", "Value": 3.6, "ValueUnit": "%" },
                    { "Element": "P", "Value": 85, "ValueUnit": "ppm" },
                    { "Element": "K", "Value": 245, "ValueUnit": "ppm" },
                    { "Element": "Ca", "Value": 1600, "ValueUnit": "ppm" },
                    { "Element": "Mg", "Value": 295, "ValueUnit": "ppm" },
                    {
                      "Element": "CEC",
                      "Value": 13.5,
                      "ValueUnit": "meq/100g"
                    },
                    { "Element": "BS-Ca", "Value": 59.3, "ValueUnit": "%" },
                    { "Element": "BS-Mg", "Value": 18.2, "ValueUnit": "%" },
                    { "Element": "BS-K", "Value": 4.7, "ValueUnit": "%" },
                    { "Element": "BS-H", "Value": 17.8, "ValueUnit": "%" },
                    { "Element": "SO4-S", "Value": 7, "ValueUnit": "ppm" },
                    { "Element": "Zn", "Value": 5.8, "ValueUnit": "ppm" },
                    { "Element": "Mn", "Value": 36, "ValueUnit": "ppm" },
                    { "Element": "B", "Value": 0.7, "ValueUnit": "ppm" }
                  ]
                }
              ]
            },

            {
              "SampleMetaData": {
                "ReportID": 1,
                "SampleNumber": "16",
                "SampleContainerID": "28068"
              },
              "Depths": [
                {
                  "DepthID": "1",
                  "NutrientResults": [
                    { "Element": "pH", "Value": 6.6, "ValueUnit": "none" },
                    { "Element": "BpH", "Value": 6.9, "ValueUnit": "none" },
                    { "Element": "OM", "Value": 1.5, "ValueUnit": "%" },
                    { "Element": "P", "Value": 57, "ValueUnit": "ppm" },
                    { "Element": "K", "Value": 146, "ValueUnit": "ppm" },
                    { "Element": "Ca", "Value": 750, "ValueUnit": "ppm" },
                    { "Element": "Mg", "Value": 160, "ValueUnit": "ppm" },
                    { "Element": "CEC", "Value": 6.7, "ValueUnit": "meq/100g" },
                    { "Element": "BS-Ca", "Value": 56.3, "ValueUnit": "%" },
                    { "Element": "BS-Mg", "Value": 20.0, "ValueUnit": "%" },
                    { "Element": "BS-K", "Value": 5.6, "ValueUnit": "%" },
                    { "Element": "BS-H", "Value": 18.0, "ValueUnit": "%" }
                  ]
                }
              ]
            },

            {
              "SampleMetaData": {
                "ReportID": 1,
                "SampleNumber": "17",
                "SampleContainerID": "28069"
              },
              "Depths": [
                {
                  "DepthID": "1",
                  "NutrientResults": [
                    { "Element": "pH", "Value": 6.8, "ValueUnit": "none" },
                    { "Element": "OM", "Value": 1.6, "ValueUnit": "%" },
                    { "Element": "P", "Value": 53, "ValueUnit": "ppm" },
                    { "Element": "K", "Value": 145, "ValueUnit": "ppm" },
                    { "Element": "Ca", "Value": 700, "ValueUnit": "ppm" },
                    { "Element": "Mg", "Value": 175, "ValueUnit": "ppm" },
                    { "Element": "CEC", "Value": 5.5, "ValueUnit": "meq/100g" },
                    { "Element": "BS-Ca", "Value": 63.7, "ValueUnit": "%" },
                    { "Element": "BS-Mg", "Value": 26.5, "ValueUnit": "%" },
                    { "Element": "BS-K", "Value": 6.8, "ValueUnit": "%" },
                    { "Element": "BS-H", "Value": 3.0, "ValueUnit": "%" },
                    { "Element": "SO4-S", "Value": 5, "ValueUnit": "ppm" },
                    { "Element": "Zn", "Value": 3.3, "ValueUnit": "ppm" },
                    { "Element": "Mn", "Value": 43, "ValueUnit": "ppm" },
                    { "Element": "B", "Value": 0.5, "ValueUnit": "ppm" }
                  ]
                }
              ]
            },

            {
              "SampleMetaData": {
                "ReportID": 1,
                "SampleNumber": "18",
                "SampleContainerID": "28070"
              },
              "Depths": [
                {
                  "DepthID": "1",
                  "NutrientResults": [
                    { "Element": "pH", "Value": 6.5, "ValueUnit": "none" },
                    { "Element": "BpH", "Value": 6.9, "ValueUnit": "none" },
                    { "Element": "OM", "Value": 2.5, "ValueUnit": "%" },
                    { "Element": "P", "Value": 53, "ValueUnit": "ppm" },
                    { "Element": "K", "Value": 180, "ValueUnit": "ppm" },
                    { "Element": "Ca", "Value": 1100, "ValueUnit": "ppm" },
                    { "Element": "Mg", "Value": 240, "ValueUnit": "ppm" },
                    { "Element": "CEC", "Value": 9.2, "ValueUnit": "meq/100g" },
                    { "Element": "BS-Ca", "Value": 60.0, "ValueUnit": "%" },
                    { "Element": "BS-Mg", "Value": 21.8, "ValueUnit": "%" },
                    { "Element": "BS-K", "Value": 5.0, "ValueUnit": "%" },
                    { "Element": "BS-H", "Value": 13.1, "ValueUnit": "%" }
                  ]
                }
              ]
            },

            {
              "SampleMetaData": {
                "ReportID": 1,
                "SampleNumber": "19",
                "SampleContainerID": "28071"
              },
              "Depths": [
                {
                  "DepthID": "1",
                  "NutrientResults": [
                    { "Element": "pH", "Value": 6.1, "ValueUnit": "none" },
                    { "Element": "BpH", "Value": 6.7, "ValueUnit": "none" },
                    { "Element": "OM", "Value": 5.3, "ValueUnit": "%" },
                    { "Element": "P", "Value": 102, "ValueUnit": "ppm" },
                    { "Element": "K", "Value": 260, "ValueUnit": "ppm" },
                    { "Element": "Ca", "Value": 2050, "ValueUnit": "ppm" },
                    { "Element": "Mg", "Value": 370, "ValueUnit": "ppm" },
                    {
                      "Element": "CEC",
                      "Value": 17.6,
                      "ValueUnit": "meq/100g"
                    },
                    { "Element": "BS-Ca", "Value": 58.2, "ValueUnit": "%" },
                    { "Element": "BS-Mg", "Value": 17.5, "ValueUnit": "%" },
                    { "Element": "BS-K", "Value": 3.8, "ValueUnit": "%" },
                    { "Element": "BS-H", "Value": 20.5, "ValueUnit": "%" },
                    { "Element": "SO4-S", "Value": 9, "ValueUnit": "ppm" },
                    { "Element": "Zn", "Value": 5.7, "ValueUnit": "ppm" },
                    { "Element": "Mn", "Value": 30, "ValueUnit": "ppm" },
                    { "Element": "B", "Value": 0.7, "ValueUnit": "ppm" }
                  ]
                }
              ]
            },

            {
              "SampleMetaData": {
                "ReportID": 1,
                "SampleNumber": "20",
                "SampleContainerID": "28072"
              },
              "Depths": [
                {
                  "DepthID": "1",
                  "NutrientResults": [
                    { "Element": "pH", "Value": 6.9, "ValueUnit": "none" },
                    { "Element": "OM", "Value": 1.9, "ValueUnit": "%" },
                    { "Element": "P", "Value": 54, "ValueUnit": "ppm" },
                    { "Element": "K", "Value": 135, "ValueUnit": "ppm" },
                    { "Element": "Ca", "Value": 850, "ValueUnit": "ppm" },
                    { "Element": "Mg", "Value": 195, "ValueUnit": "ppm" },
                    { "Element": "CEC", "Value": 6.3, "ValueUnit": "meq/100g" },
                    { "Element": "BS-Ca", "Value": 67.3, "ValueUnit": "%" },
                    { "Element": "BS-Mg", "Value": 25.7, "ValueUnit": "%" },
                    { "Element": "BS-K", "Value": 5.5, "ValueUnit": "%" },
                    { "Element": "BS-H", "Value": 1.5, "ValueUnit": "%" }
                  ]
                }
              ]
            }
          ]
        }
      }
    }
  ]
}
