{
  "Events": [
    {
      "LabMetaData": {
        "Reports": [
          {
            "ReportID": "1",
            "FileDescription": "SO2223.430_1"
          }
        ]
      },
      "EventMetaData": {
        "EventDate": "44750",
        "EventType": {
          "Soil": true
        }
      },
      "EventSamples": {
        "Soil": {
          "DepthRefs": [
            {
              "StartingDepth": 0,
              "EndingDepth": 8,
              "DepthUnit": "in",
              "Name": "Unknown Depth",
              "ColumnDepth": 8,
              "DepthID": 1
            }
          ],
          "SoilSample": [
            {
              "SampleMetaData": {
                "SampleNumber": "0",
                "ReportID": "Old Berlin 1"
              },
              "Depths": [
                {
                  "DepthID": "1",
                  "NutrientResults": [
                    {
                      "Element": "pH",
                      "ValueUnit": "none",
                      "Value": 6.18
                    },
                    {
                      "Element": "Ca",
                      "ValueUnit": "Mehlich 1   mg/kg (ppm)",
                      "Value": 579.5442
                    },
                    {
                      "Element": "K",
                      "ValueUnit": "Mehlich 1   mg/kg (ppm)",
                      "Value": 66.72605
                    },
                    {
                      "Element": "Mg",
                      "ValueUnit": "Mehlich 1   mg/kg (ppm)",
                      "Value": 70.43875
                    },
                    {
                      "Element": "Mn",
                      "ValueUnit": "Mehlich 1   mg/kg (ppm)",
                      "Value": 6.9756
                    },
                    {
                      "Element": "P",
                      "ValueUnit": "Mehlich 1   mg/kg (ppm)",
                      "Value": 80.48435
                    },
                    {
                      "Element": "Zn",
                      "ValueUnit": "Mehlich 1   mg/kg (ppm)",
                      "Value": 1.3614
                    }
                  ]
                }
              ]
            },
            {
              "SampleMetaData": {
                "SampleNumber": "1",
                "ReportID": "Old Berlin 2"
              },
              "Depths": [
                {
                  "DepthID": "1",
                  "NutrientResults": [
                    {
                      "Element": "pH",
                      "ValueUnit": "none",
                      "Value": 6.23
                    },
                    {
                      "Element": "Ca",
                      "ValueUnit": "Mehlich 1   mg/kg (ppm)",
                      "Value": 583.6702
                    },
                    {
                      "Element": "K",
                      "ValueUnit": "Mehlich 1   mg/kg (ppm)",
                      "Value": 83.45695
                    },
                    {
                      "Element": "Mg",
                      "ValueUnit": "Mehlich 1   mg/kg (ppm)",
                      "Value": 75.4149
                    },
                    {
                      "Element": "Mn",
                      "ValueUnit": "Mehlich 1   mg/kg (ppm)",
                      "Value": 9.2964
                    },
                    {
                      "Element": "P",
                      "ValueUnit": "Mehlich 1   mg/kg (ppm)",
                      "Value": 75.1141
                    },
                    {
                      "Element": "Zn",
                      "ValueUnit": "Mehlich 1   mg/kg (ppm)",
                      "Value": 1.66635
                    }
                  ]
                }
              ]
            },
            {
              "SampleMetaData": {
                "SampleNumber": "2",
                "ReportID": "Old Berlin 3"
              },
              "Depths": [
                {
                  "DepthID": "1",
                  "NutrientResults": [
                    {
                      "Element": "pH",
                      "ValueUnit": "none",
                      "Value": 6.7
                    },
                    {
                      "Element": "Ca",
                      "ValueUnit": "Mehlich 1   mg/kg (ppm)",
                      "Value": 565.89745
                    },
                    {
                      "Element": "K",
                      "ValueUnit": "Mehlich 1   mg/kg (ppm)",
                      "Value": 57.25685
                    },
                    {
                      "Element": "Mg",
                      "ValueUnit": "Mehlich 1   mg/kg (ppm)",
                      "Value": 63.30405
                    },
                    {
                      "Element": "Mn",
                      "ValueUnit": "Mehlich 1   mg/kg (ppm)",
                      "Value": 8.098
                    },
                    {
                      "Element": "P",
                      "ValueUnit": "Mehlich 1   mg/kg (ppm)",
                      "Value": 55.4977
                    },
                    {
                      "Element": "Zn",
                      "ValueUnit": "Mehlich 1   mg/kg (ppm)",
                      "Value": 1.2056
                    }
                  ]
                }
              ]
            },
            {
              "SampleMetaData": {
                "SampleNumber": "3",
                "ReportID": "Old Berlin 4"
              },
              "Depths": [
                {
                  "DepthID": "1",
                  "NutrientResults": [
                    {
                      "Element": "pH",
                      "ValueUnit": "none",
                      "Value": 6.35
                    },
                    {
                      "Element": "Ca",
                      "ValueUnit": "Mehlich 1   mg/kg (ppm)",
                      "Value": 419.22775
                    },
                    {
                      "Element": "K",
                      "ValueUnit": "Mehlich 1   mg/kg (ppm)",
                      "Value": 42.0894
                    },
                    {
                      "Element": "Mg",
                      "ValueUnit": "Mehlich 1   mg/kg (ppm)",
                      "Value": 47.8008
                    },
                    {
                      "Element": "Mn",
                      "ValueUnit": "Mehlich 1   mg/kg (ppm)",
                      "Value": 6.12705
                    },
                    {
                      "Element": "P",
                      "ValueUnit": "Mehlich 1   mg/kg (ppm)",
                      "Value": 60.26405
                    },
                    {
                      "Element": "Zn",
                      "ValueUnit": "Mehlich 1   mg/kg (ppm)",
                      "Value": 0.7078
                    }
                  ]
                }
              ]
            },
            {
              "SampleMetaData": {
                "SampleNumber": "4",
                "ReportID": "Old Berlin 5"
              },
              "Depths": [
                {
                  "DepthID": "1",
                  "NutrientResults": [
                    {
                      "Element": "pH",
                      "ValueUnit": "none",
                      "Value": 6.66
                    },
                    {
                      "Element": "Ca",
                      "ValueUnit": "Mehlich 1   mg/kg (ppm)",
                      "Value": 715.55775
                    },
                    {
                      "Element": "K",
                      "ValueUnit": "Mehlich 1   mg/kg (ppm)",
                      "Value": 87.387
                    },
                    {
                      "Element": "Mg",
                      "ValueUnit": "Mehlich 1   mg/kg (ppm)",
                      "Value": 76.60325
                    },
                    {
                      "Element": "Mn",
                      "ValueUnit": "Mehlich 1   mg/kg (ppm)",
                      "Value": 7.91535
                    },
                    {
                      "Element": "P",
                      "ValueUnit": "Mehlich 1   mg/kg (ppm)",
                      "Value": 46.8097
                    },
                    {
                      "Element": "Zn",
                      "ValueUnit": "Mehlich 1   mg/kg (ppm)",
                      "Value": 1.28865
                    }
                  ]
                }
              ]
            },
            {
              "SampleMetaData": {
                "SampleNumber": "5",
                "ReportID": "Old Berlin 6"
              },
              "Depths": [
                {
                  "DepthID": "1",
                  "NutrientResults": [
                    {
                      "Element": "pH",
                      "ValueUnit": "none",
                      "Value": 6.6
                    },
                    {
                      "Element": "Ca",
                      "ValueUnit": "Mehlich 1   mg/kg (ppm)",
                      "Value": 729.41825
                    },
                    {
                      "Element": "K",
                      "ValueUnit": "Mehlich 1   mg/kg (ppm)",
                      "Value": 84.59665
                    },
                    {
                      "Element": "Mg",
                      "ValueUnit": "Mehlich 1   mg/kg (ppm)",
                      "Value": 83.57935
                    },
                    {
                      "Element": "Mn",
                      "ValueUnit": "Mehlich 1   mg/kg (ppm)",
                      "Value": 8.0952
                    },
                    {
                      "Element": "P",
                      "ValueUnit": "Mehlich 1   mg/kg (ppm)",
                      "Value": 59.14565
                    },
                    {
                      "Element": "Zn",
                      "ValueUnit": "Mehlich 1   mg/kg (ppm)",
                      "Value": 1.27935
                    }
                  ]
                }
              ]
            },
            {
              "SampleMetaData": {
                "SampleNumber": "6",
                "ReportID": "Old Berlin 7"
              },
              "Depths": [
                {
                  "DepthID": "1",
                  "NutrientResults": [
                    {
                      "Element": "pH",
                      "ValueUnit": "none",
                      "Value": 6.63
                    },
                    {
                      "Element": "Ca",
                      "ValueUnit": "Mehlich 1   mg/kg (ppm)",
                      "Value": 696.4364
                    },
                    {
                      "Element": "K",
                      "ValueUnit": "Mehlich 1   mg/kg (ppm)",
                      "Value": 102.27285
                    },
                    {
                      "Element": "Mg",
                      "ValueUnit": "Mehlich 1   mg/kg (ppm)",
                      "Value": 86.79075
                    },
                    {
                      "Element": "Mn",
                      "ValueUnit": "Mehlich 1   mg/kg (ppm)",
                      "Value": 8.9359
                    },
                    {
                      "Element": "P",
                      "ValueUnit": "Mehlich 1   mg/kg (ppm)",
                      "Value": 50.836
                    },
                    {
                      "Element": "Zn",
                      "ValueUnit": "Mehlich 1   mg/kg (ppm)",
                      "Value": 1.3171
                    }
                  ]
                }
              ]
            },
            {
              "SampleMetaData": {
                "SampleNumber": "7",
                "ReportID": "Old Berlin 8"
              },
              "Depths": [
                {
                  "DepthID": "1",
                  "NutrientResults": [
                    {
                      "Element": "pH",
                      "ValueUnit": "none",
                      "Value": 6.22
                    },
                    {
                      "Element": "Ca",
                      "ValueUnit": "Mehlich 1   mg/kg (ppm)",
                      "Value": 579.0086
                    },
                    {
                      "Element": "K",
                      "ValueUnit": "Mehlich 1   mg/kg (ppm)",
                      "Value": 76.44925
                    },
                    {
                      "Element": "Mg",
                      "ValueUnit": "Mehlich 1   mg/kg (ppm)",
                      "Value": 58.8563
                    },
                    {
                      "Element": "Mn",
                      "ValueUnit": "Mehlich 1   mg/kg (ppm)",
                      "Value": 6.60535
                    },
                    {
                      "Element": "P",
                      "ValueUnit": "Mehlich 1   mg/kg (ppm)",
                      "Value": 77.4612
                    },
                    {
                      "Element": "Zn",
                      "ValueUnit": "Mehlich 1   mg/kg (ppm)",
                      "Value": 1.534
                    }
                  ]
                }
              ]
            },
            {
              "SampleMetaData": {
                "SampleNumber": "8",
                "ReportID": "Old Berlin 9"
              },
              "Depths": [
                {
                  "DepthID": "1",
                  "NutrientResults": [
                    {
                      "Element": "pH",
                      "ValueUnit": "none",
                      "Value": 6.04
                    },
                    {
                      "Element": "Ca",
                      "ValueUnit": "Mehlich 1   mg/kg (ppm)",
                      "Value": 574.77275
                    },
                    {
                      "Element": "K",
                      "ValueUnit": "Mehlich 1   mg/kg (ppm)",
                      "Value": 78.5051
                    },
                    {
                      "Element": "Mg",
                      "ValueUnit": "Mehlich 1   mg/kg (ppm)",
                      "Value": 52.85855
                    },
                    {
                      "Element": "Mn",
                      "ValueUnit": "Mehlich 1   mg/kg (ppm)",
                      "Value": 8.49445
                    },
                    {
                      "Element": "P",
                      "ValueUnit": "Mehlich 1   mg/kg (ppm)",
                      "Value": 114.35575
                    },
                    {
                      "Element": "Zn",
                      "ValueUnit": "Mehlich 1   mg/kg (ppm)",
                      "Value": 1.82375
                    }
                  ]
                }
              ]
            },
            {
              "SampleMetaData": {
                "SampleNumber": "9",
                "ReportID": "Old Berlin 10"
              },
              "Depths": [
                {
                  "DepthID": "1",
                  "NutrientResults": [
                    {
                      "Element": "pH",
                      "ValueUnit": "none",
                      "Value": 6.32
                    },
                    {
                      "Element": "Ca",
                      "ValueUnit": "Mehlich 1   mg/kg (ppm)",
                      "Value": 700.50185
                    },
                    {
                      "Element": "K",
                      "ValueUnit": "Mehlich 1   mg/kg (ppm)",
                      "Value": 85.32945
                    },
                    {
                      "Element": "Mg",
                      "ValueUnit": "Mehlich 1   mg/kg (ppm)",
                      "Value": 70.24305
                    },
                    {
                      "Element": "Mn",
                      "ValueUnit": "Mehlich 1   mg/kg (ppm)",
                      "Value": 10.8397
                    },
                    {
                      "Element": "P",
                      "ValueUnit": "Mehlich 1   mg/kg (ppm)",
                      "Value": 48.98095
                    },
                    {
                      "Element": "Zn",
                      "ValueUnit": "Mehlich 1   mg/kg (ppm)",
                      "Value": 1.77465
                    }
                  ]
                }
              ]
            },
            {
              "SampleMetaData": {
                "SampleNumber": "10",
                "ReportID": "Old Berlin 11"
              },
              "Depths": [
                {
                  "DepthID": "1",
                  "NutrientResults": [
                    {
                      "Element": "pH",
                      "ValueUnit": "none",
                      "Value": 6.49
                    },
                    {
                      "Element": "Ca",
                      "ValueUnit": "Mehlich 1   mg/kg (ppm)",
                      "Value": 621.84035
                    },
                    {
                      "Element": "K",
                      "ValueUnit": "Mehlich 1   mg/kg (ppm)",
                      "Value": 60.2887
                    },
                    {
                      "Element": "Mg",
                      "ValueUnit": "Mehlich 1   mg/kg (ppm)",
                      "Value": 53.83365
                    },
                    {
                      "Element": "Mn",
                      "ValueUnit": "Mehlich 1   mg/kg (ppm)",
                      "Value": 10.43405
                    },
                    {
                      "Element": "P",
                      "ValueUnit": "Mehlich 1   mg/kg (ppm)",
                      "Value": 83.8518
                    },
                    {
                      "Element": "Zn",
                      "ValueUnit": "Mehlich 1   mg/kg (ppm)",
                      "Value": 2.1157
                    }
                  ]
                }
              ]
            },
            {
              "SampleMetaData": {
                "SampleNumber": "11",
                "ReportID": "Old Berlin 12"
              },
              "Depths": [
                {
                  "DepthID": "1",
                  "NutrientResults": [
                    {
                      "Element": "pH",
                      "ValueUnit": "none",
                      "Value": 6.4
                    },
                    {
                      "Element": "Ca",
                      "ValueUnit": "Mehlich 1   mg/kg (ppm)",
                      "Value": 719.11245
                    },
                    {
                      "Element": "K",
                      "ValueUnit": "Mehlich 1   mg/kg (ppm)",
                      "Value": 75.1149
                    },
                    {
                      "Element": "Mg",
                      "ValueUnit": "Mehlich 1   mg/kg (ppm)",
                      "Value": 65.33975
                    },
                    {
                      "Element": "Mn",
                      "ValueUnit": "Mehlich 1   mg/kg (ppm)",
                      "Value": 10.1085
                    },
                    {
                      "Element": "P",
                      "ValueUnit": "Mehlich 1   mg/kg (ppm)",
                      "Value": 79.7436
                    },
                    {
                      "Element": "Zn",
                      "ValueUnit": "Mehlich 1   mg/kg (ppm)",
                      "Value": 1.9507
                    }
                  ]
                }
              ]
            },
            {
              "SampleMetaData": {
                "SampleNumber": "12",
                "ReportID": "Old Berlin 13"
              },
              "Depths": [
                {
                  "DepthID": "1",
                  "NutrientResults": [
                    {
                      "Element": "pH",
                      "ValueUnit": "none",
                      "Value": 6.39
                    },
                    {
                      "Element": "Ca",
                      "ValueUnit": "Mehlich 1   mg/kg (ppm)",
                      "Value": 677.6756
                    },
                    {
                      "Element": "K",
                      "ValueUnit": "Mehlich 1   mg/kg (ppm)",
                      "Value": 76.4538
                    },
                    {
                      "Element": "Mg",
                      "ValueUnit": "Mehlich 1   mg/kg (ppm)",
                      "Value": 73.201
                    },
                    {
                      "Element": "Mn",
                      "ValueUnit": "Mehlich 1   mg/kg (ppm)",
                      "Value": 8.427
                    },
                    {
                      "Element": "P",
                      "ValueUnit": "Mehlich 1   mg/kg (ppm)",
                      "Value": 90.921
                    },
                    {
                      "Element": "Zn",
                      "ValueUnit": "Mehlich 1   mg/kg (ppm)",
                      "Value": 1.6585
                    }
                  ]
                }
              ]
            },
            {
              "SampleMetaData": {
                "SampleNumber": "13",
                "ReportID": "Old Berlin 14"
              },
              "Depths": [
                {
                  "DepthID": "1",
                  "NutrientResults": [
                    {
                      "Element": "pH",
                      "ValueUnit": "none",
                      "Value": 6.52
                    },
                    {
                      "Element": "Ca",
                      "ValueUnit": "Mehlich 1   mg/kg (ppm)",
                      "Value": 607.23895
                    },
                    {
                      "Element": "K",
                      "ValueUnit": "Mehlich 1   mg/kg (ppm)",
                      "Value": 52.3456
                    },
                    {
                      "Element": "Mg",
                      "ValueUnit": "Mehlich 1   mg/kg (ppm)",
                      "Value": 53.13185
                    },
                    {
                      "Element": "Mn",
                      "ValueUnit": "Mehlich 1   mg/kg (ppm)",
                      "Value": 9.25355
                    },
                    {
                      "Element": "P",
                      "ValueUnit": "Mehlich 1   mg/kg (ppm)",
                      "Value": 84.96105
                    },
                    {
                      "Element": "Zn",
                      "ValueUnit": "Mehlich 1   mg/kg (ppm)",
                      "Value": 1.6044
                    }
                  ]
                }
              ]
            },
            {
              "SampleMetaData": {
                "SampleNumber": "14",
                "ReportID": "Old Berlin 15"
              },
              "Depths": [
                {
                  "DepthID": "1",
                  "NutrientResults": [
                    {
                      "Element": "pH",
                      "ValueUnit": "none",
                      "Value": 6.25
                    },
                    {
                      "Element": "Ca",
                      "ValueUnit": "Mehlich 1   mg/kg (ppm)",
                      "Value": 744.4234
                    },
                    {
                      "Element": "K",
                      "ValueUnit": "Mehlich 1   mg/kg (ppm)",
                      "Value": 60.10045
                    },
                    {
                      "Element": "Mg",
                      "ValueUnit": "Mehlich 1   mg/kg (ppm)",
                      "Value": 72.62475
                    },
                    {
                      "Element": "Mn",
                      "ValueUnit": "Mehlich 1   mg/kg (ppm)",
                      "Value": 6.6455
                    },
                    {
                      "Element": "P",
                      "ValueUnit": "Mehlich 1   mg/kg (ppm)",
                      "Value": 124.25045
                    },
                    {
                      "Element": "Zn",
                      "ValueUnit": "Mehlich 1   mg/kg (ppm)",
                      "Value": 1.20405
                    }
                  ]
                }
              ]
            },
            {
              "SampleMetaData": {
                "SampleNumber": "15",
                "ReportID": "Old Berlin 16"
              },
              "Depths": [
                {
                  "DepthID": "1",
                  "NutrientResults": [
                    {
                      "Element": "pH",
                      "ValueUnit": "none",
                      "Value": 6.34
                    },
                    {
                      "Element": "Ca",
                      "ValueUnit": "Mehlich 1   mg/kg (ppm)",
                      "Value": 770.1399
                    },
                    {
                      "Element": "K",
                      "ValueUnit": "Mehlich 1   mg/kg (ppm)",
                      "Value": 64.1345
                    },
                    {
                      "Element": "Mg",
                      "ValueUnit": "Mehlich 1   mg/kg (ppm)",
                      "Value": 76.55865
                    },
                    {
                      "Element": "Mn",
                      "ValueUnit": "Mehlich 1   mg/kg (ppm)",
                      "Value": 8.0203
                    },
                    {
                      "Element": "P",
                      "ValueUnit": "Mehlich 1   mg/kg (ppm)",
                      "Value": 75.37905
                    },
                    {
                      "Element": "Zn",
                      "ValueUnit": "Mehlich 1   mg/kg (ppm)",
                      "Value": 1.83935
                    }
                  ]
                }
              ]
            },
            {
              "SampleMetaData": {
                "SampleNumber": "16",
                "ReportID": "Old Berlin 17"
              },
              "Depths": [
                {
                  "DepthID": "1",
                  "NutrientResults": [
                    {
                      "Element": "pH",
                      "ValueUnit": "none",
                      "Value": 6.41
                    },
                    {
                      "Element": "Ca",
                      "ValueUnit": "Mehlich 1   mg/kg (ppm)",
                      "Value": 607.32985
                    },
                    {
                      "Element": "K",
                      "ValueUnit": "Mehlich 1   mg/kg (ppm)",
                      "Value": 72.2401
                    },
                    {
                      "Element": "Mg",
                      "ValueUnit": "Mehlich 1   mg/kg (ppm)",
                      "Value": 55.00945
                    },
                    {
                      "Element": "Mn",
                      "ValueUnit": "Mehlich 1   mg/kg (ppm)",
                      "Value": 7.3762
                    },
                    {
                      "Element": "P",
                      "ValueUnit": "Mehlich 1   mg/kg (ppm)",
                      "Value": 69.36105
                    },
                    {
                      "Element": "Zn",
                      "ValueUnit": "Mehlich 1   mg/kg (ppm)",
                      "Value": 1.61295
                    }
                  ]
                }
              ]
            },
            {
              "SampleMetaData": {
                "SampleNumber": "17",
                "ReportID": "Old Berlin 18"
              },
              "Depths": [
                {
                  "DepthID": "1",
                  "NutrientResults": [
                    {
                      "Element": "pH",
                      "ValueUnit": "none",
                      "Value": 6.48
                    },
                    {
                      "Element": "Ca",
                      "ValueUnit": "Mehlich 1   mg/kg (ppm)",
                      "Value": 553.602
                    },
                    {
                      "Element": "K",
                      "ValueUnit": "Mehlich 1   mg/kg (ppm)",
                      "Value": 58.84015
                    },
                    {
                      "Element": "Mg",
                      "ValueUnit": "Mehlich 1   mg/kg (ppm)",
                      "Value": 52.71085
                    },
                    {
                      "Element": "Mn",
                      "ValueUnit": "Mehlich 1   mg/kg (ppm)",
                      "Value": 8.22995
                    },
                    {
                      "Element": "P",
                      "ValueUnit": "Mehlich 1   mg/kg (ppm)",
                      "Value": 68.2878
                    },
                    {
                      "Element": "Zn",
                      "ValueUnit": "Mehlich 1   mg/kg (ppm)",
                      "Value": 1.69535
                    }
                  ]
                }
              ]
            },
            {
              "SampleMetaData": {
                "SampleNumber": "18",
                "ReportID": "Old Berlin 19"
              },
              "Depths": [
                {
                  "DepthID": "1",
                  "NutrientResults": [
                    {
                      "Element": "pH",
                      "ValueUnit": "none",
                      "Value": 6.41
                    },
                    {
                      "Element": "Ca",
                      "ValueUnit": "Mehlich 1   mg/kg (ppm)",
                      "Value": 525.00465
                    },
                    {
                      "Element": "K",
                      "ValueUnit": "Mehlich 1   mg/kg (ppm)",
                      "Value": 80.423
                    },
                    {
                      "Element": "Mg",
                      "ValueUnit": "Mehlich 1   mg/kg (ppm)",
                      "Value": 54.1452
                    },
                    {
                      "Element": "Mn",
                      "ValueUnit": "Mehlich 1   mg/kg (ppm)",
                      "Value": 9.11595
                    },
                    {
                      "Element": "P",
                      "ValueUnit": "Mehlich 1   mg/kg (ppm)",
                      "Value": 53.33115
                    },
                    {
                      "Element": "Zn",
                      "ValueUnit": "Mehlich 1   mg/kg (ppm)",
                      "Value": 1.58625
                    }
                  ]
                }
              ]
            },
            {
              "SampleMetaData": {
                "SampleNumber": "19",
                "ReportID": "Old Berlin 20"
              },
              "Depths": [
                {
                  "DepthID": "1",
                  "NutrientResults": [
                    {
                      "Element": "pH",
                      "ValueUnit": "none",
                      "Value": 6.72
                    },
                    {
                      "Element": "Ca",
                      "ValueUnit": "Mehlich 1   mg/kg (ppm)",
                      "Value": 734.1222
                    },
                    {
                      "Element": "K",
                      "ValueUnit": "Mehlich 1   mg/kg (ppm)",
                      "Value": 87.5611
                    },
                    {
                      "Element": "Mg",
                      "ValueUnit": "Mehlich 1   mg/kg (ppm)",
                      "Value": 78.4533
                    },
                    {
                      "Element": "Mn",
                      "ValueUnit": "Mehlich 1   mg/kg (ppm)",
                      "Value": 7.7993
                    },
                    {
                      "Element": "P",
                      "ValueUnit": "Mehlich 1   mg/kg (ppm)",
                      "Value": 34.2423
                    },
                    {
                      "Element": "Zn",
                      "ValueUnit": "Mehlich 1   mg/kg (ppm)",
                      "Value": 1.5339
                    }
                  ]
                }
              ]
            },
            {
              "SampleMetaData": {
                "SampleNumber": "20",
                "ReportID": "Old Berlin 21"
              },
              "Depths": [
                {
                  "DepthID": "1",
                  "NutrientResults": [
                    {
                      "Element": "pH",
                      "ValueUnit": "none",
                      "Value": 6.53
                    },
                    {
                      "Element": "Ca",
                      "ValueUnit": "Mehlich 1   mg/kg (ppm)",
                      "Value": 734.01575
                    },
                    {
                      "Element": "K",
                      "ValueUnit": "Mehlich 1   mg/kg (ppm)",
                      "Value": 79.01035
                    },
                    {
                      "Element": "Mg",
                      "ValueUnit": "Mehlich 1   mg/kg (ppm)",
                      "Value": 65.91685
                    },
                    {
                      "Element": "Mn",
                      "ValueUnit": "Mehlich 1   mg/kg (ppm)",
                      "Value": 7.74705
                    },
                    {
                      "Element": "P",
                      "ValueUnit": "Mehlich 1   mg/kg (ppm)",
                      "Value": 53.02315
                    },
                    {
                      "Element": "Zn",
                      "ValueUnit": "Mehlich 1   mg/kg (ppm)",
                      "Value": 1.66635
                    }
                  ]
                }
              ]
            }
          ]
        }
      }
    }
  ]
}