{
  "Events": [
    {
      "EventMetaData": {
        "EventDate": "2018-01-16",
        "EventType": {
          "Soil": true
        }
      },
      "EventSamples": {
        "Soil": {
          "SoilSample": [
            {
              "SampleMetaData": {
                "ReportID": 1,
                "SampleNumber": "TOKA-071",
                "Geometry": {
                  "wkt": "POINT(-122.3508225 37.2650866)"
                }
              },
              "Depths": [
                {
                  "DepthID": "1",
                  "NutrientResults": [
                    {
                      "ValueUnit": "%",
                      "Element": "Sand",
                      "Value": 25
                    },
                    {
                      "ValueUnit": "%",
                      "Element": "Silt",
                      "Value": 38.8
                    },
                    {
                      "ValueUnit": "%",
                      "Element": "Clay",
                      "Value": 36.2
                    },
                    {
                      "ValueUnit": "%",
                      "Element": "TOC",
                      "Value": 3.4000000000000004
                    },
                    {
                      "ValueUnit": "%",
                      "Element": "TN",
                      "Value": 0.36395
                    }
                  ]
                }
              ]
            },
            {
              "SampleMetaData": {
                "ReportID": 1,
                "SampleNumber": "TOKA-072",
                "Geometry": {
                  "wkt": "POINT(-122.3508070 37.2668893)"
                }
              },
              "Depths": [
                {
                  "DepthID": "1",
                  "NutrientResults": [
                    {
                      "ValueUnit": "%",
                      "Element": "Sand",
                      "Value": 28.800000000000004
                    },
                    {
                      "ValueUnit": "%",
                      "Element": "Silt",
                      "Value": 37.5
                    },
                    {
                      "ValueUnit": "%",
                      "Element": "Clay",
                      "Value": 33.8
                    },
                    {
                      "ValueUnit": "%",
                      "Element": "TOC",
                      "Value": 2.8
                    },
                    {
                      "ValueUnit": "%",
                      "Element": "TN",
                      "Value": 0.29683
                    }
                  ]
                }
              ]
            },
            {
              "SampleMetaData": {
                "ReportID": 1,
                "SampleNumber": "TOKA-091",
                "Geometry": {
                  "wkt": "POINT(-122.3439934 37.2722600)"
                }
              },
              "Depths": [
                {
                  "DepthID": "1",
                  "NutrientResults": [
                    {
                      "ValueUnit": "%",
                      "Element": "Sand",
                      "Value": 28.800000000000004
                    },
                    {
                      "ValueUnit": "%",
                      "Element": "Silt",
                      "Value": 37.5
                    },
                    {
                      "ValueUnit": "%",
                      "Element": "Clay",
                      "Value": 33.8
                    },
                    {
                      "ValueUnit": "%",
                      "Element": "TOC",
                      "Value": 2
                    },
                    {
                      "ValueUnit": "%",
                      "Element": "TN",
                      "Value": 0.26606
                    }
                  ]
                }
              ]
            }
          ],
          "DepthRefs": [
            {
              "StartingDepth": 10,
              "EndingDepth": 40,
              "ColumnDepth": 30,
              "DepthUnit": "cm",
              "Name": "10 to 40 cm",
              "DepthID": 1
            }
          ]
        }
      },
      "LabMetaData": {
        "LabName": "TomKat Ranch",
        "LabEventID": "Unknown Lab Event ID",
        "ProcessedDate": "2018-01-16",
        "ReceivedDate": "2018-01-16",
        "Reports": [
          {
            "LabReportID": "Report 1",
            "ReportID": 1,
            "FileDescription": "2018_RMN 10-40cm_12"
          }
        ],
        "ClientAccount": {
          "AccountNumber": "Unknown Client Account",
          "Company": "Unknown Client Company",
          "Name": "Unknown Client Name",
          "City": "Unknown Client City",
          "State": "Unknown Client State",
          "Zip": "Unknown Client Zip"
        }
      },
      "FMISMetaData": {
        "FMISProfile": {
          "Grower": "Unknown Grower",
          "Farm": "Unknown Farm",
          "Field": "Unknown Field",
          "Sub-Field": "Unknown Sub-Field"
        }
      }
    }
  ]
}