{
  "Events": [
    {
      "EventMetaData": {
        "EventDate": "2018-02-09",
        "EventType": {
          "Soil": true
        }
      },
      "EventSamples": {
        "Soil": {
          "SoilSample": [
            {
              "SampleMetaData": {
                "ReportID": 1,
                "SampleNumber": "TOKA-034",
                "Geometry": {
                  "wkt": "POINT(-122.3644313 37.2561465)"
                }
              },
              "Depths": [
                {
                  "DepthID": "1",
                  "NutrientResults": [
                    {
                      "ValueUnit": "g/cm3",
                      "Element": "Bulk-Density",
                      "Value": 1.0299779048048
                    },
                    {
                      "ValueUnit": "min",
                      "Element": "Permeability",
                      "Value": 48.86
                    },
                    {
                      "ValueUnit": "ug/g",
                      "Element": "P (Olsen)",
                      "ModusTestID": "S-P-BIC.04",
                      "Value": 42.4
                    },
                    {
                      "Element": "pH",
                      "ValueUnit": "none",
                      "Value": 6.2
                    },
                    {
                      "ValueUnit": "cmol(+)/kg",
                      "Element": "CEC",
                      "Value": 34.9
                    },
                    {
                      "ValueUnit": "cmol(+)/kg",
                      "Element": "Ca",
                      "Value": 15.105000000000002
                    },
                    {
                      "ValueUnit": "cmol(+)/kg",
                      "Element": "Mg",
                      "Value": 10.425
                    },
                    {
                      "ValueUnit": "cmol(+)/kg",
                      "Element": "K",
                      "Value": 0.9948717948717948
                    },
                    {
                      "ValueUnit": "cmol(+)/kg",
                      "Element": "Na",
                      "Value": 0.42173913043478256
                    },
                    {
                      "ValueUnit": "%",
                      "Element": "TOC",
                      "Value": 4.9
                    }
                  ]
                }
              ]
            },
            {
              "SampleMetaData": {
                "ReportID": 1,
                "SampleNumber": "TOKA-126",
                "Geometry": {
                  "wkt": "POINT(-122.3621152 37.2633452)"
                }
              },
              "Depths": [
                {
                  "DepthID": "1",
                  "NutrientResults": [
                    {
                      "ValueUnit": "g/cm3",
                      "Element": "Bulk-Density",
                      "Value": 1.20500056259903
                    },
                    {
                      "ValueUnit": "min",
                      "Element": "Permeability",
                      "Value": 0.686666666666667
                    },
                    {
                      "ValueUnit": "ug/g",
                      "Element": "P (Olsen)",
                      "ModusTestID": "S-P-BIC.04",
                      "Value": 7.8
                    },
                    {
                      "Element": "pH",
                      "ValueUnit": "none",
                      "Value": 6.1
                    },
                    {
                      "ValueUnit": "cmol(+)/kg",
                      "Element": "CEC",
                      "Value": 31.100000000000005
                    },
                    {
                      "ValueUnit": "cmol(+)/kg",
                      "Element": "Ca",
                      "Value": 12.79
                    },
                    {
                      "ValueUnit": "cmol(+)/kg",
                      "Element": "Mg",
                      "Value": 8.9
                    },
                    {
                      "ValueUnit": "cmol(+)/kg",
                      "Element": "K",
                      "Value": 0.7538461538461538
                    },
                    {
                      "ValueUnit": "cmol(+)/kg",
                      "Element": "Na",
                      "Value": 0.2782608695652174
                    },
                    {
                      "ValueUnit": "%",
                      "Element": "TOC",
                      "Value": 4
                    }
                  ]
                }
              ]
            },
            {
              "SampleMetaData": {
                "ReportID": 1,
                "SampleNumber": "TOKA-129",
                "Geometry": {
                  "wkt": "POINT(-122.3621760 37.2561344)"
                }
              },
              "Depths": [
                {
                  "DepthID": "1",
                  "NutrientResults": [
                    {
                      "ValueUnit": "g/cm3",
                      "Element": "Bulk-Density",
                      "Value": 1.09534825271027
                    },
                    {
                      "ValueUnit": "min",
                      "Element": "Permeability",
                      "Value": 0.423333333333333
                    },
                    {
                      "ValueUnit": "ug/g",
                      "Element": "P (Olsen)",
                      "ModusTestID": "S-P-BIC.04",
                      "Value": 7.2
                    },
                    {
                      "Element": "pH",
                      "ValueUnit": "none",
                      "Value": 6
                    },
                    {
                      "ValueUnit": "cmol(+)/kg",
                      "Element": "CEC",
                      "Value": 22.2
                    },
                    {
                      "ValueUnit": "cmol(+)/kg",
                      "Element": "Ca",
                      "Value": 8.1
                    },
                    {
                      "ValueUnit": "cmol(+)/kg",
                      "Element": "Mg",
                      "Value": 4.666666666666667
                    },
                    {
                      "ValueUnit": "cmol(+)/kg",
                      "Element": "K",
                      "Value": 0.5666666666666667
                    },
                    {
                      "ValueUnit": "cmol(+)/kg",
                      "Element": "Na",
                      "Value": 0.2217391304347826
                    },
                    {
                      "ValueUnit": "%",
                      "Element": "TOC",
                      "Value": 3.5000000000000004
                    }
                  ]
                }
              ]
            }
          ],
          "DepthRefs": [
            {
              "StartingDepth": 0,
              "EndingDepth": 10,
              "ColumnDepth": 10,
              "DepthUnit": "cm",
              "Name": "0 to 10 cm",
              "DepthID": 1
            }
          ]
        }
      },
      "LabMetaData": {
        "LabName": "TomKat Ranch",
        "LabEventID": "Unknown Lab Event ID",
        "ProcessedDate": "2018-02-09",
        "ReceivedDate": "2018-02-09",
        "Reports": [
          {
            "LabReportID": "Report 1",
            "ReportID": 1,
            "FileDescription": "2018_RMN 0-10cm_6"
          }
        ],
        "ClientAccount": {
          "AccountNumber": "Unknown Client Account",
          "Company": "Unknown Client Company",
          "Name": "Unknown Client Name",
          "City": "Unknown Client City",
          "State": "Unknown Client State",
          "Zip": "Unknown Client Zip"
        }
      },
      "FMISMetaData": {
        "FMISProfile": {
          "Grower": "Unknown Grower",
          "Farm": "Unknown Farm",
          "Field": "Unknown Field",
          "Sub-Field": "Unknown Sub-Field"
        }
      }
    }
  ]
}