{
  "Events": [
    {
      "EventMetaData": {
        "EventDate": "2015-02-17",
        "EventType": {
          "Soil": true
        }
      },
      "EventSamples": {
        "Soil": {
          "SoilSample": [
            {
              "SampleMetaData": {
                "ReportID": 1,
                "SampleNumber": "TOKA-001",
                "Geometry": {
                  "wkt": "POINT(-122.3846552 37.2652672)"
                }
              },
              "Depths": [
                {
                  "DepthID": "1",
                  "NutrientResults": [
                    {
                      "ValueUnit": "%",
                      "Element": "Sand",
                      "Value": 55
                    },
                    {
                      "ValueUnit": "%",
                      "Element": "Silt",
                      "Value": 23.8
                    },
                    {
                      "ValueUnit": "%",
                      "Element": "Clay",
                      "Value": 21.5
                    },
                    {
                      "Element": "pH",
                      "ValueUnit": "none",
                      "Value": 5.8
                    },
                    {
                      "ValueUnit": "cmol(+)/kg",
                      "Element": "CEC",
                      "Value": 23
                    },
                    {
                      "ValueUnit": "cmol(+)/kg",
                      "Element": "Ca",
                      "Value": 9
                    },
                    {
                      "ValueUnit": "cmol(+)/kg",
                      "Element": "Mg",
                      "Value": 8.2
                    },
                    {
                      "ValueUnit": "cmol(+)/kg",
                      "Element": "K",
                      "Value": 0.39
                    },
                    {
                      "ValueUnit": "cmol(+)/kg",
                      "Element": "Na",
                      "Value": 0.25
                    },
                    {
                      "ValueUnit": "%",
                      "Element": "TOC",
                      "Value": 1.6
                    },
                    {
                      "ValueUnit": "%",
                      "Element": "TN",
                      "Value": 0.11999999999999998
                    }
                  ]
                }
              ]
            },
            {
              "SampleMetaData": {
                "ReportID": 1,
                "SampleNumber": "TOKA-020",
                "Geometry": {
                  "wkt": "POINT(-122.3687763 37.2760003)"
                }
              },
              "Depths": [
                {
                  "DepthID": "1",
                  "NutrientResults": [
                    {
                      "ValueUnit": "ug/g",
                      "Element": "P (Olsen)",
                      "ModusTestID": "S-P-BIC.04",
                      "Value": 4
                    },
                    {
                      "ValueUnit": "%",
                      "Element": "Sand",
                      "Value": 33.8
                    },
                    {
                      "ValueUnit": "%",
                      "Element": "Silt",
                      "Value": 35
                    },
                    {
                      "ValueUnit": "%",
                      "Element": "Clay",
                      "Value": 31.2
                    },
                    {
                      "Element": "pH",
                      "ValueUnit": "none",
                      "Value": 5.7
                    },
                    {
                      "ValueUnit": "cmol(+)/kg",
                      "Element": "CEC",
                      "Value": 40
                    },
                    {
                      "ValueUnit": "cmol(+)/kg",
                      "Element": "Ca",
                      "Value": 18
                    },
                    {
                      "ValueUnit": "cmol(+)/kg",
                      "Element": "Mg",
                      "Value": 11
                    },
                    {
                      "ValueUnit": "cmol(+)/kg",
                      "Element": "K",
                      "Value": 0.6
                    },
                    {
                      "ValueUnit": "cmol(+)/kg",
                      "Element": "Na",
                      "Value": 0.21
                    },
                    {
                      "ValueUnit": "%",
                      "Element": "TOC",
                      "Value": 2
                    },
                    {
                      "ValueUnit": "%",
                      "Element": "TN",
                      "Value": 0.18
                    }
                  ]
                }
              ]
            },
            {
              "SampleMetaData": {
                "ReportID": 1,
                "SampleNumber": "TOKA-035",
                "Geometry": {
                  "wkt": "POINT(-122.3619935 37.2777667)"
                }
              },
              "Depths": [
                {
                  "DepthID": "1",
                  "NutrientResults": [
                    {
                      "ValueUnit": "ug/g",
                      "Element": "P (Olsen)",
                      "ModusTestID": "S-P-BIC.04",
                      "Value": 4.4
                    },
                    {
                      "ValueUnit": "%",
                      "Element": "Sand",
                      "Value": 48.8
                    },
                    {
                      "ValueUnit": "%",
                      "Element": "Silt",
                      "Value": 25
                    },
                    {
                      "ValueUnit": "%",
                      "Element": "Clay",
                      "Value": 26.2
                    },
                    {
                      "Element": "pH",
                      "ValueUnit": "none",
                      "Value": 5.9
                    },
                    {
                      "ValueUnit": "cmol(+)/kg",
                      "Element": "CEC",
                      "Value": 38
                    },
                    {
                      "ValueUnit": "cmol(+)/kg",
                      "Element": "Ca",
                      "Value": 22
                    },
                    {
                      "ValueUnit": "cmol(+)/kg",
                      "Element": "Mg",
                      "Value": 10
                    },
                    {
                      "ValueUnit": "cmol(+)/kg",
                      "Element": "K",
                      "Value": 0.49
                    },
                    {
                      "ValueUnit": "cmol(+)/kg",
                      "Element": "Na",
                      "Value": 0.31
                    },
                    {
                      "ValueUnit": "%",
                      "Element": "TOC",
                      "Value": 1.8000000000000003
                    },
                    {
                      "ValueUnit": "%",
                      "Element": "TN",
                      "Value": 0.16
                    }
                  ]
                }
              ]
            },
            {
              "SampleMetaData": {
                "ReportID": 1,
                "SampleNumber": "TOKA-045",
                "Geometry": {
                  "wkt": "POINT(-122.3597987 37.2705438)"
                }
              },
              "Depths": [
                {
                  "DepthID": "1",
                  "NutrientResults": [
                    {
                      "ValueUnit": "ug/g",
                      "Element": "P (Olsen)",
                      "ModusTestID": "S-P-BIC.04",
                      "Value": 2.9
                    },
                    {
                      "ValueUnit": "%",
                      "Element": "Sand",
                      "Value": 32.5
                    },
                    {
                      "ValueUnit": "%",
                      "Element": "Silt",
                      "Value": 31.2
                    },
                    {
                      "ValueUnit": "%",
                      "Element": "Clay",
                      "Value": 36.2
                    },
                    {
                      "Element": "pH",
                      "ValueUnit": "none",
                      "Value": 5.7
                    },
                    {
                      "ValueUnit": "cmol(+)/kg",
                      "Element": "CEC",
                      "Value": 44
                    },
                    {
                      "ValueUnit": "cmol(+)/kg",
                      "Element": "Ca",
                      "Value": 18
                    },
                    {
                      "ValueUnit": "cmol(+)/kg",
                      "Element": "Mg",
                      "Value": 12
                    },
                    {
                      "ValueUnit": "cmol(+)/kg",
                      "Element": "K",
                      "Value": 0.69
                    },
                    {
                      "ValueUnit": "cmol(+)/kg",
                      "Element": "Na",
                      "Value": 0.14
                    },
                    {
                      "ValueUnit": "%",
                      "Element": "TOC",
                      "Value": 2.1
                    },
                    {
                      "ValueUnit": "%",
                      "Element": "TN",
                      "Value": 0.22
                    }
                  ]
                }
              ]
            },
            {
              "SampleMetaData": {
                "ReportID": 1,
                "SampleNumber": "TOKA-055",
                "Geometry": {
                  "wkt": "POINT(-122.3554103 37.2560978)"
                }
              },
              "Depths": [
                {
                  "DepthID": "1",
                  "NutrientResults": [
                    {
                      "ValueUnit": "ug/g",
                      "Element": "P (Olsen)",
                      "ModusTestID": "S-P-BIC.04",
                      "Value": 3.9
                    },
                    {
                      "ValueUnit": "%",
                      "Element": "Sand",
                      "Value": 25
                    },
                    {
                      "ValueUnit": "%",
                      "Element": "Silt",
                      "Value": 36.2
                    },
                    {
                      "ValueUnit": "%",
                      "Element": "Clay",
                      "Value": 38.8
                    },
                    {
                      "Element": "pH",
                      "ValueUnit": "none",
                      "Value": 5
                    },
                    {
                      "ValueUnit": "cmol(+)/kg",
                      "Element": "CEC",
                      "Value": 26
                    },
                    {
                      "ValueUnit": "cmol(+)/kg",
                      "Element": "Ca",
                      "Value": 8.1
                    },
                    {
                      "ValueUnit": "cmol(+)/kg",
                      "Element": "Mg",
                      "Value": 5.1
                    },
                    {
                      "ValueUnit": "cmol(+)/kg",
                      "Element": "K",
                      "Value": 0.75
                    },
                    {
                      "ValueUnit": "cmol(+)/kg",
                      "Element": "Na",
                      "Value": 0.15
                    },
                    {
                      "ValueUnit": "%",
                      "Element": "TOC",
                      "Value": 2.5
                    },
                    {
                      "ValueUnit": "%",
                      "Element": "TN",
                      "Value": 0.26
                    }
                  ]
                }
              ]
            },
            {
              "SampleMetaData": {
                "ReportID": 1,
                "SampleNumber": "TOKA-067",
                "Geometry": {
                  "wkt": "POINT(-122.3531088 37.2614935)"
                }
              },
              "Depths": [
                {
                  "DepthID": "1",
                  "NutrientResults": [
                    {
                      "ValueUnit": "ug/g",
                      "Element": "P (Olsen)",
                      "ModusTestID": "S-P-BIC.04",
                      "Value": 3.6
                    },
                    {
                      "ValueUnit": "%",
                      "Element": "Sand",
                      "Value": 17.5
                    },
                    {
                      "ValueUnit": "%",
                      "Element": "Silt",
                      "Value": 31.2
                    },
                    {
                      "ValueUnit": "%",
                      "Element": "Clay",
                      "Value": 51.2
                    },
                    {
                      "Element": "pH",
                      "ValueUnit": "none",
                      "Value": 5.7
                    },
                    {
                      "ValueUnit": "cmol(+)/kg",
                      "Element": "CEC",
                      "Value": 58
                    },
                    {
                      "ValueUnit": "cmol(+)/kg",
                      "Element": "Ca",
                      "Value": 24
                    },
                    {
                      "ValueUnit": "cmol(+)/kg",
                      "Element": "Mg",
                      "Value": 15.000000000000002
                    },
                    {
                      "ValueUnit": "cmol(+)/kg",
                      "Element": "K",
                      "Value": 0.64
                    },
                    {
                      "ValueUnit": "cmol(+)/kg",
                      "Element": "Na",
                      "Value": 0.6
                    },
                    {
                      "ValueUnit": "%",
                      "Element": "TOC",
                      "Value": 2.3
                    },
                    {
                      "ValueUnit": "%",
                      "Element": "TN",
                      "Value": 0.23999999999999996
                    }
                  ]
                }
              ]
            },
            {
              "SampleMetaData": {
                "ReportID": 1,
                "SampleNumber": "TOKA-071",
                "Geometry": {
                  "wkt": "POINT(-122.3508225 37.2650866)"
                }
              },
              "Depths": [
                {
                  "DepthID": "1",
                  "NutrientResults": [
                    {
                      "ValueUnit": "ug/g",
                      "Element": "P (Olsen)",
                      "ModusTestID": "S-P-BIC.04",
                      "Value": 11
                    },
                    {
                      "ValueUnit": "%",
                      "Element": "Sand",
                      "Value": 22.5
                    },
                    {
                      "ValueUnit": "%",
                      "Element": "Silt",
                      "Value": 37.5
                    },
                    {
                      "ValueUnit": "%",
                      "Element": "Clay",
                      "Value": 40
                    },
                    {
                      "Element": "pH",
                      "ValueUnit": "none",
                      "Value": 5.6
                    },
                    {
                      "ValueUnit": "cmol(+)/kg",
                      "Element": "CEC",
                      "Value": 60.00000000000001
                    },
                    {
                      "ValueUnit": "cmol(+)/kg",
                      "Element": "Ca",
                      "Value": 17
                    },
                    {
                      "ValueUnit": "cmol(+)/kg",
                      "Element": "Mg",
                      "Value": 12
                    },
                    {
                      "ValueUnit": "cmol(+)/kg",
                      "Element": "K",
                      "Value": 1.2
                    },
                    {
                      "ValueUnit": "cmol(+)/kg",
                      "Element": "Na",
                      "Value": 0.28
                    },
                    {
                      "ValueUnit": "%",
                      "Element": "TOC",
                      "Value": 3.8
                    },
                    {
                      "ValueUnit": "%",
                      "Element": "TN",
                      "Value": 0.3
                    }
                  ]
                }
              ]
            },
            {
              "SampleMetaData": {
                "ReportID": 1,
                "SampleNumber": "TOKA-072",
                "Geometry": {
                  "wkt": "POINT(-122.3508070 37.2668893)"
                }
              },
              "Depths": [
                {
                  "DepthID": "1",
                  "NutrientResults": [
                    {
                      "ValueUnit": "ug/g",
                      "Element": "P (Olsen)",
                      "ModusTestID": "S-P-BIC.04",
                      "Value": 2.3
                    },
                    {
                      "ValueUnit": "%",
                      "Element": "Sand",
                      "Value": 20
                    },
                    {
                      "ValueUnit": "%",
                      "Element": "Silt",
                      "Value": 40
                    },
                    {
                      "ValueUnit": "%",
                      "Element": "Clay",
                      "Value": 40
                    },
                    {
                      "Element": "pH",
                      "ValueUnit": "none",
                      "Value": 5.4
                    },
                    {
                      "ValueUnit": "cmol(+)/kg",
                      "Element": "CEC",
                      "Value": 24
                    },
                    {
                      "ValueUnit": "cmol(+)/kg",
                      "Element": "Ca",
                      "Value": 5
                    },
                    {
                      "ValueUnit": "cmol(+)/kg",
                      "Element": "Mg",
                      "Value": 5.8
                    },
                    {
                      "ValueUnit": "cmol(+)/kg",
                      "Element": "K",
                      "Value": 1
                    },
                    {
                      "ValueUnit": "cmol(+)/kg",
                      "Element": "Na",
                      "Value": 0.17
                    },
                    {
                      "ValueUnit": "%",
                      "Element": "TOC",
                      "Value": 2.3
                    },
                    {
                      "ValueUnit": "%",
                      "Element": "TN",
                      "Value": 0.23999999999999996
                    }
                  ]
                }
              ]
            },
            {
              "SampleMetaData": {
                "ReportID": 1,
                "SampleNumber": "TOKA-089",
                "Geometry": {
                  "wkt": "POINT(-122.3462180 37.2758779)"
                }
              },
              "Depths": [
                {
                  "DepthID": "1",
                  "NutrientResults": [
                    {
                      "ValueUnit": "ug/g",
                      "Element": "P (Olsen)",
                      "ModusTestID": "S-P-BIC.04",
                      "Value": 21
                    },
                    {
                      "Element": "pH",
                      "ValueUnit": "none",
                      "Value": 6.1
                    },
                    {
                      "ValueUnit": "cmol(+)/kg",
                      "Element": "CEC",
                      "Value": 62
                    },
                    {
                      "ValueUnit": "cmol(+)/kg",
                      "Element": "Ca",
                      "Value": 21
                    },
                    {
                      "ValueUnit": "cmol(+)/kg",
                      "Element": "Mg",
                      "Value": 8.7
                    },
                    {
                      "ValueUnit": "cmol(+)/kg",
                      "Element": "K",
                      "Value": 0.8499999999999999
                    },
                    {
                      "ValueUnit": "cmol(+)/kg",
                      "Element": "Na",
                      "Value": 0.21
                    },
                    {
                      "ValueUnit": "%",
                      "Element": "TOC",
                      "Value": 5.9
                    },
                    {
                      "ValueUnit": "%",
                      "Element": "TN",
                      "Value": 0.4099999999999999
                    }
                  ]
                }
              ]
            },
            {
              "SampleMetaData": {
                "ReportID": 1,
                "SampleNumber": "TOKA-091",
                "Geometry": {
                  "wkt": "POINT(-122.3439934 37.2722600)"
                }
              },
              "Depths": [
                {
                  "DepthID": "1",
                  "NutrientResults": [
                    {
                      "ValueUnit": "ug/g",
                      "Element": "P (Olsen)",
                      "ModusTestID": "S-P-BIC.04",
                      "Value": 4.4
                    },
                    {
                      "ValueUnit": "%",
                      "Element": "Sand",
                      "Value": 26.2
                    },
                    {
                      "ValueUnit": "%",
                      "Element": "Silt",
                      "Value": 40
                    },
                    {
                      "ValueUnit": "%",
                      "Element": "Clay",
                      "Value": 33.8
                    },
                    {
                      "Element": "pH",
                      "ValueUnit": "none",
                      "Value": 5.9
                    },
                    {
                      "ValueUnit": "cmol(+)/kg",
                      "Element": "CEC",
                      "Value": 39
                    },
                    {
                      "ValueUnit": "cmol(+)/kg",
                      "Element": "Ca",
                      "Value": 16
                    },
                    {
                      "ValueUnit": "cmol(+)/kg",
                      "Element": "Mg",
                      "Value": 8.5
                    },
                    {
                      "ValueUnit": "cmol(+)/kg",
                      "Element": "K",
                      "Value": 0.59
                    },
                    {
                      "ValueUnit": "cmol(+)/kg",
                      "Element": "Na",
                      "Value": 0.27
                    },
                    {
                      "ValueUnit": "%",
                      "Element": "TOC",
                      "Value": 2.5
                    },
                    {
                      "ValueUnit": "%",
                      "Element": "TN",
                      "Value": 0.25
                    }
                  ]
                }
              ]
            },
            {
              "SampleMetaData": {
                "ReportID": 1,
                "SampleNumber": "TOKA-122",
                "Geometry": {
                  "wkt": "POINT(-122.3643707 37.2633573)"
                }
              },
              "Depths": [
                {
                  "DepthID": "1",
                  "NutrientResults": [
                    {
                      "ValueUnit": "ug/g",
                      "Element": "P (Olsen)",
                      "ModusTestID": "S-P-BIC.04",
                      "Value": 5.3
                    },
                    {
                      "ValueUnit": "%",
                      "Element": "Sand",
                      "Value": 30
                    },
                    {
                      "ValueUnit": "%",
                      "Element": "Silt",
                      "Value": 35
                    },
                    {
                      "ValueUnit": "%",
                      "Element": "Clay",
                      "Value": 35
                    },
                    {
                      "Element": "pH",
                      "ValueUnit": "none",
                      "Value": 6.1
                    },
                    {
                      "ValueUnit": "cmol(+)/kg",
                      "Element": "CEC",
                      "Value": 39
                    },
                    {
                      "ValueUnit": "cmol(+)/kg",
                      "Element": "Ca",
                      "Value": 16
                    },
                    {
                      "ValueUnit": "cmol(+)/kg",
                      "Element": "Mg",
                      "Value": 13
                    },
                    {
                      "ValueUnit": "cmol(+)/kg",
                      "Element": "K",
                      "Value": 0.75
                    },
                    {
                      "ValueUnit": "cmol(+)/kg",
                      "Element": "Na",
                      "Value": 0.5
                    },
                    {
                      "ValueUnit": "%",
                      "Element": "TOC",
                      "Value": 1.5
                    },
                    {
                      "ValueUnit": "%",
                      "Element": "TN",
                      "Value": 0.16
                    }
                  ]
                }
              ]
            },
            {
              "SampleMetaData": {
                "ReportID": 1,
                "SampleNumber": "TOKA-147",
                "Geometry": {
                  "wkt": "POINT(-122.3552413 37.2759273)"
                }
              },
              "Depths": [
                {
                  "DepthID": "1",
                  "NutrientResults": [
                    {
                      "ValueUnit": "ug/g",
                      "Element": "P (Olsen)",
                      "ModusTestID": "S-P-BIC.04",
                      "Value": 2.8
                    },
                    {
                      "ValueUnit": "%",
                      "Element": "Sand",
                      "Value": 43.8
                    },
                    {
                      "ValueUnit": "%",
                      "Element": "Silt",
                      "Value": 26.2
                    },
                    {
                      "ValueUnit": "%",
                      "Element": "Clay",
                      "Value": 30
                    },
                    {
                      "Element": "pH",
                      "ValueUnit": "none",
                      "Value": 6.3
                    },
                    {
                      "ValueUnit": "cmol(+)/kg",
                      "Element": "CEC",
                      "Value": 40
                    },
                    {
                      "ValueUnit": "cmol(+)/kg",
                      "Element": "Ca",
                      "Value": 17
                    },
                    {
                      "ValueUnit": "cmol(+)/kg",
                      "Element": "Mg",
                      "Value": 13
                    },
                    {
                      "ValueUnit": "cmol(+)/kg",
                      "Element": "K",
                      "Value": 0.41
                    },
                    {
                      "ValueUnit": "cmol(+)/kg",
                      "Element": "Na",
                      "Value": 0.24
                    },
                    {
                      "ValueUnit": "%",
                      "Element": "TOC",
                      "Value": 1.7000000000000002
                    },
                    {
                      "ValueUnit": "%",
                      "Element": "TN",
                      "Value": 0.15
                    }
                  ]
                }
              ]
            },
            {
              "SampleMetaData": {
                "ReportID": 1,
                "SampleNumber": "TOKA-154",
                "Geometry": {
                  "wkt": "POINT(-122.3508689 37.2596785)"
                }
              },
              "Depths": [
                {
                  "DepthID": "1",
                  "NutrientResults": [
                    {
                      "ValueUnit": "ug/g",
                      "Element": "P (Olsen)",
                      "ModusTestID": "S-P-BIC.04",
                      "Value": 3.3
                    },
                    {
                      "ValueUnit": "%",
                      "Element": "Sand",
                      "Value": 17.5
                    },
                    {
                      "ValueUnit": "%",
                      "Element": "Silt",
                      "Value": 40
                    },
                    {
                      "ValueUnit": "%",
                      "Element": "Clay",
                      "Value": 42.5
                    },
                    {
                      "Element": "pH",
                      "ValueUnit": "none",
                      "Value": 5.4
                    },
                    {
                      "ValueUnit": "cmol(+)/kg",
                      "Element": "CEC",
                      "Value": 47
                    },
                    {
                      "ValueUnit": "cmol(+)/kg",
                      "Element": "Ca",
                      "Value": 15.000000000000002
                    },
                    {
                      "ValueUnit": "cmol(+)/kg",
                      "Element": "Mg",
                      "Value": 11
                    },
                    {
                      "ValueUnit": "cmol(+)/kg",
                      "Element": "K",
                      "Value": 0.57
                    },
                    {
                      "ValueUnit": "cmol(+)/kg",
                      "Element": "Na",
                      "Value": 0.33
                    },
                    {
                      "ValueUnit": "%",
                      "Element": "TOC",
                      "Value": 1.9
                    },
                    {
                      "ValueUnit": "%",
                      "Element": "TN",
                      "Value": 0.23999999999999996
                    }
                  ]
                }
              ]
            },
            {
              "SampleMetaData": {
                "ReportID": 1,
                "SampleNumber": "TOKA-161",
                "Geometry": {
                  "wkt": "POINT(-122.3485204 37.2704822)"
                }
              },
              "Depths": [
                {
                  "DepthID": "1",
                  "NutrientResults": [
                    {
                      "ValueUnit": "%",
                      "Element": "Sand",
                      "Value": 17.5
                    },
                    {
                      "ValueUnit": "%",
                      "Element": "Silt",
                      "Value": 40
                    },
                    {
                      "ValueUnit": "%",
                      "Element": "Clay",
                      "Value": 42.5
                    },
                    {
                      "Element": "pH",
                      "ValueUnit": "none",
                      "Value": 5.3
                    },
                    {
                      "ValueUnit": "cmol(+)/kg",
                      "Element": "CEC",
                      "Value": 34
                    },
                    {
                      "ValueUnit": "cmol(+)/kg",
                      "Element": "Ca",
                      "Value": 10
                    },
                    {
                      "ValueUnit": "cmol(+)/kg",
                      "Element": "Mg",
                      "Value": 8.7
                    },
                    {
                      "ValueUnit": "cmol(+)/kg",
                      "Element": "K",
                      "Value": 0.68
                    },
                    {
                      "ValueUnit": "cmol(+)/kg",
                      "Element": "Na",
                      "Value": 0.38
                    },
                    {
                      "ValueUnit": "%",
                      "Element": "TOC",
                      "Value": 2.2
                    },
                    {
                      "ValueUnit": "%",
                      "Element": "TN",
                      "Value": 0.25
                    }
                  ]
                }
              ]
            }
          ],
          "DepthRefs": [
            {
              "StartingDepth": 10,
              "EndingDepth": 40,
              "ColumnDepth": 30,
              "DepthUnit": "cm",
              "Name": "10 to 40 cm",
              "DepthID": 1
            }
          ]
        }
      },
      "LabMetaData": {
        "LabName": "TomKat Ranch",
        "LabEventID": "Unknown Lab Event ID",
        "ProcessedDate": "2015-02-17",
        "ReceivedDate": "2015-02-17",
        "Reports": [
          {
            "LabReportID": "Report 1",
            "ReportID": 1,
            "FileDescription": "2015_RMN 10-40cm_1"
          }
        ],
        "ClientAccount": {
          "AccountNumber": "Unknown Client Account",
          "Company": "Unknown Client Company",
          "Name": "Unknown Client Name",
          "City": "Unknown Client City",
          "State": "Unknown Client State",
          "Zip": "Unknown Client Zip"
        }
      },
      "FMISMetaData": {
        "FMISProfile": {
          "Grower": "Unknown Grower",
          "Farm": "Unknown Farm",
          "Field": "Unknown Field",
          "Sub-Field": "Unknown Sub-Field"
        }
      }
    }
  ]
}