{
  "Events": [
    {
      "EventMetaData": {
        "EventDate": "2015-02-17",
        "EventType": {
          "Soil": true
        }
      },
      "EventSamples": {
        "Soil": {
          "SoilSample": [
            {
              "SampleMetaData": {
                "ReportID": 1,
                "SampleNumber": "TOKA-001",
                "Geometry": {
                  "wkt": "POINT(-122.3846552 37.2652672)"
                }
              },
              "Depths": [
                {
                  "DepthID": "1",
                  "NutrientResults": [
                    {
                      "ValueUnit": "g/cm3",
                      "Element": "Bulk-Density",
                      "Value": 1.172667643406128
                    },
                    {
                      "ValueUnit": "min",
                      "Element": "Permeability",
                      "Value": 3.88333333333333
                    },
                    {
                      "ValueUnit": "ug/g",
                      "Element": "P (Olsen)",
                      "ModusTestID": "S-P-BIC.04",
                      "Value": 4.7
                    },
                    {
                      "ValueUnit": "%",
                      "Element": "Sand",
                      "Value": 55
                    },
                    {
                      "ValueUnit": "%",
                      "Element": "Silt",
                      "Value": 26.2
                    },
                    {
                      "ValueUnit": "%",
                      "Element": "Clay",
                      "Value": 18.8
                    },
                    {
                      "Element": "pH",
                      "ValueUnit": "none",
                      "Value": 5.8
                    },
                    {
                      "ValueUnit": "cmol(+)/kg",
                      "Element": "CEC",
                      "Value": 26
                    },
                    {
                      "ValueUnit": "cmol(+)/kg",
                      "Element": "Ca",
                      "Value": 9.3
                    },
                    {
                      "ValueUnit": "cmol(+)/kg",
                      "Element": "Mg",
                      "Value": 7.4
                    },
                    {
                      "ValueUnit": "cmol(+)/kg",
                      "Element": "K",
                      "Value": 0.68
                    },
                    {
                      "ValueUnit": "cmol(+)/kg",
                      "Element": "Na",
                      "Value": 0.17
                    },
                    {
                      "ValueUnit": "%",
                      "Element": "TOC",
                      "Value": 2.6
                    },
                    {
                      "ValueUnit": "%",
                      "Element": "TN",
                      "Value": 0.19
                    }
                  ]
                }
              ]
            },
            {
              "SampleMetaData": {
                "ReportID": 1,
                "SampleNumber": "TOKA-020",
                "Geometry": {
                  "wkt": "POINT(-122.3687763 37.2760003)"
                }
              },
              "Depths": [
                {
                  "DepthID": "1",
                  "NutrientResults": [
                    {
                      "ValueUnit": "g/cm3",
                      "Element": "Bulk-Density",
                      "Value": 1.1025476803004584
                    },
                    {
                      "ValueUnit": "min",
                      "Element": "Permeability",
                      "Value": 2.42666666666667
                    },
                    {
                      "ValueUnit": "ug/g",
                      "Element": "P (Olsen)",
                      "ModusTestID": "S-P-BIC.04",
                      "Value": 9.6
                    },
                    {
                      "ValueUnit": "%",
                      "Element": "Sand",
                      "Value": 30
                    },
                    {
                      "ValueUnit": "%",
                      "Element": "Silt",
                      "Value": 35
                    },
                    {
                      "ValueUnit": "%",
                      "Element": "Clay",
                      "Value": 35
                    },
                    {
                      "Element": "pH",
                      "ValueUnit": "none",
                      "Value": 5.7
                    },
                    {
                      "ValueUnit": "cmol(+)/kg",
                      "Element": "CEC",
                      "Value": 45
                    },
                    {
                      "ValueUnit": "cmol(+)/kg",
                      "Element": "Ca",
                      "Value": 19
                    },
                    {
                      "ValueUnit": "cmol(+)/kg",
                      "Element": "Mg",
                      "Value": 10
                    },
                    {
                      "ValueUnit": "cmol(+)/kg",
                      "Element": "K",
                      "Value": 1.1
                    },
                    {
                      "ValueUnit": "cmol(+)/kg",
                      "Element": "Na",
                      "Value": 0.22
                    },
                    {
                      "ValueUnit": "%",
                      "Element": "TOC",
                      "Value": 4.6
                    },
                    {
                      "ValueUnit": "%",
                      "Element": "TN",
                      "Value": 0.35
                    }
                  ]
                }
              ]
            },
            {
              "SampleMetaData": {
                "ReportID": 1,
                "SampleNumber": "TOKA-035",
                "Geometry": {
                  "wkt": "POINT(-122.3619935 37.2777667)"
                }
              },
              "Depths": [
                {
                  "DepthID": "1",
                  "NutrientResults": [
                    {
                      "ValueUnit": "g/cm3",
                      "Element": "Bulk-Density",
                      "Value": 1.1361354311719194
                    },
                    {
                      "ValueUnit": "min",
                      "Element": "Permeability",
                      "Value": 0.893333333333333
                    },
                    {
                      "ValueUnit": "ug/g",
                      "Element": "P (Olsen)",
                      "ModusTestID": "S-P-BIC.04",
                      "Value": 11
                    },
                    {
                      "ValueUnit": "%",
                      "Element": "Sand",
                      "Value": 41.2
                    },
                    {
                      "ValueUnit": "%",
                      "Element": "Silt",
                      "Value": 30
                    },
                    {
                      "ValueUnit": "%",
                      "Element": "Clay",
                      "Value": 28.800000000000004
                    },
                    {
                      "Element": "pH",
                      "ValueUnit": "none",
                      "Value": 6.3
                    },
                    {
                      "ValueUnit": "cmol(+)/kg",
                      "Element": "CEC",
                      "Value": 46
                    },
                    {
                      "ValueUnit": "cmol(+)/kg",
                      "Element": "Ca",
                      "Value": 23
                    },
                    {
                      "ValueUnit": "cmol(+)/kg",
                      "Element": "Mg",
                      "Value": 10
                    },
                    {
                      "ValueUnit": "cmol(+)/kg",
                      "Element": "K",
                      "Value": 1.1
                    },
                    {
                      "ValueUnit": "cmol(+)/kg",
                      "Element": "Na",
                      "Value": 0.22
                    },
                    {
                      "ValueUnit": "%",
                      "Element": "TOC",
                      "Value": 3.5000000000000004
                    },
                    {
                      "ValueUnit": "%",
                      "Element": "TN",
                      "Value": 0.28
                    }
                  ]
                }
              ]
            },
            {
              "SampleMetaData": {
                "ReportID": 1,
                "SampleNumber": "TOKA-045",
                "Geometry": {
                  "wkt": "POINT(-122.3597987 37.2705438)"
                }
              },
              "Depths": [
                {
                  "DepthID": "1",
                  "NutrientResults": [
                    {
                      "ValueUnit": "min",
                      "Element": "Permeability",
                      "Value": 0.363333333333333
                    },
                    {
                      "ValueUnit": "ug/g",
                      "Element": "P (Olsen)",
                      "ModusTestID": "S-P-BIC.04",
                      "Value": 8.4
                    },
                    {
                      "Element": "pH",
                      "ValueUnit": "none",
                      "Value": 6.1
                    },
                    {
                      "ValueUnit": "cmol(+)/kg",
                      "Element": "CEC",
                      "Value": 43
                    },
                    {
                      "ValueUnit": "cmol(+)/kg",
                      "Element": "Ca",
                      "Value": 17
                    },
                    {
                      "ValueUnit": "cmol(+)/kg",
                      "Element": "Mg",
                      "Value": 9.5
                    },
                    {
                      "ValueUnit": "cmol(+)/kg",
                      "Element": "K",
                      "Value": 1.2
                    },
                    {
                      "ValueUnit": "cmol(+)/kg",
                      "Element": "Na",
                      "Value": 0.22
                    },
                    {
                      "ValueUnit": "%",
                      "Element": "TOC",
                      "Value": 3.7000000000000006
                    },
                    {
                      "ValueUnit": "%",
                      "Element": "TN",
                      "Value": 0.34
                    }
                  ]
                }
              ]
            },
            {
              "SampleMetaData": {
                "ReportID": 1,
                "SampleNumber": "TOKA-055",
                "Geometry": {
                  "wkt": "POINT(-122.3554103 37.2560978)"
                }
              },
              "Depths": [
                {
                  "DepthID": "1",
                  "NutrientResults": [
                    {
                      "ValueUnit": "g/cm3",
                      "Element": "Bulk-Density",
                      "Value": 1.24
                    },
                    {
                      "ValueUnit": "min",
                      "Element": "Permeability",
                      "Value": 17.71
                    },
                    {
                      "ValueUnit": "ug/g",
                      "Element": "P (Olsen)",
                      "ModusTestID": "S-P-BIC.04",
                      "Value": 6.6
                    },
                    {
                      "ValueUnit": "%",
                      "Element": "Sand",
                      "Value": 26.2
                    },
                    {
                      "ValueUnit": "%",
                      "Element": "Silt",
                      "Value": 37.5
                    },
                    {
                      "ValueUnit": "%",
                      "Element": "Clay",
                      "Value": 36.2
                    },
                    {
                      "Element": "pH",
                      "ValueUnit": "none",
                      "Value": 5.1
                    },
                    {
                      "ValueUnit": "cmol(+)/kg",
                      "Element": "CEC",
                      "Value": 27.000000000000004
                    },
                    {
                      "ValueUnit": "cmol(+)/kg",
                      "Element": "Ca",
                      "Value": 8.4
                    },
                    {
                      "ValueUnit": "cmol(+)/kg",
                      "Element": "Mg",
                      "Value": 4.7
                    },
                    {
                      "ValueUnit": "cmol(+)/kg",
                      "Element": "K",
                      "Value": 1.1
                    },
                    {
                      "ValueUnit": "cmol(+)/kg",
                      "Element": "Na",
                      "Value": 0.14
                    },
                    {
                      "ValueUnit": "%",
                      "Element": "TOC",
                      "Value": 3.2
                    },
                    {
                      "ValueUnit": "%",
                      "Element": "TN",
                      "Value": 0.31
                    }
                  ]
                }
              ]
            },
            {
              "SampleMetaData": {
                "ReportID": 1,
                "SampleNumber": "TOKA-067",
                "Geometry": {
                  "wkt": "POINT(-122.3531088 37.2614935)"
                }
              },
              "Depths": [
                {
                  "DepthID": "1",
                  "NutrientResults": [
                    {
                      "ValueUnit": "g/cm3",
                      "Element": "Bulk-Density",
                      "Value": 0.99
                    },
                    {
                      "ValueUnit": "min",
                      "Element": "Permeability",
                      "Value": 0.34
                    },
                    {
                      "ValueUnit": "ug/g",
                      "Element": "P (Olsen)",
                      "ModusTestID": "S-P-BIC.04",
                      "Value": 9.3
                    },
                    {
                      "ValueUnit": "%",
                      "Element": "Sand",
                      "Value": 20
                    },
                    {
                      "ValueUnit": "%",
                      "Element": "Silt",
                      "Value": 31.2
                    },
                    {
                      "ValueUnit": "%",
                      "Element": "Clay",
                      "Value": 48.8
                    },
                    {
                      "Element": "pH",
                      "ValueUnit": "none",
                      "Value": 5.9
                    },
                    {
                      "ValueUnit": "cmol(+)/kg",
                      "Element": "CEC",
                      "Value": 50
                    },
                    {
                      "ValueUnit": "cmol(+)/kg",
                      "Element": "Ca",
                      "Value": 23
                    },
                    {
                      "ValueUnit": "cmol(+)/kg",
                      "Element": "Mg",
                      "Value": 14
                    },
                    {
                      "ValueUnit": "cmol(+)/kg",
                      "Element": "K",
                      "Value": 0.82
                    },
                    {
                      "ValueUnit": "cmol(+)/kg",
                      "Element": "Na",
                      "Value": 0.27
                    },
                    {
                      "ValueUnit": "%",
                      "Element": "TOC",
                      "Value": 3.2
                    },
                    {
                      "ValueUnit": "%",
                      "Element": "TN",
                      "Value": 0.33
                    }
                  ]
                }
              ]
            },
            {
              "SampleMetaData": {
                "ReportID": 1,
                "SampleNumber": "TOKA-071",
                "Geometry": {
                  "wkt": "POINT(-122.3508225 37.2650866)"
                }
              },
              "Depths": [
                {
                  "DepthID": "1",
                  "NutrientResults": [
                    {
                      "ValueUnit": "min",
                      "Element": "Permeability",
                      "Value": 0.47666666666666707
                    },
                    {
                      "ValueUnit": "ug/g",
                      "Element": "P (Olsen)",
                      "ModusTestID": "S-P-BIC.04",
                      "Value": 22
                    },
                    {
                      "Element": "pH",
                      "ValueUnit": "none",
                      "Value": 5.8
                    },
                    {
                      "ValueUnit": "cmol(+)/kg",
                      "Element": "CEC",
                      "Value": 65
                    },
                    {
                      "ValueUnit": "cmol(+)/kg",
                      "Element": "Ca",
                      "Value": 23
                    },
                    {
                      "ValueUnit": "cmol(+)/kg",
                      "Element": "Mg",
                      "Value": 11
                    },
                    {
                      "ValueUnit": "cmol(+)/kg",
                      "Element": "K",
                      "Value": 2
                    },
                    {
                      "ValueUnit": "cmol(+)/kg",
                      "Element": "Na",
                      "Value": 0.23
                    },
                    {
                      "ValueUnit": "%",
                      "Element": "TOC",
                      "Value": 10
                    },
                    {
                      "ValueUnit": "%",
                      "Element": "TN",
                      "Value": 0.61
                    }
                  ]
                }
              ]
            },
            {
              "SampleMetaData": {
                "ReportID": 1,
                "SampleNumber": "TOKA-072",
                "Geometry": {
                  "wkt": "POINT(-122.3508070 37.2668893)"
                }
              },
              "Depths": [
                {
                  "DepthID": "1",
                  "NutrientResults": [
                    {
                      "ValueUnit": "g/cm3",
                      "Element": "Bulk-Density",
                      "Value": 1.0947829932911723
                    },
                    {
                      "ValueUnit": "min",
                      "Element": "Permeability",
                      "Value": 0.803333333333333
                    },
                    {
                      "ValueUnit": "ug/g",
                      "Element": "P (Olsen)",
                      "ModusTestID": "S-P-BIC.04",
                      "Value": 4.2
                    },
                    {
                      "ValueUnit": "%",
                      "Element": "Sand",
                      "Value": 27.5
                    },
                    {
                      "ValueUnit": "%",
                      "Element": "Silt",
                      "Value": 36.2
                    },
                    {
                      "ValueUnit": "%",
                      "Element": "Clay",
                      "Value": 36.2
                    },
                    {
                      "Element": "pH",
                      "ValueUnit": "none",
                      "Value": 5.6
                    },
                    {
                      "ValueUnit": "cmol(+)/kg",
                      "Element": "CEC",
                      "Value": 33
                    },
                    {
                      "ValueUnit": "cmol(+)/kg",
                      "Element": "Ca",
                      "Value": 9.8
                    },
                    {
                      "ValueUnit": "cmol(+)/kg",
                      "Element": "Mg",
                      "Value": 6.799999999999999
                    },
                    {
                      "ValueUnit": "cmol(+)/kg",
                      "Element": "K",
                      "Value": 1.6999999999999997
                    },
                    {
                      "ValueUnit": "cmol(+)/kg",
                      "Element": "Na",
                      "Value": 0.14
                    },
                    {
                      "ValueUnit": "%",
                      "Element": "TOC",
                      "Value": 4.9
                    },
                    {
                      "ValueUnit": "%",
                      "Element": "TN",
                      "Value": 0.4
                    }
                  ]
                }
              ]
            },
            {
              "SampleMetaData": {
                "ReportID": 1,
                "SampleNumber": "TOKA-089",
                "Geometry": {
                  "wkt": "POINT(-122.3462180 37.2758779)"
                }
              },
              "Depths": [
                {
                  "DepthID": "1",
                  "NutrientResults": [
                    {
                      "ValueUnit": "ug/g",
                      "Element": "P (Olsen)",
                      "ModusTestID": "S-P-BIC.04",
                      "Value": 41
                    },
                    {
                      "Element": "pH",
                      "ValueUnit": "none",
                      "Value": 6
                    },
                    {
                      "ValueUnit": "cmol(+)/kg",
                      "Element": "CEC",
                      "Value": 59
                    },
                    {
                      "ValueUnit": "cmol(+)/kg",
                      "Element": "Ca",
                      "Value": 23
                    },
                    {
                      "ValueUnit": "cmol(+)/kg",
                      "Element": "Mg",
                      "Value": 8.5
                    },
                    {
                      "ValueUnit": "cmol(+)/kg",
                      "Element": "K",
                      "Value": 1.6
                    },
                    {
                      "ValueUnit": "%",
                      "Element": "TOC",
                      "Value": 8.6
                    },
                    {
                      "ValueUnit": "%",
                      "Element": "TN",
                      "Value": 0.55
                    }
                  ]
                }
              ]
            },
            {
              "SampleMetaData": {
                "ReportID": 1,
                "SampleNumber": "TOKA-091",
                "Geometry": {
                  "wkt": "POINT(-122.3439934 37.2722600)"
                }
              },
              "Depths": [
                {
                  "DepthID": "1",
                  "NutrientResults": [
                    {
                      "ValueUnit": "g/cm3",
                      "Element": "Bulk-Density",
                      "Value": 1.1433669286247379
                    },
                    {
                      "ValueUnit": "min",
                      "Element": "Permeability",
                      "Value": 1.28
                    },
                    {
                      "ValueUnit": "ug/g",
                      "Element": "P (Olsen)",
                      "ModusTestID": "S-P-BIC.04",
                      "Value": 13
                    },
                    {
                      "ValueUnit": "%",
                      "Element": "Sand",
                      "Value": 25
                    },
                    {
                      "ValueUnit": "%",
                      "Element": "Silt",
                      "Value": 40
                    },
                    {
                      "ValueUnit": "%",
                      "Element": "Clay",
                      "Value": 35
                    },
                    {
                      "Element": "pH",
                      "ValueUnit": "none",
                      "Value": 6
                    },
                    {
                      "ValueUnit": "cmol(+)/kg",
                      "Element": "CEC",
                      "Value": 41
                    },
                    {
                      "ValueUnit": "cmol(+)/kg",
                      "Element": "Ca",
                      "Value": 18
                    },
                    {
                      "ValueUnit": "cmol(+)/kg",
                      "Element": "Mg",
                      "Value": 8.7
                    },
                    {
                      "ValueUnit": "cmol(+)/kg",
                      "Element": "K",
                      "Value": 1
                    },
                    {
                      "ValueUnit": "%",
                      "Element": "TOC",
                      "Value": 3.3000000000000003
                    },
                    {
                      "ValueUnit": "%",
                      "Element": "TN",
                      "Value": 0.27
                    }
                  ]
                }
              ]
            },
            {
              "SampleMetaData": {
                "ReportID": 1,
                "SampleNumber": "TOKA-122",
                "Geometry": {
                  "wkt": "POINT(-122.3643707 37.2633573)"
                }
              },
              "Depths": [
                {
                  "DepthID": "1",
                  "NutrientResults": [
                    {
                      "ValueUnit": "g/cm3",
                      "Element": "Bulk-Density",
                      "Value": 1.108010801920414
                    },
                    {
                      "ValueUnit": "min",
                      "Element": "Permeability",
                      "Value": 0.95
                    },
                    {
                      "ValueUnit": "ug/g",
                      "Element": "P (Olsen)",
                      "ModusTestID": "S-P-BIC.04",
                      "Value": 15
                    },
                    {
                      "ValueUnit": "%",
                      "Element": "Sand",
                      "Value": 25
                    },
                    {
                      "ValueUnit": "%",
                      "Element": "Silt",
                      "Value": 38.8
                    },
                    {
                      "ValueUnit": "%",
                      "Element": "Clay",
                      "Value": 36.2
                    },
                    {
                      "Element": "pH",
                      "ValueUnit": "none",
                      "Value": 6
                    },
                    {
                      "ValueUnit": "cmol(+)/kg",
                      "Element": "CEC",
                      "Value": 45
                    },
                    {
                      "ValueUnit": "cmol(+)/kg",
                      "Element": "Ca",
                      "Value": 17
                    },
                    {
                      "ValueUnit": "cmol(+)/kg",
                      "Element": "Mg",
                      "Value": 12
                    },
                    {
                      "ValueUnit": "cmol(+)/kg",
                      "Element": "K",
                      "Value": 1.1
                    },
                    {
                      "ValueUnit": "cmol(+)/kg",
                      "Element": "Na",
                      "Value": 0.31
                    },
                    {
                      "ValueUnit": "%",
                      "Element": "TOC",
                      "Value": 4.4
                    },
                    {
                      "ValueUnit": "%",
                      "Element": "TN",
                      "Value": 0.29
                    }
                  ]
                }
              ]
            },
            {
              "SampleMetaData": {
                "ReportID": 1,
                "SampleNumber": "TOKA-147",
                "Geometry": {
                  "wkt": "POINT(-122.3552413 37.2759273)"
                }
              },
              "Depths": [
                {
                  "DepthID": "1",
                  "NutrientResults": [
                    {
                      "ValueUnit": "g/cm3",
                      "Element": "Bulk-Density",
                      "Value": 1.139697999453642
                    },
                    {
                      "ValueUnit": "min",
                      "Element": "Permeability",
                      "Value": 0.783333333333333
                    },
                    {
                      "ValueUnit": "ug/g",
                      "Element": "P (Olsen)",
                      "ModusTestID": "S-P-BIC.04",
                      "Value": 12
                    },
                    {
                      "ValueUnit": "%",
                      "Element": "Sand",
                      "Value": 37.5
                    },
                    {
                      "ValueUnit": "%",
                      "Element": "Silt",
                      "Value": 28.800000000000004
                    },
                    {
                      "ValueUnit": "%",
                      "Element": "Clay",
                      "Value": 33.8
                    },
                    {
                      "Element": "pH",
                      "ValueUnit": "none",
                      "Value": 6
                    },
                    {
                      "ValueUnit": "cmol(+)/kg",
                      "Element": "CEC",
                      "Value": 45
                    },
                    {
                      "ValueUnit": "cmol(+)/kg",
                      "Element": "Ca",
                      "Value": 18
                    },
                    {
                      "ValueUnit": "cmol(+)/kg",
                      "Element": "Mg",
                      "Value": 13
                    },
                    {
                      "ValueUnit": "cmol(+)/kg",
                      "Element": "K",
                      "Value": 0.93
                    },
                    {
                      "ValueUnit": "cmol(+)/kg",
                      "Element": "Na",
                      "Value": 0.28
                    },
                    {
                      "ValueUnit": "%",
                      "Element": "TOC",
                      "Value": 3.4000000000000004
                    },
                    {
                      "ValueUnit": "%",
                      "Element": "TN",
                      "Value": 0.3
                    }
                  ]
                }
              ]
            },
            {
              "SampleMetaData": {
                "ReportID": 1,
                "SampleNumber": "TOKA-154",
                "Geometry": {
                  "wkt": "POINT(-122.3508689 37.2596785)"
                }
              },
              "Depths": [
                {
                  "DepthID": "1",
                  "NutrientResults": [
                    {
                      "ValueUnit": "g/cm3",
                      "Element": "Bulk-Density",
                      "Value": 1.15
                    },
                    {
                      "ValueUnit": "min",
                      "Element": "Permeability",
                      "Value": 1.34666666666667
                    },
                    {
                      "ValueUnit": "ug/g",
                      "Element": "P (Olsen)",
                      "ModusTestID": "S-P-BIC.04",
                      "Value": 8.3
                    },
                    {
                      "ValueUnit": "%",
                      "Element": "Sand",
                      "Value": 17.5
                    },
                    {
                      "ValueUnit": "%",
                      "Element": "Silt",
                      "Value": 41.2
                    },
                    {
                      "ValueUnit": "%",
                      "Element": "Clay",
                      "Value": 41.2
                    },
                    {
                      "Element": "pH",
                      "ValueUnit": "none",
                      "Value": 5.7
                    },
                    {
                      "ValueUnit": "cmol(+)/kg",
                      "Element": "CEC",
                      "Value": 40
                    },
                    {
                      "ValueUnit": "cmol(+)/kg",
                      "Element": "Ca",
                      "Value": 14
                    },
                    {
                      "ValueUnit": "cmol(+)/kg",
                      "Element": "Mg",
                      "Value": 11
                    },
                    {
                      "ValueUnit": "cmol(+)/kg",
                      "Element": "K",
                      "Value": 0.71
                    },
                    {
                      "ValueUnit": "cmol(+)/kg",
                      "Element": "Na",
                      "Value": 0.24
                    },
                    {
                      "ValueUnit": "%",
                      "Element": "TOC",
                      "Value": 2.6
                    },
                    {
                      "ValueUnit": "%",
                      "Element": "TN",
                      "Value": 0.29
                    }
                  ]
                }
              ]
            },
            {
              "SampleMetaData": {
                "ReportID": 1,
                "SampleNumber": "TOKA-161",
                "Geometry": {
                  "wkt": "POINT(-122.3485204 37.2704822)"
                }
              },
              "Depths": [
                {
                  "DepthID": "1",
                  "NutrientResults": [
                    {
                      "ValueUnit": "g/cm3",
                      "Element": "Bulk-Density",
                      "Value": 1.092300080561849
                    },
                    {
                      "ValueUnit": "min",
                      "Element": "Permeability",
                      "Value": 0.336666666666667
                    },
                    {
                      "ValueUnit": "ug/g",
                      "Element": "P (Olsen)",
                      "ModusTestID": "S-P-BIC.04",
                      "Value": 4.7
                    },
                    {
                      "ValueUnit": "%",
                      "Element": "Sand",
                      "Value": 22.5
                    },
                    {
                      "ValueUnit": "%",
                      "Element": "Silt",
                      "Value": 38.8
                    },
                    {
                      "ValueUnit": "%",
                      "Element": "Clay",
                      "Value": 38.8
                    },
                    {
                      "Element": "pH",
                      "ValueUnit": "none",
                      "Value": 5.6
                    },
                    {
                      "ValueUnit": "cmol(+)/kg",
                      "Element": "CEC",
                      "Value": 56
                    },
                    {
                      "ValueUnit": "cmol(+)/kg",
                      "Element": "Ca",
                      "Value": 15.000000000000002
                    },
                    {
                      "ValueUnit": "cmol(+)/kg",
                      "Element": "Mg",
                      "Value": 8.9
                    },
                    {
                      "ValueUnit": "cmol(+)/kg",
                      "Element": "K",
                      "Value": 1.1
                    },
                    {
                      "ValueUnit": "cmol(+)/kg",
                      "Element": "Na",
                      "Value": 0.2
                    },
                    {
                      "ValueUnit": "%",
                      "Element": "TOC",
                      "Value": 5
                    },
                    {
                      "ValueUnit": "%",
                      "Element": "TN",
                      "Value": 0.4099999999999999
                    }
                  ]
                }
              ]
            }
          ],
          "DepthRefs": [
            {
              "StartingDepth": 0,
              "EndingDepth": 10,
              "ColumnDepth": 10,
              "DepthUnit": "cm",
              "Name": "0 to 10 cm",
              "DepthID": 1
            }
          ]
        }
      },
      "LabMetaData": {
        "LabName": "TomKat Ranch",
        "LabEventID": "Unknown Lab Event ID",
        "ProcessedDate": "2015-02-17",
        "ReceivedDate": "2015-02-17",
        "Reports": [
          {
            "LabReportID": "Report 1",
            "ReportID": 1,
            "FileDescription": "2015_RMN 0-10cm_1"
          }
        ],
        "ClientAccount": {
          "AccountNumber": "Unknown Client Account",
          "Company": "Unknown Client Company",
          "Name": "Unknown Client Name",
          "City": "Unknown Client City",
          "State": "Unknown Client State",
          "Zip": "Unknown Client Zip"
        }
      },
      "FMISMetaData": {
        "FMISProfile": {
          "Grower": "Unknown Grower",
          "Farm": "Unknown Farm",
          "Field": "Unknown Field",
          "Sub-Field": "Unknown Sub-Field"
        }
      }
    }
  ]
}