{
  "Events": [
    {
      "EventMetaData": {
        "EventDate": "2018-01-29",
        "EventType": {
          "Soil": true
        }
      },
      "EventSamples": {
        "Soil": {
          "SoilSample": [
            {
              "SampleMetaData": {
                "ReportID": 1,
                "SampleNumber": "TOKA-061",
                "Geometry": {
                  "wkt": "POINT(-122.3552259 37.2777300)"
                }
              },
              "Depths": [
                {
                  "DepthID": "1",
                  "NutrientResults": [
                    {
                      "ValueUnit": "g/cm3",
                      "Element": "Bulk-Density",
                      "Value": 1.05390803322451
                    },
                    {
                      "ValueUnit": "min",
                      "Element": "Permeability",
                      "Value": 1.49666666666667
                    },
                    {
                      "ValueUnit": "ug/g",
                      "Element": "P (Olsen)",
                      "ModusTestID": "S-P-BIC.04",
                      "Value": 6.9
                    },
                    {
                      "Element": "pH",
                      "ValueUnit": "none",
                      "Value": 6.4
                    },
                    {
                      "ValueUnit": "cmol(+)/kg",
                      "Element": "CEC",
                      "Value": 24.9
                    },
                    {
                      "ValueUnit": "cmol(+)/kg",
                      "Element": "Ca",
                      "Value": 10.7
                    },
                    {
                      "ValueUnit": "cmol(+)/kg",
                      "Element": "Mg",
                      "Value": 7.675
                    },
                    {
                      "ValueUnit": "cmol(+)/kg",
                      "Element": "K",
                      "Value": 0.8487179487179487
                    },
                    {
                      "ValueUnit": "cmol(+)/kg",
                      "Element": "Na",
                      "Value": 0.2391304347826087
                    },
                    {
                      "ValueUnit": "%",
                      "Element": "TOC",
                      "Value": 2.7
                    }
                  ]
                }
              ]
            },
            {
              "SampleMetaData": {
                "ReportID": 1,
                "SampleNumber": "TOKA-135",
                "Geometry": {
                  "wkt": "POINT(-122.3597682 37.2741491)"
                }
              },
              "Depths": [
                {
                  "DepthID": "1",
                  "NutrientResults": [
                    {
                      "ValueUnit": "g/cm3",
                      "Element": "Bulk-Density",
                      "Value": 1.1969246596592
                    },
                    {
                      "ValueUnit": "min",
                      "Element": "Permeability",
                      "Value": 5.48333333333333
                    },
                    {
                      "ValueUnit": "ug/g",
                      "Element": "P (Olsen)",
                      "ModusTestID": "S-P-BIC.04",
                      "Value": 10.6
                    },
                    {
                      "Element": "pH",
                      "ValueUnit": "none",
                      "Value": 6.3
                    },
                    {
                      "ValueUnit": "cmol(+)/kg",
                      "Element": "CEC",
                      "Value": 19.4
                    },
                    {
                      "ValueUnit": "cmol(+)/kg",
                      "Element": "Ca",
                      "Value": 8.815
                    },
                    {
                      "ValueUnit": "cmol(+)/kg",
                      "Element": "Mg",
                      "Value": 4.275
                    },
                    {
                      "ValueUnit": "cmol(+)/kg",
                      "Element": "K",
                      "Value": 0.6974358974358974
                    },
                    {
                      "ValueUnit": "cmol(+)/kg",
                      "Element": "Na",
                      "Value": 0.21304347826086958
                    },
                    {
                      "ValueUnit": "%",
                      "Element": "TOC",
                      "Value": 3.2
                    },
                    {
                      "ValueUnit": "%",
                      "Element": "TN",
                      "Value": 0.31698
                    }
                  ]
                }
              ]
            },
            {
              "SampleMetaData": {
                "ReportID": 1,
                "SampleNumber": "TOKA-137",
                "Geometry": {
                  "wkt": "POINT(-122.3574971 37.2759396)"
                }
              },
              "Depths": [
                {
                  "DepthID": "1",
                  "NutrientResults": [
                    {
                      "ValueUnit": "g/cm3",
                      "Element": "Bulk-Density",
                      "Value": 1.0969147142801
                    },
                    {
                      "ValueUnit": "min",
                      "Element": "Permeability",
                      "Value": 8.29
                    },
                    {
                      "ValueUnit": "ug/g",
                      "Element": "P (Olsen)",
                      "ModusTestID": "S-P-BIC.04",
                      "Value": 10.7
                    },
                    {
                      "Element": "pH",
                      "ValueUnit": "none",
                      "Value": 6.2
                    },
                    {
                      "ValueUnit": "cmol(+)/kg",
                      "Element": "CEC",
                      "Value": 29.700000000000003
                    },
                    {
                      "ValueUnit": "cmol(+)/kg",
                      "Element": "Ca",
                      "Value": 13.309999999999999
                    },
                    {
                      "ValueUnit": "cmol(+)/kg",
                      "Element": "Mg",
                      "Value": 7.466666666666667
                    },
                    {
                      "ValueUnit": "cmol(+)/kg",
                      "Element": "K",
                      "Value": 0.5282051282051282
                    },
                    {
                      "ValueUnit": "cmol(+)/kg",
                      "Element": "Na",
                      "Value": 0.2608695652173913
                    },
                    {
                      "ValueUnit": "%",
                      "Element": "TOC",
                      "Value": 3.6000000000000005
                    },
                    {
                      "ValueUnit": "%",
                      "Element": "TN",
                      "Value": 0.30681
                    }
                  ]
                }
              ]
            }
          ],
          "DepthRefs": [
            {
              "StartingDepth": 0,
              "EndingDepth": 10,
              "ColumnDepth": 10,
              "DepthUnit": "cm",
              "Name": "0 to 10 cm",
              "DepthID": 1
            }
          ]
        }
      },
      "LabMetaData": {
        "LabName": "TomKat Ranch",
        "LabEventID": "Unknown Lab Event ID",
        "ProcessedDate": "2018-01-29",
        "ReceivedDate": "2018-01-29",
        "Reports": [
          {
            "LabReportID": "Report 1",
            "ReportID": 1,
            "FileDescription": "2018_RMN 0-10cm_10"
          }
        ],
        "ClientAccount": {
          "AccountNumber": "Unknown Client Account",
          "Company": "Unknown Client Company",
          "Name": "Unknown Client Name",
          "City": "Unknown Client City",
          "State": "Unknown Client State",
          "Zip": "Unknown Client Zip"
        }
      },
      "FMISMetaData": {
        "FMISProfile": {
          "Grower": "Unknown Grower",
          "Farm": "Unknown Farm",
          "Field": "Unknown Field",
          "Sub-Field": "Unknown Sub-Field"
        }
      }
    }
  ]
}