{
  "Events": [
    {
      "EventMetaData": {
        "EventDate": "2018-02-09",
        "EventType": {
          "Soil": true
        }
      },
      "EventSamples": {
        "Soil": {
          "SoilSample": [
            {
              "SampleMetaData": {
                "ReportID": 1,
                "SampleNumber": "TOKA-034",
                "Geometry": {
                  "wkt": "POINT(-122.3644313 37.2561465)"
                }
              },
              "Depths": [
                {
                  "DepthID": "1",
                  "NutrientResults": [
                    {
                      "ValueUnit": "ug/g",
                      "Element": "P (Olsen)",
                      "ModusTestID": "S-P-BIC.04",
                      "Value": 27.4
                    },
                    {
                      "ValueUnit": "%",
                      "Element": "Sand",
                      "Value": 21.2
                    },
                    {
                      "ValueUnit": "%",
                      "Element": "Silt",
                      "Value": 36.2
                    },
                    {
                      "ValueUnit": "%",
                      "Element": "Clay",
                      "Value": 42.5
                    },
                    {
                      "Element": "pH",
                      "ValueUnit": "none",
                      "Value": 6.3
                    },
                    {
                      "ValueUnit": "cmol(+)/kg",
                      "Element": "CEC",
                      "Value": 37.8
                    },
                    {
                      "ValueUnit": "cmol(+)/kg",
                      "Element": "Ca",
                      "Value": 18.84
                    },
                    {
                      "ValueUnit": "cmol(+)/kg",
                      "Element": "Mg",
                      "Value": 12.483333333333333
                    },
                    {
                      "ValueUnit": "cmol(+)/kg",
                      "Element": "K",
                      "Value": 0.882051282051282
                    },
                    {
                      "ValueUnit": "cmol(+)/kg",
                      "Element": "Na",
                      "Value": 0.6304347826086957
                    },
                    {
                      "ValueUnit": "%",
                      "Element": "TOC",
                      "Value": 2.9
                    }
                  ]
                }
              ]
            },
            {
              "SampleMetaData": {
                "ReportID": 1,
                "SampleNumber": "TOKA-126",
                "Geometry": {
                  "wkt": "POINT(-122.3621152 37.2633452)"
                }
              },
              "Depths": [
                {
                  "DepthID": "1",
                  "NutrientResults": [
                    {
                      "ValueUnit": "ug/g",
                      "Element": "P (Olsen)",
                      "ModusTestID": "S-P-BIC.04",
                      "Value": 2.9
                    },
                    {
                      "ValueUnit": "%",
                      "Element": "Sand",
                      "Value": 22.5
                    },
                    {
                      "ValueUnit": "%",
                      "Element": "Silt",
                      "Value": 38.8
                    },
                    {
                      "ValueUnit": "%",
                      "Element": "Clay",
                      "Value": 38.8
                    },
                    {
                      "Element": "pH",
                      "ValueUnit": "none",
                      "Value": 6.2
                    },
                    {
                      "ValueUnit": "cmol(+)/kg",
                      "Element": "CEC",
                      "Value": 33.6
                    },
                    {
                      "ValueUnit": "cmol(+)/kg",
                      "Element": "Ca",
                      "Value": 15.235
                    },
                    {
                      "ValueUnit": "cmol(+)/kg",
                      "Element": "Mg",
                      "Value": 10.441666666666666
                    },
                    {
                      "ValueUnit": "cmol(+)/kg",
                      "Element": "K",
                      "Value": 0.6384615384615384
                    },
                    {
                      "ValueUnit": "cmol(+)/kg",
                      "Element": "Na",
                      "Value": 0.4130434782608695
                    },
                    {
                      "ValueUnit": "%",
                      "Element": "TOC",
                      "Value": 2.4
                    }
                  ]
                }
              ]
            },
            {
              "SampleMetaData": {
                "ReportID": 1,
                "SampleNumber": "TOKA-129",
                "Geometry": {
                  "wkt": "POINT(-122.3621760 37.2561344)"
                }
              },
              "Depths": [
                {
                  "DepthID": "1",
                  "NutrientResults": [
                    {
                      "ValueUnit": "ug/g",
                      "Element": "P (Olsen)",
                      "ModusTestID": "S-P-BIC.04",
                      "Value": 2.5
                    },
                    {
                      "ValueUnit": "%",
                      "Element": "Sand",
                      "Value": 22.5
                    },
                    {
                      "ValueUnit": "%",
                      "Element": "Silt",
                      "Value": 41.2
                    },
                    {
                      "ValueUnit": "%",
                      "Element": "Clay",
                      "Value": 36.2
                    },
                    {
                      "Element": "pH",
                      "ValueUnit": "none",
                      "Value": 6.2
                    },
                    {
                      "ValueUnit": "cmol(+)/kg",
                      "Element": "CEC",
                      "Value": 22
                    },
                    {
                      "ValueUnit": "cmol(+)/kg",
                      "Element": "Ca",
                      "Value": 8.53
                    },
                    {
                      "ValueUnit": "cmol(+)/kg",
                      "Element": "Mg",
                      "Value": 4.908333333333333
                    },
                    {
                      "ValueUnit": "cmol(+)/kg",
                      "Element": "K",
                      "Value": 0.39487179487179486
                    },
                    {
                      "ValueUnit": "cmol(+)/kg",
                      "Element": "Na",
                      "Value": 0.30434782608695654
                    },
                    {
                      "ValueUnit": "%",
                      "Element": "TOC",
                      "Value": 2.3
                    }
                  ]
                }
              ]
            }
          ],
          "DepthRefs": [
            {
              "StartingDepth": 10,
              "EndingDepth": 40,
              "ColumnDepth": 30,
              "DepthUnit": "cm",
              "Name": "10 to 40 cm",
              "DepthID": 1
            }
          ]
        }
      },
      "LabMetaData": {
        "LabName": "TomKat Ranch",
        "LabEventID": "Unknown Lab Event ID",
        "ProcessedDate": "2018-02-09",
        "ReceivedDate": "2018-02-09",
        "Reports": [
          {
            "LabReportID": "Report 1",
            "ReportID": 1,
            "FileDescription": "2018_RMN 10-40cm_6"
          }
        ],
        "ClientAccount": {
          "AccountNumber": "Unknown Client Account",
          "Company": "Unknown Client Company",
          "Name": "Unknown Client Name",
          "City": "Unknown Client City",
          "State": "Unknown Client State",
          "Zip": "Unknown Client Zip"
        }
      },
      "FMISMetaData": {
        "FMISProfile": {
          "Grower": "Unknown Grower",
          "Farm": "Unknown Farm",
          "Field": "Unknown Field",
          "Sub-Field": "Unknown Sub-Field"
        }
      }
    }
  ]
}