{
  "Events": [
    {
      "EventMetaData": {
        "EventDate": "2018-01-16",
        "EventType": {
          "Soil": true
        }
      },
      "EventSamples": {
        "Soil": {
          "SoilSample": [
            {
              "SampleMetaData": {
                "ReportID": 1,
                "SampleNumber": "TOKA-071",
                "Geometry": {
                  "wkt": "POINT(-122.3508225 37.2650866)"
                }
              },
              "Depths": [
                {
                  "DepthID": "1",
                  "NutrientResults": [
                    {
                      "ValueUnit": "g/cm3",
                      "Element": "Bulk-Density",
                      "Value": 0.733412227793711
                    },
                    {
                      "ValueUnit": "min",
                      "Element": "Permeability",
                      "Value": 0.113333333333333
                    },
                    {
                      "ValueUnit": "%",
                      "Element": "TOC",
                      "Value": 8.1
                    },
                    {
                      "ValueUnit": "%",
                      "Element": "TN",
                      "Value": 0.58308
                    }
                  ]
                }
              ]
            },
            {
              "SampleMetaData": {
                "ReportID": 1,
                "SampleNumber": "TOKA-072",
                "Geometry": {
                  "wkt": "POINT(-122.3508070 37.2668893)"
                }
              },
              "Depths": [
                {
                  "DepthID": "1",
                  "NutrientResults": [
                    {
                      "ValueUnit": "g/cm3",
                      "Element": "Bulk-Density",
                      "Value": 1.04509094401125
                    },
                    {
                      "ValueUnit": "min",
                      "Element": "Permeability",
                      "Value": 0.18
                    },
                    {
                      "ValueUnit": "%",
                      "Element": "TOC",
                      "Value": 4.4
                    },
                    {
                      "ValueUnit": "%",
                      "Element": "TN",
                      "Value": 0.372665
                    }
                  ]
                }
              ]
            },
            {
              "SampleMetaData": {
                "ReportID": 1,
                "SampleNumber": "TOKA-091",
                "Geometry": {
                  "wkt": "POINT(-122.3439934 37.2722600)"
                }
              },
              "Depths": [
                {
                  "DepthID": "1",
                  "NutrientResults": [
                    {
                      "ValueUnit": "g/cm3",
                      "Element": "Bulk-Density",
                      "Value": 0.903949779459791
                    },
                    {
                      "ValueUnit": "min",
                      "Element": "Permeability",
                      "Value": 0.173333333333333
                    },
                    {
                      "ValueUnit": "%",
                      "Element": "TOC",
                      "Value": 3.7000000000000006
                    },
                    {
                      "ValueUnit": "%",
                      "Element": "TN",
                      "Value": 0.34822
                    }
                  ]
                }
              ]
            }
          ],
          "DepthRefs": [
            {
              "StartingDepth": 0,
              "EndingDepth": 10,
              "ColumnDepth": 10,
              "DepthUnit": "cm",
              "Name": "0 to 10 cm",
              "DepthID": 1
            }
          ]
        }
      },
      "LabMetaData": {
        "LabName": "TomKat Ranch",
        "LabEventID": "Unknown Lab Event ID",
        "ProcessedDate": "2018-01-16",
        "ReceivedDate": "2018-01-16",
        "Reports": [
          {
            "LabReportID": "Report 1",
            "ReportID": 1,
            "FileDescription": "2018_RMN 0-10cm_12"
          }
        ],
        "ClientAccount": {
          "AccountNumber": "Unknown Client Account",
          "Company": "Unknown Client Company",
          "Name": "Unknown Client Name",
          "City": "Unknown Client City",
          "State": "Unknown Client State",
          "Zip": "Unknown Client Zip"
        }
      },
      "FMISMetaData": {
        "FMISProfile": {
          "Grower": "Unknown Grower",
          "Farm": "Unknown Farm",
          "Field": "Unknown Field",
          "Sub-Field": "Unknown Sub-Field"
        }
      }
    }
  ]
}