{
  "Events": [
    {
      "EventMetaData": {
        "EventDate": false,
        "EventType": {
          "Soil": true
        }
      },
      "EventSamples": {
        "Soil": {
          "SoilSample": [
            {
              "SampleMetaData": {
                "ReportID": 1,
                "SampleNumber": "TOKA-013",
                "Geometry": {
                  "wkt": "POINT(-122.3733328 37.2706162)"
                }
              },
              "Depths": [
                {
                  "DepthID": "1",
                  "NutrientResults": []
                }
              ]
            }
          ],
          "DepthRefs": [
            {
              "StartingDepth": 0,
              "EndingDepth": 10,
              "ColumnDepth": 10,
              "DepthUnit": "cm",
              "Name": "0 to 10 cm",
              "DepthID": 1
            }
          ]
        }
      },
      "LabMetaData": {
        "LabName": "TomKat Ranch",
        "LabEventID": "Unknown Lab Event ID",
        "ProcessedDate": "1970-01-01",
        "ReceivedDate": "1970-01-01",
        "Reports": [
          {
            "LabReportID": "Report 1",
            "ReportID": 1,
            "FileDescription": "2015_RMN 0-10cm_3"
          }
        ],
        "ClientAccount": {
          "AccountNumber": "Unknown Client Account",
          "Company": "Unknown Client Company",
          "Name": "Unknown Client Name",
          "City": "Unknown Client City",
          "State": "Unknown Client State",
          "Zip": "Unknown Client Zip"
        }
      },
      "FMISMetaData": {
        "FMISProfile": {
          "Grower": "Unknown Grower",
          "Farm": "Unknown Farm",
          "Field": "Unknown Field",
          "Sub-Field": "Unknown Sub-Field"
        }
      }
    }
  ]
}