{
  "Events": [
    {
      "LabMetaData": {
        "Reports": [
          {
            "ReportID": "1",
            "FileDescription": "Sheet1_1"
          }
        ]
      },
      "EventMetaData": {
        "EventDate": "2021-05-13",
        "EventType": {
          "Soil": true
        }
      },
      "EventSamples": {
        "Soil": {
          "DepthRefs": [
            {
              "DepthUnit": "cm",
              "StartingDepth": 0,
              "Name": "0",
              "EndingDepth": 4,
              "ColumnDepth": 4,
              "DepthID": 1
            },
            {
              "DepthUnit": "cm",
              "StartingDepth": 4,
              "Name": "4",
              "EndingDepth": 16,
              "ColumnDepth": 12,
              "DepthID": 2
            }
          ],
          "SoilSamples": [
            {
              "SampleMetaData": {
                "SampleNumber": "0",
                "ReportID": ""
              },
              "Depths": [
                {
                  "DepthID": "1",
                  "NutrientResults": [
                    {
                      "Element": "pH",
                      "ValueUnit": "none",
                      "Value": 5.7
                    },
                    {
                      "ValueUnit": "mmho/cm",
                      "Value": 0.1
                    },
                    {
                      "Element": "OM (LOI)",
                      "ValueUnit": "%",
                      "Value": 5.4
                    },
                    {
                      "Element": "NO3-N",
                      "ValueUnit": "ppm",
                      "Value": 0.6
                    },
                    {
                      "Element": "P",
                      "ValueUnit": "ppm",
                      "Value": 9
                    },
                    {
                      "Element": "K",
                      "ValueUnit": "ppm",
                      "Value": 192
                    },
                    {
                      "Element": "SO4-S",
                      "ValueUnit": "ppm",
                      "Value": 9.7
                    },
                    {
                      "Element": "Ca",
                      "ValueUnit": "ppm",
                      "Value": 887
                    },
                    {
                      "Element": "Mg",
                      "ValueUnit": "ppm",
                      "Value": 378
                    },
                    {
                      "Element": "Na",
                      "ValueUnit": "ppm",
                      "Value": 75
                    },
                    {
                      "Element": "CEC",
                      "ValueUnit": "Sum of Cations me/100g",
                      "Value": 16.7
                    },
                    {
                      "Element": "BS-H",
                      "ValueUnit": "%",
                      "Value": 50
                    },
                    {
                      "Element": "BS-K",
                      "ValueUnit": "%",
                      "Value": 3
                    },
                    {
                      "Element": "BS-Ca",
                      "ValueUnit": "%",
                      "Value": 26
                    },
                    {
                      "Element": "BS-Mg",
                      "ValueUnit": "%",
                      "Value": 19
                    },
                    {
                      "Element": "BS-Na",
                      "ValueUnit": "%",
                      "Value": 2
                    },
                    {
                      "Element": "TN",
                      "ValueUnit": "ppm",
                      "Value": 2569
                    }
                  ]
                }
              ]
            },
            {
              "SampleMetaData": {
                "SampleNumber": "1",
                "ReportID": ""
              },
              "Depths": [
                {
                  "DepthID": "2",
                  "NutrientResults": [
                    {
                      "Element": "pH",
                      "ValueUnit": "none",
                      "Value": 5.6
                    },
                    {
                      "ValueUnit": "mmho/cm",
                      "Value": 0.08
                    },
                    {
                      "Element": "OM (LOI)",
                      "ValueUnit": "%",
                      "Value": 3.8
                    },
                    {
                      "Element": "NO3-N",
                      "ValueUnit": "ppm",
                      "Value": 0.7
                    },
                    {
                      "Element": "P",
                      "ValueUnit": "ppm",
                      "Value": 6.3
                    },
                    {
                      "Element": "K",
                      "ValueUnit": "ppm",
                      "Value": 122
                    },
                    {
                      "Element": "SO4-S",
                      "ValueUnit": "ppm",
                      "Value": 8.7
                    },
                    {
                      "Element": "Ca",
                      "ValueUnit": "ppm",
                      "Value": 1086
                    },
                    {
                      "Element": "Mg",
                      "ValueUnit": "ppm",
                      "Value": 540
                    },
                    {
                      "Element": "Na",
                      "ValueUnit": "ppm",
                      "Value": 117
                    },
                    {
                      "Element": "CEC",
                      "ValueUnit": "Sum of Cations me/100g",
                      "Value": 21
                    },
                    {
                      "Element": "BS-H",
                      "ValueUnit": "%",
                      "Value": 49
                    },
                    {
                      "Element": "BS-K",
                      "ValueUnit": "%",
                      "Value": 1
                    },
                    {
                      "Element": "BS-Ca",
                      "ValueUnit": "%",
                      "Value": 26
                    },
                    {
                      "Element": "BS-Mg",
                      "ValueUnit": "%",
                      "Value": 21
                    },
                    {
                      "Element": "BS-Na",
                      "ValueUnit": "%",
                      "Value": 2
                    },
                    {
                      "Element": "TN",
                      "ValueUnit": "ppm",
                      "Value": 1983
                    }
                  ]
                }
              ]
            },
            {
              "SampleMetaData": {
                "SampleNumber": "2",
                "ReportID": ""
              },
              "Depths": [
                {
                  "DepthID": "1",
                  "NutrientResults": [
                    {
                      "Element": "pH",
                      "ValueUnit": "none",
                      "Value": 5.8
                    },
                    {
                      "ValueUnit": "mmho/cm",
                      "Value": 0.1
                    },
                    {
                      "Element": "OM (LOI)",
                      "ValueUnit": "%",
                      "Value": 4.4
                    },
                    {
                      "Element": "NO3-N",
                      "ValueUnit": "ppm",
                      "Value": 0.3
                    },
                    {
                      "Element": "P",
                      "ValueUnit": "ppm",
                      "Value": 6.6
                    },
                    {
                      "Element": "K",
                      "ValueUnit": "ppm",
                      "Value": 259
                    },
                    {
                      "Element": "SO4-S",
                      "ValueUnit": "ppm",
                      "Value": 10.7
                    },
                    {
                      "Element": "Ca",
                      "ValueUnit": "ppm",
                      "Value": 788
                    },
                    {
                      "Element": "Mg",
                      "ValueUnit": "ppm",
                      "Value": 448
                    },
                    {
                      "Element": "Na",
                      "ValueUnit": "ppm",
                      "Value": 78
                    },
                    {
                      "Element": "CEC",
                      "ValueUnit": "Sum of Cations me/100g",
                      "Value": 16.9
                    },
                    {
                      "Element": "BS-H",
                      "ValueUnit": "%",
                      "Value": 49
                    },
                    {
                      "Element": "BS-K",
                      "ValueUnit": "%",
                      "Value": 4
                    },
                    {
                      "Element": "BS-Ca",
                      "ValueUnit": "%",
                      "Value": 23
                    },
                    {
                      "Element": "BS-Mg",
                      "ValueUnit": "%",
                      "Value": 22
                    },
                    {
                      "Element": "BS-Na",
                      "ValueUnit": "%",
                      "Value": 2
                    },
                    {
                      "Element": "TN",
                      "ValueUnit": "ppm",
                      "Value": 2036
                    }
                  ]
                }
              ]
            },
            {
              "SampleMetaData": {
                "SampleNumber": "3",
                "ReportID": ""
              },
              "Depths": [
                {
                  "DepthID": "2",
                  "NutrientResults": [
                    {
                      "Element": "pH",
                      "ValueUnit": "none",
                      "Value": 5.6
                    },
                    {
                      "ValueUnit": "mmho/cm",
                      "Value": 0.07
                    },
                    {
                      "Element": "OM (LOI)",
                      "ValueUnit": "%",
                      "Value": 3
                    },
                    {
                      "Element": "NO3-N",
                      "ValueUnit": "ppm",
                      "Value": 0.4
                    },
                    {
                      "Element": "P",
                      "ValueUnit": "ppm",
                      "Value": 12.8
                    },
                    {
                      "Element": "K",
                      "ValueUnit": "ppm",
                      "Value": 200
                    },
                    {
                      "Element": "SO4-S",
                      "ValueUnit": "ppm",
                      "Value": 9.6
                    },
                    {
                      "Element": "Ca",
                      "ValueUnit": "ppm",
                      "Value": 958
                    },
                    {
                      "Element": "Mg",
                      "ValueUnit": "ppm",
                      "Value": 799
                    },
                    {
                      "Element": "Na",
                      "ValueUnit": "ppm",
                      "Value": 154
                    },
                    {
                      "Element": "CEC",
                      "ValueUnit": "Sum of Cations me/100g",
                      "Value": 21.4
                    },
                    {
                      "Element": "BS-H",
                      "ValueUnit": "%",
                      "Value": 41
                    },
                    {
                      "Element": "BS-K",
                      "ValueUnit": "%",
                      "Value": 2
                    },
                    {
                      "Element": "BS-Ca",
                      "ValueUnit": "%",
                      "Value": 22
                    },
                    {
                      "Element": "BS-Mg",
                      "ValueUnit": "%",
                      "Value": 31
                    },
                    {
                      "Element": "BS-Na",
                      "ValueUnit": "%",
                      "Value": 3
                    },
                    {
                      "Element": "TN",
                      "ValueUnit": "ppm",
                      "Value": 1607
                    }
                  ]
                }
              ]
            },
            {
              "SampleMetaData": {
                "SampleNumber": "4",
                "ReportID": ""
              },
              "Depths": [
                {
                  "DepthID": "1",
                  "NutrientResults": [
                    {
                      "Element": "pH",
                      "ValueUnit": "none",
                      "Value": 5.7
                    },
                    {
                      "ValueUnit": "mmho/cm",
                      "Value": 0.09
                    },
                    {
                      "Element": "OM (LOI)",
                      "ValueUnit": "%",
                      "Value": 5.8
                    },
                    {
                      "Element": "NO3-N",
                      "ValueUnit": "ppm",
                      "Value": 0.8
                    },
                    {
                      "Element": "P",
                      "ValueUnit": "ppm",
                      "Value": 6.3
                    },
                    {
                      "Element": "K",
                      "ValueUnit": "ppm",
                      "Value": 297
                    },
                    {
                      "Element": "SO4-S",
                      "ValueUnit": "ppm",
                      "Value": 8.2
                    },
                    {
                      "Element": "Ca",
                      "ValueUnit": "ppm",
                      "Value": 1702
                    },
                    {
                      "Element": "Mg",
                      "ValueUnit": "ppm",
                      "Value": 1410
                    },
                    {
                      "Element": "Na",
                      "ValueUnit": "ppm",
                      "Value": 102
                    },
                    {
                      "Element": "CEC",
                      "ValueUnit": "Sum of Cations me/100g",
                      "Value": 30.1
                    },
                    {
                      "Element": "BS-H",
                      "ValueUnit": "%",
                      "Value": 29
                    },
                    {
                      "Element": "BS-K",
                      "ValueUnit": "%",
                      "Value": 3
                    },
                    {
                      "Element": "BS-Ca",
                      "ValueUnit": "%",
                      "Value": 28
                    },
                    {
                      "Element": "BS-Mg",
                      "ValueUnit": "%",
                      "Value": 39
                    },
                    {
                      "Element": "BS-Na",
                      "ValueUnit": "%",
                      "Value": 1
                    },
                    {
                      "Element": "TN",
                      "ValueUnit": "ppm",
                      "Value": 2364
                    }
                  ]
                }
              ]
            },
            {
              "SampleMetaData": {
                "SampleNumber": "5",
                "ReportID": ""
              },
              "Depths": [
                {
                  "DepthID": "2",
                  "NutrientResults": [
                    {
                      "Element": "pH",
                      "ValueUnit": "none",
                      "Value": 5.3
                    },
                    {
                      "ValueUnit": "mmho/cm",
                      "Value": 0.12
                    },
                    {
                      "Element": "OM (LOI)",
                      "ValueUnit": "%",
                      "Value": 3.8
                    },
                    {
                      "Element": "NO3-N",
                      "ValueUnit": "ppm",
                      "Value": 0.6
                    },
                    {
                      "Element": "P",
                      "ValueUnit": "ppm",
                      "Value": 8.4
                    },
                    {
                      "Element": "K",
                      "ValueUnit": "ppm",
                      "Value": 209
                    },
                    {
                      "Element": "SO4-S",
                      "ValueUnit": "ppm",
                      "Value": 6.8
                    },
                    {
                      "Element": "Ca",
                      "ValueUnit": "ppm",
                      "Value": 1680
                    },
                    {
                      "Element": "Mg",
                      "ValueUnit": "ppm",
                      "Value": 1606
                    },
                    {
                      "Element": "Na",
                      "ValueUnit": "ppm",
                      "Value": 144
                    },
                    {
                      "Element": "CEC",
                      "ValueUnit": "Sum of Cations me/100g",
                      "Value": 33.1
                    },
                    {
                      "Element": "BS-H",
                      "ValueUnit": "%",
                      "Value": 31
                    },
                    {
                      "Element": "BS-K",
                      "ValueUnit": "%",
                      "Value": 2
                    },
                    {
                      "Element": "BS-Ca",
                      "ValueUnit": "%",
                      "Value": 25
                    },
                    {
                      "Element": "BS-Mg",
                      "ValueUnit": "%",
                      "Value": 40
                    },
                    {
                      "Element": "BS-Na",
                      "ValueUnit": "%",
                      "Value": 2
                    },
                    {
                      "Element": "TN",
                      "ValueUnit": "ppm",
                      "Value": 1763
                    }
                  ]
                }
              ]
            },
            {
              "SampleMetaData": {
                "SampleNumber": "6",
                "ReportID": ""
              },
              "Depths": [
                {
                  "DepthID": "1",
                  "NutrientResults": [
                    {
                      "Element": "pH",
                      "ValueUnit": "none",
                      "Value": 6.1
                    },
                    {
                      "ValueUnit": "mmho/cm",
                      "Value": 0.06
                    },
                    {
                      "Element": "OM (LOI)",
                      "ValueUnit": "%",
                      "Value": 5.8
                    },
                    {
                      "Element": "NO3-N",
                      "ValueUnit": "ppm",
                      "Value": 0.4
                    },
                    {
                      "Element": "P",
                      "ValueUnit": "ppm",
                      "Value": 6.9
                    },
                    {
                      "Element": "K",
                      "ValueUnit": "ppm",
                      "Value": 193
                    },
                    {
                      "Element": "SO4-S",
                      "ValueUnit": "ppm",
                      "Value": 7.6
                    },
                    {
                      "Element": "Ca",
                      "ValueUnit": "ppm",
                      "Value": 1570
                    },
                    {
                      "Element": "Mg",
                      "ValueUnit": "ppm",
                      "Value": 820
                    },
                    {
                      "Element": "Na",
                      "ValueUnit": "ppm",
                      "Value": 90
                    },
                    {
                      "Element": "CEC",
                      "ValueUnit": "Sum of Cations me/100g",
                      "Value": 21.8
                    },
                    {
                      "Element": "BS-H",
                      "ValueUnit": "%",
                      "Value": 28
                    },
                    {
                      "Element": "BS-K",
                      "ValueUnit": "%",
                      "Value": 2
                    },
                    {
                      "Element": "BS-Ca",
                      "ValueUnit": "%",
                      "Value": 36
                    },
                    {
                      "Element": "BS-Mg",
                      "ValueUnit": "%",
                      "Value": 31
                    },
                    {
                      "Element": "BS-Na",
                      "ValueUnit": "%",
                      "Value": 2
                    },
                    {
                      "Element": "TN",
                      "ValueUnit": "ppm",
                      "Value": 2559
                    }
                  ]
                }
              ]
            },
            {
              "SampleMetaData": {
                "SampleNumber": "7",
                "ReportID": ""
              },
              "Depths": [
                {
                  "DepthID": "2",
                  "NutrientResults": [
                    {
                      "Element": "pH",
                      "ValueUnit": "none",
                      "Value": 5.8
                    },
                    {
                      "ValueUnit": "mmho/cm",
                      "Value": 0.06
                    },
                    {
                      "Element": "OM (LOI)",
                      "ValueUnit": "%",
                      "Value": 4.5
                    },
                    {
                      "Element": "NO3-N",
                      "ValueUnit": "ppm",
                      "Value": 0.4
                    },
                    {
                      "Element": "P",
                      "ValueUnit": "ppm",
                      "Value": 4.8
                    },
                    {
                      "Element": "K",
                      "ValueUnit": "ppm",
                      "Value": 161
                    },
                    {
                      "Element": "SO4-S",
                      "ValueUnit": "ppm",
                      "Value": 5.5
                    },
                    {
                      "Element": "Ca",
                      "ValueUnit": "ppm",
                      "Value": 1667
                    },
                    {
                      "Element": "Mg",
                      "ValueUnit": "ppm",
                      "Value": 938
                    },
                    {
                      "Element": "Na",
                      "ValueUnit": "ppm",
                      "Value": 122
                    },
                    {
                      "Element": "CEC",
                      "ValueUnit": "Sum of Cations me/100g",
                      "Value": 24.5
                    },
                    {
                      "Element": "BS-H",
                      "ValueUnit": "%",
                      "Value": 30
                    },
                    {
                      "Element": "BS-K",
                      "ValueUnit": "%",
                      "Value": 2
                    },
                    {
                      "Element": "BS-Ca",
                      "ValueUnit": "%",
                      "Value": 34
                    },
                    {
                      "Element": "BS-Mg",
                      "ValueUnit": "%",
                      "Value": 32
                    },
                    {
                      "Element": "BS-Na",
                      "ValueUnit": "%",
                      "Value": 2
                    },
                    {
                      "Element": "TN",
                      "ValueUnit": "ppm",
                      "Value": 2165
                    }
                  ]
                }
              ]
            },
            {
              "SampleMetaData": {
                "SampleNumber": "8",
                "ReportID": ""
              },
              "Depths": [
                {
                  "DepthID": "1",
                  "NutrientResults": [
                    {
                      "Element": "pH",
                      "ValueUnit": "none",
                      "Value": 6.2
                    },
                    {
                      "ValueUnit": "mmho/cm",
                      "Value": 0.11
                    },
                    {
                      "Element": "OM (LOI)",
                      "ValueUnit": "%",
                      "Value": 6.9
                    },
                    {
                      "Element": "NO3-N",
                      "ValueUnit": "ppm",
                      "Value": 0.5
                    },
                    {
                      "Element": "P",
                      "ValueUnit": "ppm",
                      "Value": 13.4
                    },
                    {
                      "Element": "K",
                      "ValueUnit": "ppm",
                      "Value": 246
                    },
                    {
                      "Element": "SO4-S",
                      "ValueUnit": "ppm",
                      "Value": 9.7
                    },
                    {
                      "Element": "Ca",
                      "ValueUnit": "ppm",
                      "Value": 2383
                    },
                    {
                      "Element": "Mg",
                      "ValueUnit": "ppm",
                      "Value": 981
                    },
                    {
                      "Element": "Na",
                      "ValueUnit": "ppm",
                      "Value": 83
                    },
                    {
                      "Element": "CEC",
                      "ValueUnit": "Sum of Cations me/100g",
                      "Value": 26.1
                    },
                    {
                      "Element": "BS-H",
                      "ValueUnit": "%",
                      "Value": 19
                    },
                    {
                      "Element": "BS-K",
                      "ValueUnit": "%",
                      "Value": 2
                    },
                    {
                      "Element": "BS-Ca",
                      "ValueUnit": "%",
                      "Value": 46
                    },
                    {
                      "Element": "BS-Mg",
                      "ValueUnit": "%",
                      "Value": 31
                    },
                    {
                      "Element": "BS-Na",
                      "ValueUnit": "%",
                      "Value": 1
                    },
                    {
                      "Element": "TN",
                      "ValueUnit": "ppm",
                      "Value": 3054
                    }
                  ]
                }
              ]
            },
            {
              "SampleMetaData": {
                "SampleNumber": "9",
                "ReportID": ""
              },
              "Depths": [
                {
                  "DepthID": "2",
                  "NutrientResults": [
                    {
                      "Element": "pH",
                      "ValueUnit": "none",
                      "Value": 5.8
                    },
                    {
                      "ValueUnit": "mmho/cm",
                      "Value": 0.17
                    },
                    {
                      "Element": "OM (LOI)",
                      "ValueUnit": "%",
                      "Value": 4.9
                    },
                    {
                      "Element": "NO3-N",
                      "ValueUnit": "ppm",
                      "Value": 3.1
                    },
                    {
                      "Element": "P",
                      "ValueUnit": "ppm",
                      "Value": 6.4
                    },
                    {
                      "Element": "K",
                      "ValueUnit": "ppm",
                      "Value": 187
                    },
                    {
                      "Element": "SO4-S",
                      "ValueUnit": "ppm",
                      "Value": 7.6
                    },
                    {
                      "Element": "Ca",
                      "ValueUnit": "ppm",
                      "Value": 2393
                    },
                    {
                      "Element": "Mg",
                      "ValueUnit": "ppm",
                      "Value": 1207
                    },
                    {
                      "Element": "Na",
                      "ValueUnit": "ppm",
                      "Value": 140
                    },
                    {
                      "Element": "CEC",
                      "ValueUnit": "Sum of Cations me/100g",
                      "Value": 30.7
                    },
                    {
                      "Element": "BS-H",
                      "ValueUnit": "%",
                      "Value": 25
                    },
                    {
                      "Element": "BS-K",
                      "ValueUnit": "%",
                      "Value": 2
                    },
                    {
                      "Element": "BS-Ca",
                      "ValueUnit": "%",
                      "Value": 38
                    },
                    {
                      "Element": "BS-Mg",
                      "ValueUnit": "%",
                      "Value": 33
                    },
                    {
                      "Element": "BS-Na",
                      "ValueUnit": "%",
                      "Value": 2
                    },
                    {
                      "Element": "TN",
                      "ValueUnit": "ppm",
                      "Value": 2328
                    }
                  ]
                }
              ]
            },
            {
              "SampleMetaData": {
                "SampleNumber": "10",
                "ReportID": ""
              },
              "Depths": [
                {
                  "DepthID": "1",
                  "NutrientResults": [
                    {
                      "Element": "pH",
                      "ValueUnit": "none",
                      "Value": 5.9
                    },
                    {
                      "ValueUnit": "mmho/cm",
                      "Value": 0.14
                    },
                    {
                      "Element": "OM (LOI)",
                      "ValueUnit": "%",
                      "Value": 6.5
                    },
                    {
                      "Element": "NO3-N",
                      "ValueUnit": "ppm",
                      "Value": 1.1
                    },
                    {
                      "Element": "P",
                      "ValueUnit": "ppm",
                      "Value": 7.8
                    },
                    {
                      "Element": "K",
                      "ValueUnit": "ppm",
                      "Value": 183
                    },
                    {
                      "Element": "SO4-S",
                      "ValueUnit": "ppm",
                      "Value": 7.7
                    },
                    {
                      "Element": "Ca",
                      "ValueUnit": "ppm",
                      "Value": 1583
                    },
                    {
                      "Element": "Mg",
                      "ValueUnit": "ppm",
                      "Value": 586
                    },
                    {
                      "Element": "Na",
                      "ValueUnit": "ppm",
                      "Value": 79
                    },
                    {
                      "Element": "CEC",
                      "ValueUnit": "Sum of Cations me/100g",
                      "Value": 21.1
                    },
                    {
                      "Element": "BS-H",
                      "ValueUnit": "%",
                      "Value": 36
                    },
                    {
                      "Element": "BS-K",
                      "ValueUnit": "%",
                      "Value": 2
                    },
                    {
                      "Element": "BS-Ca",
                      "ValueUnit": "%",
                      "Value": 37
                    },
                    {
                      "Element": "BS-Mg",
                      "ValueUnit": "%",
                      "Value": 23
                    },
                    {
                      "Element": "BS-Na",
                      "ValueUnit": "%",
                      "Value": 2
                    },
                    {
                      "Element": "TN",
                      "ValueUnit": "ppm",
                      "Value": 3112
                    }
                  ]
                }
              ]
            },
            {
              "SampleMetaData": {
                "SampleNumber": "11",
                "ReportID": ""
              },
              "Depths": [
                {
                  "DepthID": "2",
                  "NutrientResults": [
                    {
                      "Element": "pH",
                      "ValueUnit": "none",
                      "Value": 5.9
                    },
                    {
                      "ValueUnit": "mmho/cm",
                      "Value": 0.1
                    },
                    {
                      "Element": "OM (LOI)",
                      "ValueUnit": "%",
                      "Value": 4.3
                    },
                    {
                      "Element": "NO3-N",
                      "ValueUnit": "ppm",
                      "Value": 1.2
                    },
                    {
                      "Element": "P",
                      "ValueUnit": "ppm",
                      "Value": 5.9
                    },
                    {
                      "Element": "K",
                      "ValueUnit": "ppm",
                      "Value": 159
                    },
                    {
                      "Element": "SO4-S",
                      "ValueUnit": "ppm",
                      "Value": 5.8
                    },
                    {
                      "Element": "Ca",
                      "ValueUnit": "ppm",
                      "Value": 1802
                    },
                    {
                      "Element": "Mg",
                      "ValueUnit": "ppm",
                      "Value": 667
                    },
                    {
                      "Element": "Na",
                      "ValueUnit": "ppm",
                      "Value": 96
                    },
                    {
                      "Element": "CEC",
                      "ValueUnit": "Sum of Cations me/100g",
                      "Value": 21.2
                    },
                    {
                      "Element": "BS-H",
                      "ValueUnit": "%",
                      "Value": 27
                    },
                    {
                      "Element": "BS-K",
                      "ValueUnit": "%",
                      "Value": 2
                    },
                    {
                      "Element": "BS-Ca",
                      "ValueUnit": "%",
                      "Value": 43
                    },
                    {
                      "Element": "BS-Mg",
                      "ValueUnit": "%",
                      "Value": 26
                    },
                    {
                      "Element": "BS-Na",
                      "ValueUnit": "%",
                      "Value": 2
                    },
                    {
                      "Element": "TN",
                      "ValueUnit": "ppm",
                      "Value": 2602
                    }
                  ]
                }
              ]
            },
            {
              "SampleMetaData": {
                "SampleNumber": "12",
                "ReportID": ""
              },
              "Depths": [
                {
                  "DepthID": "1",
                  "NutrientResults": [
                    {
                      "Element": "pH",
                      "ValueUnit": "none",
                      "Value": 6.3
                    },
                    {
                      "ValueUnit": "mmho/cm",
                      "Value": 0.15
                    },
                    {
                      "Element": "OM (LOI)",
                      "ValueUnit": "%",
                      "Value": 8
                    },
                    {
                      "Element": "NO3-N",
                      "ValueUnit": "ppm",
                      "Value": 0.6
                    },
                    {
                      "Element": "P",
                      "ValueUnit": "ppm",
                      "Value": 14.1
                    },
                    {
                      "Element": "K",
                      "ValueUnit": "ppm",
                      "Value": 274
                    },
                    {
                      "Element": "SO4-S",
                      "ValueUnit": "ppm",
                      "Value": 6
                    },
                    {
                      "Element": "Ca",
                      "ValueUnit": "ppm",
                      "Value": 2829
                    },
                    {
                      "Element": "Mg",
                      "ValueUnit": "ppm",
                      "Value": 774
                    },
                    {
                      "Element": "Na",
                      "ValueUnit": "ppm",
                      "Value": 50
                    },
                    {
                      "Element": "CEC",
                      "ValueUnit": "Sum of Cations me/100g",
                      "Value": 26.8
                    },
                    {
                      "Element": "BS-H",
                      "ValueUnit": "%",
                      "Value": 20
                    },
                    {
                      "Element": "BS-K",
                      "ValueUnit": "%",
                      "Value": 3
                    },
                    {
                      "Element": "BS-Ca",
                      "ValueUnit": "%",
                      "Value": 52
                    },
                    {
                      "Element": "BS-Mg",
                      "ValueUnit": "%",
                      "Value": 24
                    },
                    {
                      "Element": "BS-Na",
                      "ValueUnit": "%",
                      "Value": 1
                    },
                    {
                      "Element": "TN",
                      "ValueUnit": "ppm",
                      "Value": 3298
                    }
                  ]
                }
              ]
            },
            {
              "SampleMetaData": {
                "SampleNumber": "13",
                "ReportID": ""
              },
              "Depths": [
                {
                  "DepthID": "2",
                  "NutrientResults": [
                    {
                      "Element": "pH",
                      "ValueUnit": "none",
                      "Value": 6.2
                    },
                    {
                      "ValueUnit": "mmho/cm",
                      "Value": 0.12
                    },
                    {
                      "Element": "OM (LOI)",
                      "ValueUnit": "%",
                      "Value": 5.7
                    },
                    {
                      "Element": "NO3-N",
                      "ValueUnit": "ppm",
                      "Value": 1
                    },
                    {
                      "Element": "P",
                      "ValueUnit": "ppm",
                      "Value": 10.3
                    },
                    {
                      "Element": "K",
                      "ValueUnit": "ppm",
                      "Value": 204
                    },
                    {
                      "Element": "SO4-S",
                      "ValueUnit": "ppm",
                      "Value": 5.4
                    },
                    {
                      "Element": "Ca",
                      "ValueUnit": "ppm",
                      "Value": 2835
                    },
                    {
                      "Element": "Mg",
                      "ValueUnit": "ppm",
                      "Value": 858
                    },
                    {
                      "Element": "Na",
                      "ValueUnit": "ppm",
                      "Value": 65
                    },
                    {
                      "Element": "CEC",
                      "ValueUnit": "Sum of Cations me/100g",
                      "Value": 27
                    },
                    {
                      "Element": "BS-H",
                      "ValueUnit": "%",
                      "Value": 18
                    },
                    {
                      "Element": "BS-K",
                      "ValueUnit": "%",
                      "Value": 2
                    },
                    {
                      "Element": "BS-Ca",
                      "ValueUnit": "%",
                      "Value": 52
                    },
                    {
                      "Element": "BS-Mg",
                      "ValueUnit": "%",
                      "Value": 26
                    },
                    {
                      "Element": "BS-Na",
                      "ValueUnit": "%",
                      "Value": 1
                    },
                    {
                      "Element": "TN",
                      "ValueUnit": "ppm",
                      "Value": 2824
                    }
                  ]
                }
              ]
            },
            {
              "SampleMetaData": {
                "SampleNumber": "14",
                "ReportID": ""
              },
              "Depths": [
                {
                  "DepthID": "1",
                  "NutrientResults": [
                    {
                      "Element": "pH",
                      "ValueUnit": "none",
                      "Value": 6.2
                    },
                    {
                      "ValueUnit": "mmho/cm",
                      "Value": 0.15
                    },
                    {
                      "Element": "OM (LOI)",
                      "ValueUnit": "%",
                      "Value": 6.1
                    },
                    {
                      "Element": "NO3-N",
                      "ValueUnit": "ppm",
                      "Value": 0.6
                    },
                    {
                      "Element": "P",
                      "ValueUnit": "ppm",
                      "Value": 9.4
                    },
                    {
                      "Element": "K",
                      "ValueUnit": "ppm",
                      "Value": 259
                    },
                    {
                      "Element": "SO4-S",
                      "ValueUnit": "ppm",
                      "Value": 7.9
                    },
                    {
                      "Element": "Ca",
                      "ValueUnit": "ppm",
                      "Value": 1883
                    },
                    {
                      "Element": "Mg",
                      "ValueUnit": "ppm",
                      "Value": 629
                    },
                    {
                      "Element": "Na",
                      "ValueUnit": "ppm",
                      "Value": 49
                    },
                    {
                      "Element": "CEC",
                      "ValueUnit": "Sum of Cations me/100g",
                      "Value": 19.3
                    },
                    {
                      "Element": "BS-H",
                      "ValueUnit": "%",
                      "Value": 20
                    },
                    {
                      "Element": "BS-K",
                      "ValueUnit": "%",
                      "Value": 3
                    },
                    {
                      "Element": "BS-Ca",
                      "ValueUnit": "%",
                      "Value": 49
                    },
                    {
                      "Element": "BS-Mg",
                      "ValueUnit": "%",
                      "Value": 27
                    },
                    {
                      "Element": "BS-Na",
                      "ValueUnit": "%",
                      "Value": 1
                    },
                    {
                      "Element": "TN",
                      "ValueUnit": "ppm",
                      "Value": 2793
                    }
                  ]
                }
              ]
            },
            {
              "SampleMetaData": {
                "SampleNumber": "15",
                "ReportID": ""
              },
              "Depths": [
                {
                  "DepthID": "2",
                  "NutrientResults": [
                    {
                      "Element": "pH",
                      "ValueUnit": "none",
                      "Value": 6.2
                    },
                    {
                      "ValueUnit": "mmho/cm",
                      "Value": 0.12
                    },
                    {
                      "Element": "OM (LOI)",
                      "ValueUnit": "%",
                      "Value": 4.5
                    },
                    {
                      "Element": "NO3-N",
                      "ValueUnit": "ppm",
                      "Value": 0.8
                    },
                    {
                      "Element": "P",
                      "ValueUnit": "ppm",
                      "Value": 5.2
                    },
                    {
                      "Element": "K",
                      "ValueUnit": "ppm",
                      "Value": 216
                    },
                    {
                      "Element": "SO4-S",
                      "ValueUnit": "ppm",
                      "Value": 6.4
                    },
                    {
                      "Element": "Ca",
                      "ValueUnit": "ppm",
                      "Value": 2123
                    },
                    {
                      "Element": "Mg",
                      "ValueUnit": "ppm",
                      "Value": 749
                    },
                    {
                      "Element": "Na",
                      "ValueUnit": "ppm",
                      "Value": 59
                    },
                    {
                      "Element": "CEC",
                      "ValueUnit": "Sum of Cations me/100g",
                      "Value": 21.1
                    },
                    {
                      "Element": "BS-H",
                      "ValueUnit": "%",
                      "Value": 16
                    },
                    {
                      "Element": "BS-K",
                      "ValueUnit": "%",
                      "Value": 3
                    },
                    {
                      "Element": "BS-Ca",
                      "ValueUnit": "%",
                      "Value": 50
                    },
                    {
                      "Element": "BS-Mg",
                      "ValueUnit": "%",
                      "Value": 30
                    },
                    {
                      "Element": "BS-Na",
                      "ValueUnit": "%",
                      "Value": 1
                    },
                    {
                      "Element": "TN",
                      "ValueUnit": "ppm",
                      "Value": 2400
                    }
                  ]
                }
              ]
            },
            {
              "SampleMetaData": {
                "SampleNumber": "16",
                "ReportID": ""
              },
              "Depths": [
                {
                  "DepthID": "1",
                  "NutrientResults": [
                    {
                      "Element": "pH",
                      "ValueUnit": "none",
                      "Value": 6.3
                    },
                    {
                      "ValueUnit": "mmho/cm",
                      "Value": 0.16
                    },
                    {
                      "Element": "OM (LOI)",
                      "ValueUnit": "%",
                      "Value": 6.6
                    },
                    {
                      "Element": "NO3-N",
                      "ValueUnit": "ppm",
                      "Value": 0.5
                    },
                    {
                      "Element": "P",
                      "ValueUnit": "ppm",
                      "Value": 13.4
                    },
                    {
                      "Element": "K",
                      "ValueUnit": "ppm",
                      "Value": 189
                    },
                    {
                      "Element": "SO4-S",
                      "ValueUnit": "ppm",
                      "Value": 8.2
                    },
                    {
                      "Element": "Ca",
                      "ValueUnit": "ppm",
                      "Value": 2705
                    },
                    {
                      "Element": "Mg",
                      "ValueUnit": "ppm",
                      "Value": 975
                    },
                    {
                      "Element": "Na",
                      "ValueUnit": "ppm",
                      "Value": 109
                    },
                    {
                      "Element": "CEC",
                      "ValueUnit": "Sum of Cations me/100g",
                      "Value": 27.6
                    },
                    {
                      "Element": "BS-H",
                      "ValueUnit": "%",
                      "Value": 18
                    },
                    {
                      "Element": "BS-K",
                      "ValueUnit": "%",
                      "Value": 2
                    },
                    {
                      "Element": "BS-Ca",
                      "ValueUnit": "%",
                      "Value": 49
                    },
                    {
                      "Element": "BS-Mg",
                      "ValueUnit": "%",
                      "Value": 29
                    },
                    {
                      "Element": "BS-Na",
                      "ValueUnit": "%",
                      "Value": 2
                    },
                    {
                      "Element": "TN",
                      "ValueUnit": "ppm",
                      "Value": 3007
                    }
                  ]
                }
              ]
            },
            {
              "SampleMetaData": {
                "SampleNumber": "17",
                "ReportID": ""
              },
              "Depths": [
                {
                  "DepthID": "2",
                  "NutrientResults": [
                    {
                      "Element": "pH",
                      "ValueUnit": "none",
                      "Value": 6.2
                    },
                    {
                      "ValueUnit": "mmho/cm",
                      "Value": 0.15
                    },
                    {
                      "Element": "OM (LOI)",
                      "ValueUnit": "%",
                      "Value": 5.1
                    },
                    {
                      "Element": "NO3-N",
                      "ValueUnit": "ppm",
                      "Value": 0.5
                    },
                    {
                      "Element": "P",
                      "ValueUnit": "ppm",
                      "Value": 4.7
                    },
                    {
                      "Element": "K",
                      "ValueUnit": "ppm",
                      "Value": 145
                    },
                    {
                      "Element": "SO4-S",
                      "ValueUnit": "ppm",
                      "Value": 5.9
                    },
                    {
                      "Element": "Ca",
                      "ValueUnit": "ppm",
                      "Value": 3250
                    },
                    {
                      "Element": "Mg",
                      "ValueUnit": "ppm",
                      "Value": 1224
                    },
                    {
                      "Element": "Na",
                      "ValueUnit": "ppm",
                      "Value": 162
                    },
                    {
                      "Element": "CEC",
                      "ValueUnit": "Sum of Cations me/100g",
                      "Value": 32.4
                    },
                    {
                      "Element": "BS-H",
                      "ValueUnit": "%",
                      "Value": 15
                    },
                    {
                      "Element": "BS-K",
                      "ValueUnit": "%",
                      "Value": 1
                    },
                    {
                      "Element": "BS-Ca",
                      "ValueUnit": "%",
                      "Value": 50
                    },
                    {
                      "Element": "BS-Mg",
                      "ValueUnit": "%",
                      "Value": 31
                    },
                    {
                      "Element": "BS-Na",
                      "ValueUnit": "%",
                      "Value": 2
                    },
                    {
                      "Element": "TN",
                      "ValueUnit": "ppm",
                      "Value": 2652
                    }
                  ]
                }
              ]
            },
            {
              "SampleMetaData": {
                "SampleNumber": "18",
                "ReportID": ""
              },
              "Depths": [
                {
                  "DepthID": "1",
                  "NutrientResults": [
                    {
                      "Element": "pH",
                      "ValueUnit": "none",
                      "Value": 6.2
                    },
                    {
                      "ValueUnit": "mmho/cm",
                      "Value": 0.16
                    },
                    {
                      "Element": "OM (LOI)",
                      "ValueUnit": "%",
                      "Value": 6.6
                    },
                    {
                      "Element": "NO3-N",
                      "ValueUnit": "ppm",
                      "Value": 2.2
                    },
                    {
                      "Element": "P",
                      "ValueUnit": "ppm",
                      "Value": 12.9
                    },
                    {
                      "Element": "K",
                      "ValueUnit": "ppm",
                      "Value": 175
                    },
                    {
                      "Element": "SO4-S",
                      "ValueUnit": "ppm",
                      "Value": 7.9
                    },
                    {
                      "Element": "Ca",
                      "ValueUnit": "ppm",
                      "Value": 2275
                    },
                    {
                      "Element": "Mg",
                      "ValueUnit": "ppm",
                      "Value": 766
                    },
                    {
                      "Element": "Na",
                      "ValueUnit": "ppm",
                      "Value": 74
                    },
                    {
                      "Element": "CEC",
                      "ValueUnit": "Sum of Cations me/100g",
                      "Value": 23.7
                    },
                    {
                      "Element": "BS-H",
                      "ValueUnit": "%",
                      "Value": 22
                    },
                    {
                      "Element": "BS-K",
                      "ValueUnit": "%",
                      "Value": 2
                    },
                    {
                      "Element": "BS-Ca",
                      "ValueUnit": "%",
                      "Value": 48
                    },
                    {
                      "Element": "BS-Mg",
                      "ValueUnit": "%",
                      "Value": 27
                    },
                    {
                      "Element": "BS-Na",
                      "ValueUnit": "%",
                      "Value": 1
                    },
                    {
                      "Element": "TN",
                      "ValueUnit": "ppm",
                      "Value": 3168
                    }
                  ]
                }
              ]
            },
            {
              "SampleMetaData": {
                "SampleNumber": "19",
                "ReportID": ""
              },
              "Depths": [
                {
                  "DepthID": "2",
                  "NutrientResults": [
                    {
                      "Element": "pH",
                      "ValueUnit": "none",
                      "Value": 6
                    },
                    {
                      "ValueUnit": "mmho/cm",
                      "Value": 0.18
                    },
                    {
                      "Element": "OM (LOI)",
                      "ValueUnit": "%",
                      "Value": 4.8
                    },
                    {
                      "Element": "NO3-N",
                      "ValueUnit": "ppm",
                      "Value": 2.1
                    },
                    {
                      "Element": "P",
                      "ValueUnit": "ppm",
                      "Value": 12.5
                    },
                    {
                      "Element": "K",
                      "ValueUnit": "ppm",
                      "Value": 132
                    },
                    {
                      "Element": "SO4-S",
                      "ValueUnit": "ppm",
                      "Value": 6.1
                    },
                    {
                      "Element": "Ca",
                      "ValueUnit": "ppm",
                      "Value": 2462
                    },
                    {
                      "Element": "Mg",
                      "ValueUnit": "ppm",
                      "Value": 1009
                    },
                    {
                      "Element": "Na",
                      "ValueUnit": "ppm",
                      "Value": 111
                    },
                    {
                      "Element": "CEC",
                      "ValueUnit": "Sum of Cations me/100g",
                      "Value": 27.6
                    },
                    {
                      "Element": "BS-H",
                      "ValueUnit": "%",
                      "Value": 22
                    },
                    {
                      "Element": "BS-K",
                      "ValueUnit": "%",
                      "Value": 1
                    },
                    {
                      "Element": "BS-Ca",
                      "ValueUnit": "%",
                      "Value": 45
                    },
                    {
                      "Element": "BS-Mg",
                      "ValueUnit": "%",
                      "Value": 30
                    },
                    {
                      "Element": "BS-Na",
                      "ValueUnit": "%",
                      "Value": 2
                    },
                    {
                      "Element": "TN",
                      "ValueUnit": "ppm",
                      "Value": 2654
                    }
                  ]
                }
              ]
            },
            {
              "SampleMetaData": {
                "SampleNumber": "20",
                "ReportID": ""
              },
              "Depths": [
                {
                  "DepthID": "1",
                  "NutrientResults": [
                    {
                      "Element": "pH",
                      "ValueUnit": "none",
                      "Value": 6.1
                    },
                    {
                      "ValueUnit": "mmho/cm",
                      "Value": 0.17
                    },
                    {
                      "Element": "OM (LOI)",
                      "ValueUnit": "%",
                      "Value": 5.8
                    },
                    {
                      "Element": "NO3-N",
                      "ValueUnit": "ppm",
                      "Value": 0.8
                    },
                    {
                      "Element": "P",
                      "ValueUnit": "ppm",
                      "Value": 12.9
                    },
                    {
                      "Element": "K",
                      "ValueUnit": "ppm",
                      "Value": 293
                    },
                    {
                      "Element": "SO4-S",
                      "ValueUnit": "ppm",
                      "Value": 7.4
                    },
                    {
                      "Element": "Ca",
                      "ValueUnit": "ppm",
                      "Value": 2059
                    },
                    {
                      "Element": "Mg",
                      "ValueUnit": "ppm",
                      "Value": 725
                    },
                    {
                      "Element": "Na",
                      "ValueUnit": "ppm",
                      "Value": 38
                    },
                    {
                      "Element": "CEC",
                      "ValueUnit": "Sum of Cations me/100g",
                      "Value": 23.5
                    },
                    {
                      "Element": "BS-H",
                      "ValueUnit": "%",
                      "Value": 26
                    },
                    {
                      "Element": "BS-K",
                      "ValueUnit": "%",
                      "Value": 3
                    },
                    {
                      "Element": "BS-Ca",
                      "ValueUnit": "%",
                      "Value": 44
                    },
                    {
                      "Element": "BS-Mg",
                      "ValueUnit": "%",
                      "Value": 26
                    },
                    {
                      "Element": "BS-Na",
                      "ValueUnit": "%",
                      "Value": 1
                    },
                    {
                      "Element": "TN",
                      "ValueUnit": "ppm",
                      "Value": 2874
                    }
                  ]
                }
              ]
            },
            {
              "SampleMetaData": {
                "SampleNumber": "21",
                "ReportID": ""
              },
              "Depths": [
                {
                  "DepthID": "2",
                  "NutrientResults": [
                    {
                      "Element": "pH",
                      "ValueUnit": "none",
                      "Value": 5.8
                    },
                    {
                      "ValueUnit": "mmho/cm",
                      "Value": 0.14
                    },
                    {
                      "Element": "OM (LOI)",
                      "ValueUnit": "%",
                      "Value": 4.6
                    },
                    {
                      "Element": "NO3-N",
                      "ValueUnit": "ppm",
                      "Value": 1.4
                    },
                    {
                      "Element": "P",
                      "ValueUnit": "ppm",
                      "Value": 7.4
                    },
                    {
                      "Element": "K",
                      "ValueUnit": "ppm",
                      "Value": 206
                    },
                    {
                      "Element": "SO4-S",
                      "ValueUnit": "ppm",
                      "Value": 7.2
                    },
                    {
                      "Element": "Ca",
                      "ValueUnit": "ppm",
                      "Value": 2437
                    },
                    {
                      "Element": "Mg",
                      "ValueUnit": "ppm",
                      "Value": 748
                    },
                    {
                      "Element": "Na",
                      "ValueUnit": "ppm",
                      "Value": 42
                    },
                    {
                      "Element": "CEC",
                      "ValueUnit": "Sum of Cations me/100g",
                      "Value": 25.7
                    },
                    {
                      "Element": "BS-H",
                      "ValueUnit": "%",
                      "Value": 26
                    },
                    {
                      "Element": "BS-K",
                      "ValueUnit": "%",
                      "Value": 2
                    },
                    {
                      "Element": "BS-Ca",
                      "ValueUnit": "%",
                      "Value": 47
                    },
                    {
                      "Element": "BS-Mg",
                      "ValueUnit": "%",
                      "Value": 24
                    },
                    {
                      "Element": "BS-Na",
                      "ValueUnit": "%",
                      "Value": 1
                    },
                    {
                      "Element": "TN",
                      "ValueUnit": "ppm",
                      "Value": 2531
                    }
                  ]
                }
              ]
            },
            {
              "SampleMetaData": {
                "SampleNumber": "22",
                "ReportID": ""
              },
              "Depths": [
                {
                  "DepthID": "1",
                  "NutrientResults": [
                    {
                      "Element": "pH",
                      "ValueUnit": "none",
                      "Value": 6.1
                    },
                    {
                      "ValueUnit": "mmho/cm",
                      "Value": 0.2
                    },
                    {
                      "Element": "OM (LOI)",
                      "ValueUnit": "%",
                      "Value": 6.6
                    },
                    {
                      "Element": "NO3-N",
                      "ValueUnit": "ppm",
                      "Value": 2.8
                    },
                    {
                      "Element": "P",
                      "ValueUnit": "ppm",
                      "Value": 6.8
                    },
                    {
                      "Element": "K",
                      "ValueUnit": "ppm",
                      "Value": 248
                    },
                    {
                      "Element": "SO4-S",
                      "ValueUnit": "ppm",
                      "Value": 8.6
                    },
                    {
                      "Element": "Ca",
                      "ValueUnit": "ppm",
                      "Value": 2493
                    },
                    {
                      "Element": "Mg",
                      "ValueUnit": "ppm",
                      "Value": 846
                    },
                    {
                      "Element": "Na",
                      "ValueUnit": "ppm",
                      "Value": 77
                    },
                    {
                      "Element": "CEC",
                      "ValueUnit": "Sum of Cations me/100g",
                      "Value": 26.7
                    },
                    {
                      "Element": "BS-H",
                      "ValueUnit": "%",
                      "Value": 23
                    },
                    {
                      "Element": "BS-K",
                      "ValueUnit": "%",
                      "Value": 2
                    },
                    {
                      "Element": "BS-Ca",
                      "ValueUnit": "%",
                      "Value": 47
                    },
                    {
                      "Element": "BS-Mg",
                      "ValueUnit": "%",
                      "Value": 26
                    },
                    {
                      "Element": "BS-Na",
                      "ValueUnit": "%",
                      "Value": 1
                    },
                    {
                      "Element": "TN",
                      "ValueUnit": "ppm",
                      "Value": 3030
                    }
                  ]
                }
              ]
            },
            {
              "SampleMetaData": {
                "SampleNumber": "23",
                "ReportID": ""
              },
              "Depths": [
                {
                  "DepthID": "2",
                  "NutrientResults": [
                    {
                      "Element": "pH",
                      "ValueUnit": "none",
                      "Value": 6.1
                    },
                    {
                      "ValueUnit": "mmho/cm",
                      "Value": 0.16
                    },
                    {
                      "Element": "OM (LOI)",
                      "ValueUnit": "%",
                      "Value": 5
                    },
                    {
                      "Element": "NO3-N",
                      "ValueUnit": "ppm",
                      "Value": 2.2
                    },
                    {
                      "Element": "P",
                      "ValueUnit": "ppm",
                      "Value": 12.3
                    },
                    {
                      "Element": "K",
                      "ValueUnit": "ppm",
                      "Value": 164
                    },
                    {
                      "Element": "SO4-S",
                      "ValueUnit": "ppm",
                      "Value": 6.5
                    },
                    {
                      "Element": "Ca",
                      "ValueUnit": "ppm",
                      "Value": 2472
                    },
                    {
                      "Element": "Mg",
                      "ValueUnit": "ppm",
                      "Value": 870
                    },
                    {
                      "Element": "Na",
                      "ValueUnit": "ppm",
                      "Value": 84
                    },
                    {
                      "Element": "CEC",
                      "ValueUnit": "Sum of Cations me/100g",
                      "Value": 25.6
                    },
                    {
                      "Element": "BS-H",
                      "ValueUnit": "%",
                      "Value": 20
                    },
                    {
                      "Element": "BS-K",
                      "ValueUnit": "%",
                      "Value": 2
                    },
                    {
                      "Element": "BS-Ca",
                      "ValueUnit": "%",
                      "Value": 48
                    },
                    {
                      "Element": "BS-Mg",
                      "ValueUnit": "%",
                      "Value": 28
                    },
                    {
                      "Element": "BS-Na",
                      "ValueUnit": "%",
                      "Value": 1
                    },
                    {
                      "Element": "TN",
                      "ValueUnit": "ppm",
                      "Value": 2644
                    }
                  ]
                }
              ]
            },
            {
              "SampleMetaData": {
                "SampleNumber": "24",
                "ReportID": ""
              },
              "Depths": [
                {
                  "DepthID": "1",
                  "NutrientResults": [
                    {
                      "Element": "pH",
                      "ValueUnit": "none",
                      "Value": 5.9
                    },
                    {
                      "ValueUnit": "mmho/cm",
                      "Value": 0.14
                    },
                    {
                      "Element": "OM (LOI)",
                      "ValueUnit": "%",
                      "Value": 6.8
                    },
                    {
                      "Element": "NO3-N",
                      "ValueUnit": "ppm",
                      "Value": 1.1
                    },
                    {
                      "Element": "P",
                      "ValueUnit": "ppm",
                      "Value": 8.8
                    },
                    {
                      "Element": "K",
                      "ValueUnit": "ppm",
                      "Value": 191
                    },
                    {
                      "Element": "SO4-S",
                      "ValueUnit": "ppm",
                      "Value": 11.4
                    },
                    {
                      "Element": "Ca",
                      "ValueUnit": "ppm",
                      "Value": 1595
                    },
                    {
                      "Element": "Mg",
                      "ValueUnit": "ppm",
                      "Value": 535
                    },
                    {
                      "Element": "Na",
                      "ValueUnit": "ppm",
                      "Value": 58
                    },
                    {
                      "Element": "CEC",
                      "ValueUnit": "Sum of Cations me/100g",
                      "Value": 20.5
                    },
                    {
                      "Element": "BS-H",
                      "ValueUnit": "%",
                      "Value": 36
                    },
                    {
                      "Element": "BS-K",
                      "ValueUnit": "%",
                      "Value": 2
                    },
                    {
                      "Element": "BS-Ca",
                      "ValueUnit": "%",
                      "Value": 39
                    },
                    {
                      "Element": "BS-Mg",
                      "ValueUnit": "%",
                      "Value": 22
                    },
                    {
                      "Element": "BS-Na",
                      "ValueUnit": "%",
                      "Value": 1
                    },
                    {
                      "Element": "TN",
                      "ValueUnit": "ppm",
                      "Value": 3189
                    }
                  ]
                }
              ]
            },
            {
              "SampleMetaData": {
                "SampleNumber": "25",
                "ReportID": ""
              },
              "Depths": [
                {
                  "DepthID": "2",
                  "NutrientResults": [
                    {
                      "Element": "pH",
                      "ValueUnit": "none",
                      "Value": 5.8
                    },
                    {
                      "ValueUnit": "mmho/cm",
                      "Value": 0.14
                    },
                    {
                      "Element": "OM (LOI)",
                      "ValueUnit": "%",
                      "Value": 4.9
                    },
                    {
                      "Element": "NO3-N",
                      "ValueUnit": "ppm",
                      "Value": 1.1
                    },
                    {
                      "Element": "P",
                      "ValueUnit": "ppm",
                      "Value": 7.4
                    },
                    {
                      "Element": "K",
                      "ValueUnit": "ppm",
                      "Value": 165
                    },
                    {
                      "Element": "SO4-S",
                      "ValueUnit": "ppm",
                      "Value": 8.8
                    },
                    {
                      "Element": "Ca",
                      "ValueUnit": "ppm",
                      "Value": 1822
                    },
                    {
                      "Element": "Mg",
                      "ValueUnit": "ppm",
                      "Value": 673
                    },
                    {
                      "Element": "Na",
                      "ValueUnit": "ppm",
                      "Value": 94
                    },
                    {
                      "Element": "CEC",
                      "ValueUnit": "Sum of Cations me/100g",
                      "Value": 22.7
                    },
                    {
                      "Element": "BS-H",
                      "ValueUnit": "%",
                      "Value": 32
                    },
                    {
                      "Element": "BS-K",
                      "ValueUnit": "%",
                      "Value": 2
                    },
                    {
                      "Element": "BS-Ca",
                      "ValueUnit": "%",
                      "Value": 39
                    },
                    {
                      "Element": "BS-Mg",
                      "ValueUnit": "%",
                      "Value": 25
                    },
                    {
                      "Element": "BS-Na",
                      "ValueUnit": "%",
                      "Value": 2
                    },
                    {
                      "Element": "TN",
                      "ValueUnit": "ppm",
                      "Value": 2748
                    }
                  ]
                }
              ]
            },
            {
              "SampleMetaData": {
                "SampleNumber": "26",
                "ReportID": ""
              },
              "Depths": [
                {
                  "DepthID": "1",
                  "NutrientResults": [
                    {
                      "Element": "pH",
                      "ValueUnit": "none",
                      "Value": 6
                    },
                    {
                      "ValueUnit": "mmho/cm",
                      "Value": 0.21
                    },
                    {
                      "Element": "OM (LOI)",
                      "ValueUnit": "%",
                      "Value": 8.7
                    },
                    {
                      "Element": "NO3-N",
                      "ValueUnit": "ppm",
                      "Value": 0.7
                    },
                    {
                      "Element": "P",
                      "ValueUnit": "ppm",
                      "Value": 8
                    },
                    {
                      "Element": "K",
                      "ValueUnit": "ppm",
                      "Value": 170
                    },
                    {
                      "Element": "SO4-S",
                      "ValueUnit": "ppm",
                      "Value": 9.2
                    },
                    {
                      "Element": "Ca",
                      "ValueUnit": "ppm",
                      "Value": 2722
                    },
                    {
                      "Element": "Mg",
                      "ValueUnit": "ppm",
                      "Value": 866
                    },
                    {
                      "Element": "Na",
                      "ValueUnit": "ppm",
                      "Value": 95
                    },
                    {
                      "Element": "CEC",
                      "ValueUnit": "Sum of Cations me/100g",
                      "Value": 29.2
                    },
                    {
                      "Element": "BS-H",
                      "ValueUnit": "%",
                      "Value": 26
                    },
                    {
                      "Element": "BS-K",
                      "ValueUnit": "%",
                      "Value": 1
                    },
                    {
                      "Element": "BS-Ca",
                      "ValueUnit": "%",
                      "Value": 47
                    },
                    {
                      "Element": "BS-Mg",
                      "ValueUnit": "%",
                      "Value": 25
                    },
                    {
                      "Element": "BS-Na",
                      "ValueUnit": "%",
                      "Value": 1
                    },
                    {
                      "Element": "TN",
                      "ValueUnit": "ppm",
                      "Value": 3251
                    }
                  ]
                }
              ]
            },
            {
              "SampleMetaData": {
                "SampleNumber": "27",
                "ReportID": ""
              },
              "Depths": [
                {
                  "DepthID": "2",
                  "NutrientResults": [
                    {
                      "Element": "pH",
                      "ValueUnit": "none",
                      "Value": 5.9
                    },
                    {
                      "ValueUnit": "mmho/cm",
                      "Value": 0.17
                    },
                    {
                      "Element": "OM (LOI)",
                      "ValueUnit": "%",
                      "Value": 5.7
                    },
                    {
                      "Element": "NO3-N",
                      "ValueUnit": "ppm",
                      "Value": 0.5
                    },
                    {
                      "Element": "P",
                      "ValueUnit": "ppm",
                      "Value": 6.9
                    },
                    {
                      "Element": "K",
                      "ValueUnit": "ppm",
                      "Value": 107
                    },
                    {
                      "Element": "SO4-S",
                      "ValueUnit": "ppm",
                      "Value": 8.2
                    },
                    {
                      "Element": "Ca",
                      "ValueUnit": "ppm",
                      "Value": 2719
                    },
                    {
                      "Element": "Mg",
                      "ValueUnit": "ppm",
                      "Value": 919
                    },
                    {
                      "Element": "Na",
                      "ValueUnit": "ppm",
                      "Value": 93
                    },
                    {
                      "Element": "CEC",
                      "ValueUnit": "Sum of Cations me/100g",
                      "Value": 29.2
                    },
                    {
                      "Element": "BS-H",
                      "ValueUnit": "%",
                      "Value": 25
                    },
                    {
                      "Element": "BS-K",
                      "ValueUnit": "%",
                      "Value": 1
                    },
                    {
                      "Element": "BS-Ca",
                      "ValueUnit": "%",
                      "Value": 47
                    },
                    {
                      "Element": "BS-Mg",
                      "ValueUnit": "%",
                      "Value": 26
                    },
                    {
                      "Element": "BS-Na",
                      "ValueUnit": "%",
                      "Value": 1
                    },
                    {
                      "Element": "TN",
                      "ValueUnit": "ppm",
                      "Value": 2387
                    }
                  ]
                }
              ]
            },
            {
              "SampleMetaData": {
                "SampleNumber": "28",
                "ReportID": ""
              },
              "Depths": [
                {
                  "DepthID": "1",
                  "NutrientResults": [
                    {
                      "Element": "pH",
                      "ValueUnit": "none",
                      "Value": 5.7
                    },
                    {
                      "ValueUnit": "mmho/cm",
                      "Value": 0.17
                    },
                    {
                      "Element": "OM (LOI)",
                      "ValueUnit": "%",
                      "Value": 5.2
                    },
                    {
                      "Element": "NO3-N",
                      "ValueUnit": "ppm",
                      "Value": 1
                    },
                    {
                      "Element": "P",
                      "ValueUnit": "ppm",
                      "Value": 15.3
                    },
                    {
                      "Element": "K",
                      "ValueUnit": "ppm",
                      "Value": 308
                    },
                    {
                      "Element": "SO4-S",
                      "ValueUnit": "ppm",
                      "Value": 10.2
                    },
                    {
                      "Element": "Ca",
                      "ValueUnit": "ppm",
                      "Value": 1291
                    },
                    {
                      "Element": "Mg",
                      "ValueUnit": "ppm",
                      "Value": 772
                    },
                    {
                      "Element": "Na",
                      "ValueUnit": "ppm",
                      "Value": 57
                    },
                    {
                      "Element": "CEC",
                      "ValueUnit": "Sum of Cations me/100g",
                      "Value": 21.8
                    },
                    {
                      "Element": "BS-H",
                      "ValueUnit": "%",
                      "Value": 36
                    },
                    {
                      "Element": "BS-K",
                      "ValueUnit": "%",
                      "Value": 4
                    },
                    {
                      "Element": "BS-Ca",
                      "ValueUnit": "%",
                      "Value": 30
                    },
                    {
                      "Element": "BS-Mg",
                      "ValueUnit": "%",
                      "Value": 29
                    },
                    {
                      "Element": "BS-Na",
                      "ValueUnit": "%",
                      "Value": 1
                    },
                    {
                      "Element": "TN",
                      "ValueUnit": "ppm",
                      "Value": 2798
                    }
                  ]
                }
              ]
            },
            {
              "SampleMetaData": {
                "SampleNumber": "29",
                "ReportID": ""
              },
              "Depths": [
                {
                  "DepthID": "2",
                  "NutrientResults": [
                    {
                      "Element": "pH",
                      "ValueUnit": "none",
                      "Value": 5.5
                    },
                    {
                      "ValueUnit": "mmho/cm",
                      "Value": 0.08
                    },
                    {
                      "Element": "OM (LOI)",
                      "ValueUnit": "%",
                      "Value": 4.3
                    },
                    {
                      "Element": "NO3-N",
                      "ValueUnit": "ppm",
                      "Value": 1.2
                    },
                    {
                      "Element": "P",
                      "ValueUnit": "ppm",
                      "Value": 8.6
                    },
                    {
                      "Element": "K",
                      "ValueUnit": "ppm",
                      "Value": 210
                    },
                    {
                      "Element": "SO4-S",
                      "ValueUnit": "ppm",
                      "Value": 9.8
                    },
                    {
                      "Element": "Ca",
                      "ValueUnit": "ppm",
                      "Value": 1179
                    },
                    {
                      "Element": "Mg",
                      "ValueUnit": "ppm",
                      "Value": 681
                    },
                    {
                      "Element": "Na",
                      "ValueUnit": "ppm",
                      "Value": 59
                    },
                    {
                      "Element": "CEC",
                      "ValueUnit": "Sum of Cations me/100g",
                      "Value": 22.3
                    },
                    {
                      "Element": "BS-H",
                      "ValueUnit": "%",
                      "Value": 44
                    },
                    {
                      "Element": "BS-K",
                      "ValueUnit": "%",
                      "Value": 2
                    },
                    {
                      "Element": "BS-Ca",
                      "ValueUnit": "%",
                      "Value": 26
                    },
                    {
                      "Element": "BS-Mg",
                      "ValueUnit": "%",
                      "Value": 25
                    },
                    {
                      "Element": "BS-Na",
                      "ValueUnit": "%",
                      "Value": 1
                    },
                    {
                      "Element": "TN",
                      "ValueUnit": "ppm",
                      "Value": 2527
                    }
                  ]
                }
              ]
            }
          ]
        }
      }
    }
  ]
}
