{
  "Events": [
    {
      "LabMetaData": {
        "Reports": [
          {
            "ReportID": "1",
            "FileDescription": "2018_RMN 0-10cm_8"
          }
        ]
      },
      "EventMetaData": {
        "EventDate": "2018-01-29",
        "EventType": {
          "Soil": true
        }
      },
      "EventSamples": {
        "Soil": {
          "DepthRefs": [
            {
              "DepthUnit": "cm",
              "StartingDepth": 0,
              "EndingDepth": 10,
              "Name": "0 to 10",
              "ColumnDepth": 10,
              "DepthID": 1
            }
          ],
          "SoilSamples": [
            {
              "SampleMetaData": {
                "SampleNumber": "0",
                "ReportID": "1",
                "FMISSampleID": "TOKA-041",
                "Geometry": {
                  "wkt": "POINT(-122.3599055 37.2579249)"
                }
              },
              "Depths": [
                {
                  "DepthID": "1",
                  "NutrientResults": [
                    {
                      "Element": "Bulk Density",
                      "ValueUnit": "g/cm3",
                      "Value": 1.12602479178629
                    },
                    {
                      "Element": "P",
                      "ValueUnit": "ug/g",
                      "Value": 8.5
                    },
                    {
                      "Element": "pH",
                      "ValueUnit": "none",
                      "Value": 6.1
                    },
                    {
                      "Element": "CEC",
                      "ValueUnit": "cmol(+)/kg",
                      "Value": 21.6
                    },
                    {
                      "Element": "Ca",
                      "ValueUnit": "cmol(+)/kg",
                      "Value": 8.78
                    },
                    {
                      "Element": "Mg",
                      "ValueUnit": "cmol(+)/kg",
                      "Value": 5.141666666666667
                    },
                    {
                      "Element": "K",
                      "ValueUnit": "cmol(+)/kg",
                      "Value": 0.6666666666666666
                    },
                    {
                      "Element": "Na",
                      "ValueUnit": "cmol(+)/kg",
                      "Value": 0.2
                    },
                    {
                      "Element": "TOC",
                      "ValueUnit": "%",
                      "Value": 3
                    },
                    {
                      "Element": "TN",
                      "ValueUnit": "%",
                      "Value": 0.31521
                    }
                  ]
                }
              ]
            },
            {
              "SampleMetaData": {
                "SampleNumber": "1",
                "ReportID": "1",
                "FMISSampleID": "TOKA-055",
                "Geometry": {
                  "wkt": "POINT(-122.3554103 37.2560978)"
                }
              },
              "Depths": [
                {
                  "DepthID": "1",
                  "NutrientResults": [
                    {
                      "Element": "Bulk Density",
                      "ValueUnit": "g/cm3",
                      "Value": 1.2064810573083
                    },
                    {
                      "Element": "P",
                      "ValueUnit": "ug/g",
                      "Value": 12.8
                    },
                    {
                      "Element": "pH",
                      "ValueUnit": "none",
                      "Value": 5.7
                    },
                    {
                      "Element": "CEC",
                      "ValueUnit": "cmol(+)/kg",
                      "Value": 23
                    },
                    {
                      "Element": "Ca",
                      "ValueUnit": "cmol(+)/kg",
                      "Value": 6.935
                    },
                    {
                      "Element": "Mg",
                      "ValueUnit": "cmol(+)/kg",
                      "Value": 4.433333333333334
                    },
                    {
                      "Element": "K",
                      "ValueUnit": "cmol(+)/kg",
                      "Value": 0.7512820512820513
                    },
                    {
                      "Element": "Na",
                      "ValueUnit": "cmol(+)/kg",
                      "Value": 0.18695652173913044
                    },
                    {
                      "Element": "TOC",
                      "ValueUnit": "%",
                      "Value": 3.4
                    },
                    {
                      "Element": "TN",
                      "ValueUnit": "%",
                      "Value": 0.36933
                    }
                  ]
                }
              ]
            },
            {
              "SampleMetaData": {
                "SampleNumber": "2",
                "ReportID": "1",
                "FMISSampleID": "TOKA-154",
                "Geometry": {
                  "wkt": "POINT(-122.3508689 37.2596785)"
                }
              },
              "Depths": [
                {
                  "DepthID": "1",
                  "NutrientResults": [
                    {
                      "Element": "Bulk Density",
                      "ValueUnit": "g/cm3",
                      "Value": 1.04770171329431
                    },
                    {
                      "Element": "TOC",
                      "ValueUnit": "%",
                      "Value": 2.1
                    },
                    {
                      "Element": "TN",
                      "ValueUnit": "%",
                      "Value": 0.27575
                    }
                  ]
                }
              ]
            }
          ]
        }
      }
    }
  ]
}
