{
  "Events": [
    {
      "LabMetaData": {
        "Reports": [
          {
            "ReportID": "1",
            "FileDescription": "2018_RMN 10-40cm_4"
          }
        ]
      },
      "EventMetaData": {
        "EventDate": "2018-01-22",
        "EventType": {
          "Soil": true
        }
      },
      "EventSamples": {
        "Soil": {
          "DepthRefs": [
            {
              "DepthUnit": "cm",
              "StartingDepth": 10,
              "EndingDepth": 40,
              "Name": "10 to 40",
              "ColumnDepth": 30,
              "DepthID": 1
            }
          ],
          "SoilSamples": [
            {
              "SampleMetaData": {
                "SampleNumber": "0",
                "ReportID": "1",
                "FMISSampleID": "TOKA-020",
                "Geometry": {
                  "wkt": "POINT(-122.3687763 37.2760003)"
                }
              },
              "Depths": [
                {
                  "DepthID": "1",
                  "NutrientResults": [
                    {
                      "Element": "Sand",
                      "ValueUnit": "%",
                      "Value": 27.5
                    },
                    {
                      "Element": "Silt",
                      "ValueUnit": "%",
                      "Value": 36.2
                    },
                    {
                      "Element": "Clay",
                      "ValueUnit": "%",
                      "Value": 36.2
                    },
                    {
                      "Element": "TOC",
                      "ValueUnit": "%",
                      "Value": 2.6
                    }
                  ]
                }
              ]
            },
            {
              "SampleMetaData": {
                "SampleNumber": "1",
                "ReportID": "1",
                "FMISSampleID": "TOKA-045",
                "Geometry": {
                  "wkt": "POINT(-122.3597987 37.2705438)"
                }
              },
              "Depths": [
                {
                  "DepthID": "1",
                  "NutrientResults": [
                    {
                      "Element": "Sand",
                      "ValueUnit": "%",
                      "Value": 28.8
                    },
                    {
                      "Element": "Silt",
                      "ValueUnit": "%",
                      "Value": 32.5
                    },
                    {
                      "Element": "Clay",
                      "ValueUnit": "%",
                      "Value": 38.8
                    },
                    {
                      "Element": "TOC",
                      "ValueUnit": "%",
                      "Value": 2.3
                    }
                  ]
                }
              ]
            },
            {
              "SampleMetaData": {
                "SampleNumber": "2",
                "ReportID": "1",
                "FMISSampleID": "TOKA-147",
                "Geometry": {
                  "wkt": "POINT(-122.3552413 37.2759273)"
                }
              },
              "Depths": [
                {
                  "DepthID": "1",
                  "NutrientResults": [
                    {
                      "Element": "Sand",
                      "ValueUnit": "%",
                      "Value": 36.2
                    },
                    {
                      "Element": "Silt",
                      "ValueUnit": "%",
                      "Value": 28.8
                    },
                    {
                      "Element": "Clay",
                      "ValueUnit": "%",
                      "Value": 35
                    },
                    {
                      "Element": "TOC",
                      "ValueUnit": "%",
                      "Value": 1.7
                    }
                  ]
                }
              ]
            }
          ]
        }
      }
    }
  ]
}
