{
  "Events": [
    {
      "LabMetaData": {
        "Reports": [
          {
            "ReportID": "1",
            "FileDescription": "2018_RMN 10-40cm_3"
          }
        ]
      },
      "EventMetaData": {
        "EventDate": "2018-02-05",
        "EventType": {
          "Soil": true
        }
      },
      "EventSamples": {
        "Soil": {
          "DepthRefs": [
            {
              "DepthUnit": "cm",
              "StartingDepth": 10,
              "EndingDepth": 40,
              "Name": "10 to 40",
              "ColumnDepth": 30,
              "DepthID": 1
            }
          ],
          "SoilSamples": [
            {
              "SampleMetaData": {
                "SampleNumber": "0",
                "ReportID": "1",
                "FMISSampleID": "TOKA-016",
                "Geometry": {
                  "wkt": "POINT(-122.3710921 37.2688015)"
                }
              },
              "Depths": [
                {
                  "DepthID": "1",
                  "NutrientResults": [
                    {
                      "Element": "P",
                      "ValueUnit": "ug/g",
                      "Value": 5.8
                    },
                    {
                      "Element": "Sand",
                      "ValueUnit": "%",
                      "Value": 52.5
                    },
                    {
                      "Element": "Silt",
                      "ValueUnit": "%",
                      "Value": 16.2
                    },
                    {
                      "Element": "Clay",
                      "ValueUnit": "%",
                      "Value": 31.2
                    },
                    {
                      "Element": "pH",
                      "ValueUnit": "none",
                      "Value": 5.5
                    },
                    {
                      "Element": "CEC",
                      "ValueUnit": "cmol(+)/kg",
                      "Value": 43
                    },
                    {
                      "Element": "Ca",
                      "ValueUnit": "cmol(+)/kg",
                      "Value": 10.795
                    },
                    {
                      "Element": "Mg",
                      "ValueUnit": "cmol(+)/kg",
                      "Value": 19.608333333333334
                    },
                    {
                      "Element": "K",
                      "ValueUnit": "cmol(+)/kg",
                      "Value": 0.8692307692307693
                    },
                    {
                      "Element": "Na",
                      "ValueUnit": "cmol(+)/kg",
                      "Value": 0.6434782608695652
                    },
                    {
                      "Element": "TOC",
                      "ValueUnit": "%",
                      "Value": 1.4
                    },
                    {
                      "Element": "TN",
                      "ValueUnit": "%",
                      "Value": 0.185055
                    }
                  ]
                }
              ]
            },
            {
              "SampleMetaData": {
                "SampleNumber": "1",
                "ReportID": "1",
                "FMISSampleID": "TOKA-018",
                "Geometry": {
                  "wkt": "POINT(-122.3688064 37.2723949)"
                }
              },
              "Depths": [
                {
                  "DepthID": "1",
                  "NutrientResults": [
                    {
                      "Element": "P",
                      "ValueUnit": "ug/g",
                      "Value": 2.2
                    },
                    {
                      "Element": "Sand",
                      "ValueUnit": "%",
                      "Value": 22.5
                    },
                    {
                      "Element": "Silt",
                      "ValueUnit": "%",
                      "Value": 41.2
                    },
                    {
                      "Element": "Clay",
                      "ValueUnit": "%",
                      "Value": 36.2
                    },
                    {
                      "Element": "pH",
                      "ValueUnit": "none",
                      "Value": 6.1
                    },
                    {
                      "Element": "CEC",
                      "ValueUnit": "cmol(+)/kg",
                      "Value": 25.8
                    },
                    {
                      "Element": "Ca",
                      "ValueUnit": "cmol(+)/kg",
                      "Value": 8.13
                    },
                    {
                      "Element": "Mg",
                      "ValueUnit": "cmol(+)/kg",
                      "Value": 8.766666666666667
                    },
                    {
                      "Element": "K",
                      "ValueUnit": "cmol(+)/kg",
                      "Value": 0.4512820512820513
                    },
                    {
                      "Element": "Na",
                      "ValueUnit": "cmol(+)/kg",
                      "Value": 0.5260869565217391
                    },
                    {
                      "Element": "TOC",
                      "ValueUnit": "%",
                      "Value": 2.2
                    },
                    {
                      "Element": "TN",
                      "ValueUnit": "%",
                      "Value": 0.21057
                    }
                  ]
                }
              ]
            },
            {
              "SampleMetaData": {
                "SampleNumber": "2",
                "ReportID": "1",
                "FMISSampleID": "TOKA-029",
                "Geometry": {
                  "wkt": "POINT(-122.3643101 37.2705681)"
                }
              },
              "Depths": [
                {
                  "DepthID": "1",
                  "NutrientResults": [
                    {
                      "Element": "P",
                      "ValueUnit": "ug/g",
                      "Value": 3.3
                    },
                    {
                      "Element": "Sand",
                      "ValueUnit": "%",
                      "Value": 20
                    },
                    {
                      "Element": "Silt",
                      "ValueUnit": "%",
                      "Value": 43.8
                    },
                    {
                      "Element": "Clay",
                      "ValueUnit": "%",
                      "Value": 36.2
                    },
                    {
                      "Element": "pH",
                      "ValueUnit": "none",
                      "Value": 5.8
                    },
                    {
                      "Element": "CEC",
                      "ValueUnit": "cmol(+)/kg",
                      "Value": 28.6
                    },
                    {
                      "Element": "Ca",
                      "ValueUnit": "cmol(+)/kg",
                      "Value": 8.725
                    },
                    {
                      "Element": "Mg",
                      "ValueUnit": "cmol(+)/kg",
                      "Value": 9.558333333333334
                    },
                    {
                      "Element": "K",
                      "ValueUnit": "cmol(+)/kg",
                      "Value": 0.6820512820512821
                    },
                    {
                      "Element": "Na",
                      "ValueUnit": "cmol(+)/kg",
                      "Value": 0.45217391304347826
                    },
                    {
                      "Element": "TOC",
                      "ValueUnit": "%",
                      "Value": 2.3
                    },
                    {
                      "Element": "TN",
                      "ValueUnit": "%",
                      "Value": 0.23501
                    }
                  ]
                }
              ]
            },
            {
              "SampleMetaData": {
                "SampleNumber": "3",
                "ReportID": "1",
                "FMISSampleID": "TOKA-060",
                "Geometry": {
                  "wkt": "POINT(-122.3552566 37.2741247)"
                }
              },
              "Depths": [
                {
                  "DepthID": "1",
                  "NutrientResults": [
                    {
                      "Element": "P",
                      "ValueUnit": "ug/g",
                      "Value": 5.9
                    },
                    {
                      "Element": "Sand",
                      "ValueUnit": "%",
                      "Value": 36.2
                    },
                    {
                      "Element": "Silt",
                      "ValueUnit": "%",
                      "Value": 32.5
                    },
                    {
                      "Element": "Clay",
                      "ValueUnit": "%",
                      "Value": 31.2
                    },
                    {
                      "Element": "pH",
                      "ValueUnit": "none",
                      "Value": 6.1
                    },
                    {
                      "Element": "CEC",
                      "ValueUnit": "cmol(+)/kg",
                      "Value": 37
                    },
                    {
                      "Element": "Ca",
                      "ValueUnit": "cmol(+)/kg",
                      "Value": 17
                    },
                    {
                      "Element": "Mg",
                      "ValueUnit": "cmol(+)/kg",
                      "Value": 11.475
                    },
                    {
                      "Element": "K",
                      "ValueUnit": "cmol(+)/kg",
                      "Value": 0.4307692307692308
                    },
                    {
                      "Element": "Na",
                      "ValueUnit": "cmol(+)/kg",
                      "Value": 0.43478260869565216
                    },
                    {
                      "Element": "TOC",
                      "ValueUnit": "%",
                      "Value": 2.8
                    },
                    {
                      "Element": "TN",
                      "ValueUnit": "%",
                      "Value": 0.27658
                    }
                  ]
                }
              ]
            }
          ]
        }
      }
    }
  ]
}
