{
  "Events": [
    {
      "LabMetaData": {
        "Reports": [
          {
            "ReportID": "1",
            "FileDescription": "2018_RMN 0-10cm_10"
          }
        ]
      },
      "EventMetaData": {
        "EventDate": "2018-01-28",
        "EventType": {
          "Soil": true
        }
      },
      "EventSamples": {
        "Soil": {
          "DepthRefs": [
            {
              "DepthUnit": "cm",
              "StartingDepth": 0,
              "EndingDepth": 10,
              "Name": "0 to 10",
              "ColumnDepth": 10,
              "DepthID": 1
            }
          ],
          "SoilSamples": [
            {
              "SampleMetaData": {
                "SampleNumber": "0",
                "ReportID": "1",
                "FMISSampleID": "TOKA-061",
                "Geometry": {
                  "wkt": "POINT(-122.3552259 37.2777300)"
                }
              },
              "Depths": [
                {
                  "DepthID": "1",
                  "NutrientResults": [
                    {
                      "Element": "Bulk Density",
                      "ValueUnit": "g/cm3",
                      "Value": 1.05390803322451
                    },
                    {
                      "Element": "P",
                      "ValueUnit": "ug/g",
                      "Value": 6.9
                    },
                    {
                      "Element": "pH",
                      "ValueUnit": "none",
                      "Value": 6.4
                    },
                    {
                      "Element": "CEC",
                      "ValueUnit": "cmol(+)/kg",
                      "Value": 24.9
                    },
                    {
                      "Element": "Ca",
                      "ValueUnit": "cmol(+)/kg",
                      "Value": 10.7
                    },
                    {
                      "Element": "Mg",
                      "ValueUnit": "cmol(+)/kg",
                      "Value": 7.675
                    },
                    {
                      "Element": "K",
                      "ValueUnit": "cmol(+)/kg",
                      "Value": 0.8487179487179487
                    },
                    {
                      "Element": "Na",
                      "ValueUnit": "cmol(+)/kg",
                      "Value": 0.2391304347826087
                    },
                    {
                      "Element": "TOC",
                      "ValueUnit": "%",
                      "Value": 2.7
                    }
                  ]
                }
              ]
            },
            {
              "SampleMetaData": {
                "SampleNumber": "1",
                "ReportID": "1",
                "FMISSampleID": "TOKA-135",
                "Geometry": {
                  "wkt": "POINT(-122.3597682 37.2741491)"
                }
              },
              "Depths": [
                {
                  "DepthID": "1",
                  "NutrientResults": [
                    {
                      "Element": "Bulk Density",
                      "ValueUnit": "g/cm3",
                      "Value": 1.1969246596592
                    },
                    {
                      "Element": "P",
                      "ValueUnit": "ug/g",
                      "Value": 10.6
                    },
                    {
                      "Element": "pH",
                      "ValueUnit": "none",
                      "Value": 6.3
                    },
                    {
                      "Element": "CEC",
                      "ValueUnit": "cmol(+)/kg",
                      "Value": 19.4
                    },
                    {
                      "Element": "Ca",
                      "ValueUnit": "cmol(+)/kg",
                      "Value": 8.815
                    },
                    {
                      "Element": "Mg",
                      "ValueUnit": "cmol(+)/kg",
                      "Value": 4.275
                    },
                    {
                      "Element": "K",
                      "ValueUnit": "cmol(+)/kg",
                      "Value": 0.6974358974358974
                    },
                    {
                      "Element": "Na",
                      "ValueUnit": "cmol(+)/kg",
                      "Value": 0.21304347826086956
                    },
                    {
                      "Element": "TOC",
                      "ValueUnit": "%",
                      "Value": 3.2
                    },
                    {
                      "Element": "TN",
                      "ValueUnit": "%",
                      "Value": 0.31698
                    }
                  ]
                }
              ]
            },
            {
              "SampleMetaData": {
                "SampleNumber": "2",
                "ReportID": "1",
                "FMISSampleID": "TOKA-137",
                "Geometry": {
                  "wkt": "POINT(-122.3574971 37.2759396)"
                }
              },
              "Depths": [
                {
                  "DepthID": "1",
                  "NutrientResults": [
                    {
                      "Element": "Bulk Density",
                      "ValueUnit": "g/cm3",
                      "Value": 1.0969147142801
                    },
                    {
                      "Element": "P",
                      "ValueUnit": "ug/g",
                      "Value": 10.7
                    },
                    {
                      "Element": "pH",
                      "ValueUnit": "none",
                      "Value": 6.2
                    },
                    {
                      "Element": "CEC",
                      "ValueUnit": "cmol(+)/kg",
                      "Value": 29.7
                    },
                    {
                      "Element": "Ca",
                      "ValueUnit": "cmol(+)/kg",
                      "Value": 13.31
                    },
                    {
                      "Element": "Mg",
                      "ValueUnit": "cmol(+)/kg",
                      "Value": 7.466666666666667
                    },
                    {
                      "Element": "K",
                      "ValueUnit": "cmol(+)/kg",
                      "Value": 0.5282051282051282
                    },
                    {
                      "Element": "Na",
                      "ValueUnit": "cmol(+)/kg",
                      "Value": 0.2608695652173913
                    },
                    {
                      "Element": "TOC",
                      "ValueUnit": "%",
                      "Value": 3.6
                    },
                    {
                      "Element": "TN",
                      "ValueUnit": "%",
                      "Value": 0.30681
                    }
                  ]
                }
              ]
            }
          ]
        }
      }
    }
  ]
}
