{
  "Events": [
    {
      "LabMetaData": {
        "Reports": [
          {
            "ReportID": "1",
            "FileDescription": "2018_RMN 10-40cm_14"
          }
        ]
      },
      "EventMetaData": {
        "EventDate": "2018-02-11",
        "EventType": {
          "Soil": true
        }
      },
      "EventSamples": {
        "Soil": {
          "DepthRefs": [
            {
              "DepthUnit": "cm",
              "StartingDepth": 10,
              "EndingDepth": 40,
              "Name": "10 to 40",
              "ColumnDepth": 30,
              "DepthID": 1
            }
          ],
          "SoilSamples": [
            {
              "SampleMetaData": {
                "SampleNumber": "0",
                "ReportID": "1",
                "FMISSampleID": "TOKA-111",
                "Geometry": {
                  "wkt": "POINT(-122.3733627 37.2670108)"
                }
              },
              "Depths": [
                {
                  "DepthID": "1",
                  "NutrientResults": [
                    {
                      "Element": "P",
                      "ValueUnit": "ug/g",
                      "Value": 4.2
                    },
                    {
                      "Element": "Sand",
                      "ValueUnit": "%",
                      "Value": 50
                    },
                    {
                      "Element": "Silt",
                      "ValueUnit": "%",
                      "Value": 26.2
                    },
                    {
                      "Element": "Clay",
                      "ValueUnit": "%",
                      "Value": 23.8
                    },
                    {
                      "Element": "pH",
                      "ValueUnit": "none",
                      "Value": 6
                    },
                    {
                      "Element": "CEC",
                      "ValueUnit": "cmol(+)/kg",
                      "Value": 22.8
                    },
                    {
                      "Element": "Ca",
                      "ValueUnit": "cmol(+)/kg",
                      "Value": 5.53
                    },
                    {
                      "Element": "Mg",
                      "ValueUnit": "cmol(+)/kg",
                      "Value": 7.65
                    },
                    {
                      "Element": "K",
                      "ValueUnit": "cmol(+)/kg",
                      "Value": 0.382051282051282
                    },
                    {
                      "Element": "Na",
                      "ValueUnit": "cmol(+)/kg",
                      "Value": 0.30869565217391304
                    },
                    {
                      "Element": "TOC",
                      "ValueUnit": "%",
                      "Value": 1.6
                    }
                  ]
                }
              ]
            }
          ]
        }
      }
    }
  ]
}
