{
  "Events": [
    {
      "LabMetaData": {
        "Reports": [
          {
            "ReportID": "1",
            "FileDescription": "2018_RMN 0-10cm_4"
          }
        ]
      },
      "EventMetaData": {
        "EventDate": "2018-01-22",
        "EventType": {
          "Soil": true
        }
      },
      "EventSamples": {
        "Soil": {
          "DepthRefs": [
            {
              "DepthUnit": "cm",
              "StartingDepth": 0,
              "EndingDepth": 10,
              "Name": "0 to 10",
              "ColumnDepth": 10,
              "DepthID": 1
            }
          ],
          "SoilSamples": [
            {
              "SampleMetaData": {
                "SampleNumber": "0",
                "ReportID": "1",
                "FMISSampleID": "TOKA-020",
                "Geometry": {
                  "wkt": "POINT(-122.3687763 37.2760003)"
                }
              },
              "Depths": [
                {
                  "DepthID": "1",
                  "NutrientResults": [
                    {
                      "Element": "Bulk Density",
                      "ValueUnit": "g/cm3",
                      "Value": 1.01193417411631
                    },
                    {
                      "Element": "TOC",
                      "ValueUnit": "%",
                      "Value": 3.9
                    }
                  ]
                }
              ]
            },
            {
              "SampleMetaData": {
                "SampleNumber": "1",
                "ReportID": "1",
                "FMISSampleID": "TOKA-045",
                "Geometry": {
                  "wkt": "POINT(-122.3597987 37.2705438)"
                }
              },
              "Depths": [
                {
                  "DepthID": "1",
                  "NutrientResults": [
                    {
                      "Element": "Bulk Density",
                      "ValueUnit": "g/cm3",
                      "Value": 0.893013633272664
                    },
                    {
                      "Element": "TOC",
                      "ValueUnit": "%",
                      "Value": 4.6
                    }
                  ]
                }
              ]
            },
            {
              "SampleMetaData": {
                "SampleNumber": "2",
                "ReportID": "1",
                "FMISSampleID": "TOKA-147",
                "Geometry": {
                  "wkt": "POINT(-122.3552413 37.2759273)"
                }
              },
              "Depths": [
                {
                  "DepthID": "1",
                  "NutrientResults": [
                    {
                      "Element": "Bulk Density",
                      "ValueUnit": "g/cm3",
                      "Value": 1.04248017472818
                    },
                    {
                      "Element": "TOC",
                      "ValueUnit": "%",
                      "Value": 2.5
                    }
                  ]
                }
              ]
            }
          ]
        }
      }
    }
  ]
}
