{
  "Events": [
    {
      "LabMetaData": {
        "Reports": [
          {
            "ReportID": "1",
            "FileDescription": "2018_RMN 0-10cm_11"
          }
        ]
      },
      "EventMetaData": {
        "EventDate": "2018-01-16",
        "EventType": {
          "Soil": true
        }
      },
      "EventSamples": {
        "Soil": {
          "DepthRefs": [
            {
              "DepthUnit": "cm",
              "StartingDepth": 0,
              "EndingDepth": 10,
              "Name": "0 to 10",
              "ColumnDepth": 10,
              "DepthID": 1
            }
          ],
          "SoilSamples": [
            {
              "SampleMetaData": {
                "SampleNumber": "0",
                "ReportID": "1",
                "FMISSampleID": "TOKA-064",
                "Geometry": {
                  "wkt": "POINT(-122.3530163 37.2723097)"
                }
              },
              "Depths": [
                {
                  "DepthID": "1",
                  "NutrientResults": [
                    {
                      "Element": "Bulk Density",
                      "ValueUnit": "g/cm3",
                      "Value": 0.841063610213083
                    },
                    {
                      "Element": "P",
                      "ValueUnit": "ug/g",
                      "Value": 16.1
                    },
                    {
                      "Element": "pH",
                      "ValueUnit": "none",
                      "Value": 5.2
                    },
                    {
                      "Element": "CEC",
                      "ValueUnit": "cmol(+)/kg",
                      "Value": 26.2
                    },
                    {
                      "Element": "Ca",
                      "ValueUnit": "cmol(+)/kg",
                      "Value": 8.445
                    },
                    {
                      "Element": "Mg",
                      "ValueUnit": "cmol(+)/kg",
                      "Value": 4.308333333333334
                    },
                    {
                      "Element": "K",
                      "ValueUnit": "cmol(+)/kg",
                      "Value": 1.2179487179487178
                    },
                    {
                      "Element": "Na",
                      "ValueUnit": "cmol(+)/kg",
                      "Value": 0.1565217391304348
                    },
                    {
                      "Element": "TOC",
                      "ValueUnit": "%",
                      "Value": 7.8
                    },
                    {
                      "Element": "TN",
                      "ValueUnit": "%",
                      "Value": 0.62815
                    }
                  ]
                }
              ]
            },
            {
              "SampleMetaData": {
                "SampleNumber": "1",
                "ReportID": "1",
                "FMISSampleID": "TOKA-161",
                "Geometry": {
                  "wkt": "POINT(-122.3485204 37.2704822)"
                }
              },
              "Depths": [
                {
                  "DepthID": "1",
                  "NutrientResults": [
                    {
                      "Element": "Bulk Density",
                      "ValueUnit": "g/cm3",
                      "Value": 0.877434084911022
                    },
                    {
                      "Element": "TOC",
                      "ValueUnit": "%",
                      "Value": 6.2
                    },
                    {
                      "Element": "TN",
                      "ValueUnit": "%",
                      "Value": 0.47561
                    }
                  ]
                }
              ]
            }
          ]
        }
      }
    }
  ]
}
