{
  "Events": [
    {
      "LabMetaData": {
        "Reports": [
          {
            "ReportID": "1",
            "FileDescription": "2018_RMN 10-40cm_15"
          }
        ]
      },
      "EventMetaData": {
        "EventDate": "2018-02-14",
        "EventType": {
          "Soil": true
        }
      },
      "EventSamples": {
        "Soil": {
          "DepthRefs": [
            {
              "DepthUnit": "cm",
              "StartingDepth": 10,
              "EndingDepth": 40,
              "Name": "10 to 40",
              "ColumnDepth": 30,
              "DepthID": 1
            }
          ],
          "SoilSamples": [
            {
              "SampleMetaData": {
                "SampleNumber": "0",
                "ReportID": "1",
                "FMISSampleID": "TOKA-115",
                "Geometry": {
                  "wkt": "POINT(-122.3688365 37.2687895)"
                }
              },
              "Depths": [
                {
                  "DepthID": "1",
                  "NutrientResults": [
                    {
                      "Element": "P",
                      "ValueUnit": "ug/g",
                      "Value": 4.8
                    },
                    {
                      "Element": "Sand",
                      "ValueUnit": "%",
                      "Value": 37.5
                    },
                    {
                      "Element": "Silt",
                      "ValueUnit": "%",
                      "Value": 30
                    },
                    {
                      "Element": "Clay",
                      "ValueUnit": "%",
                      "Value": 32.5
                    },
                    {
                      "Element": "pH",
                      "ValueUnit": "none",
                      "Value": 5.9
                    },
                    {
                      "Element": "CEC",
                      "ValueUnit": "cmol(+)/kg",
                      "Value": 26.9
                    },
                    {
                      "Element": "Ca",
                      "ValueUnit": "cmol(+)/kg",
                      "Value": 7.42
                    },
                    {
                      "Element": "Mg",
                      "ValueUnit": "cmol(+)/kg",
                      "Value": 8.85
                    },
                    {
                      "Element": "K",
                      "ValueUnit": "cmol(+)/kg",
                      "Value": 0.6205128205128205
                    },
                    {
                      "Element": "Na",
                      "ValueUnit": "cmol(+)/kg",
                      "Value": 0.3739130434782609
                    },
                    {
                      "Element": "TOC",
                      "ValueUnit": "%",
                      "Value": 1.7
                    }
                  ]
                }
              ]
            }
          ]
        }
      }
    }
  ]
}
