{
  "Events": [
    {
      "LabMetaData": {
        "Reports": [
          {
            "ReportID": "1",
            "FileDescription": "2018_RMN 10-40cm_6"
          }
        ]
      },
      "EventMetaData": {
        "EventDate": "2018-02-08",
        "EventType": {
          "Soil": true
        }
      },
      "EventSamples": {
        "Soil": {
          "DepthRefs": [
            {
              "DepthUnit": "cm",
              "StartingDepth": 10,
              "EndingDepth": 40,
              "Name": "10 to 40",
              "ColumnDepth": 30,
              "DepthID": 1
            }
          ],
          "SoilSamples": [
            {
              "SampleMetaData": {
                "SampleNumber": "0",
                "ReportID": "1",
                "FMISSampleID": "TOKA-034",
                "Geometry": {
                  "wkt": "POINT(-122.3644313 37.2561465)"
                }
              },
              "Depths": [
                {
                  "DepthID": "1",
                  "NutrientResults": [
                    {
                      "Element": "P",
                      "ValueUnit": "ug/g",
                      "Value": 27.4
                    },
                    {
                      "Element": "Sand",
                      "ValueUnit": "%",
                      "Value": 21.2
                    },
                    {
                      "Element": "Silt",
                      "ValueUnit": "%",
                      "Value": 36.2
                    },
                    {
                      "Element": "Clay",
                      "ValueUnit": "%",
                      "Value": 42.5
                    },
                    {
                      "Element": "pH",
                      "ValueUnit": "none",
                      "Value": 6.3
                    },
                    {
                      "Element": "CEC",
                      "ValueUnit": "cmol(+)/kg",
                      "Value": 37.8
                    },
                    {
                      "Element": "Ca",
                      "ValueUnit": "cmol(+)/kg",
                      "Value": 18.84
                    },
                    {
                      "Element": "Mg",
                      "ValueUnit": "cmol(+)/kg",
                      "Value": 12.483333333333333
                    },
                    {
                      "Element": "K",
                      "ValueUnit": "cmol(+)/kg",
                      "Value": 0.882051282051282
                    },
                    {
                      "Element": "Na",
                      "ValueUnit": "cmol(+)/kg",
                      "Value": 0.6304347826086957
                    },
                    {
                      "Element": "TOC",
                      "ValueUnit": "%",
                      "Value": 2.9
                    }
                  ]
                }
              ]
            },
            {
              "SampleMetaData": {
                "SampleNumber": "1",
                "ReportID": "1",
                "FMISSampleID": "TOKA-126",
                "Geometry": {
                  "wkt": "POINT(-122.3621152 37.2633452)"
                }
              },
              "Depths": [
                {
                  "DepthID": "1",
                  "NutrientResults": [
                    {
                      "Element": "P",
                      "ValueUnit": "ug/g",
                      "Value": 2.9
                    },
                    {
                      "Element": "Sand",
                      "ValueUnit": "%",
                      "Value": 22.5
                    },
                    {
                      "Element": "Silt",
                      "ValueUnit": "%",
                      "Value": 38.8
                    },
                    {
                      "Element": "Clay",
                      "ValueUnit": "%",
                      "Value": 38.8
                    },
                    {
                      "Element": "pH",
                      "ValueUnit": "none",
                      "Value": 6.2
                    },
                    {
                      "Element": "CEC",
                      "ValueUnit": "cmol(+)/kg",
                      "Value": 33.6
                    },
                    {
                      "Element": "Ca",
                      "ValueUnit": "cmol(+)/kg",
                      "Value": 15.235
                    },
                    {
                      "Element": "Mg",
                      "ValueUnit": "cmol(+)/kg",
                      "Value": 10.441666666666666
                    },
                    {
                      "Element": "K",
                      "ValueUnit": "cmol(+)/kg",
                      "Value": 0.6384615384615384
                    },
                    {
                      "Element": "Na",
                      "ValueUnit": "cmol(+)/kg",
                      "Value": 0.41304347826086957
                    },
                    {
                      "Element": "TOC",
                      "ValueUnit": "%",
                      "Value": 2.4
                    }
                  ]
                }
              ]
            },
            {
              "SampleMetaData": {
                "SampleNumber": "2",
                "ReportID": "1",
                "FMISSampleID": "TOKA-129",
                "Geometry": {
                  "wkt": "POINT(-122.3621760 37.2561344)"
                }
              },
              "Depths": [
                {
                  "DepthID": "1",
                  "NutrientResults": [
                    {
                      "Element": "P",
                      "ValueUnit": "ug/g",
                      "Value": 2.5
                    },
                    {
                      "Element": "Sand",
                      "ValueUnit": "%",
                      "Value": 22.5
                    },
                    {
                      "Element": "Silt",
                      "ValueUnit": "%",
                      "Value": 41.2
                    },
                    {
                      "Element": "Clay",
                      "ValueUnit": "%",
                      "Value": 36.2
                    },
                    {
                      "Element": "pH",
                      "ValueUnit": "none",
                      "Value": 6.2
                    },
                    {
                      "Element": "CEC",
                      "ValueUnit": "cmol(+)/kg",
                      "Value": 22
                    },
                    {
                      "Element": "Ca",
                      "ValueUnit": "cmol(+)/kg",
                      "Value": 8.53
                    },
                    {
                      "Element": "Mg",
                      "ValueUnit": "cmol(+)/kg",
                      "Value": 4.908333333333333
                    },
                    {
                      "Element": "K",
                      "ValueUnit": "cmol(+)/kg",
                      "Value": 0.39487179487179486
                    },
                    {
                      "Element": "Na",
                      "ValueUnit": "cmol(+)/kg",
                      "Value": 0.30434782608695654
                    },
                    {
                      "Element": "TOC",
                      "ValueUnit": "%",
                      "Value": 2.3
                    }
                  ]
                }
              ]
            }
          ]
        }
      }
    }
  ]
}
