<?xml version="1.0" encoding="UTF-8"?>
<ModusResult Version="1.0" xsi:noNamespaceSchemaLocation="modus_result.xsd" xmlns:xsi="http://www.w3.org/2001/XMLSchema-instance">
<Event>
<EventMetaData>
<EventCode>ece3a2a8-4340-48b1-ae1f-d48d1f1e1692</EventCode>
<EventDate>2021-09-24</EventDate>
<EventType>
<Soil/>
</EventType>
<EventExpirationDate>2025-09-30</EventExpirationDate>
</EventMetaData>
<FMISMetaData>
<FMISEventID>2E94H</FMISEventID>
<FMISProfile>
<Grower ID="AULT FARMS, INC."></Grower>
<Farm ID="SCHALE"></Farm>
<Field ID="SCHALE MIKESELL 39.02 AC"></Field>
<Sub-Field ID=""></Sub-Field>
</FMISProfile>
</FMISMetaData>
<LabMetaData>
<LabName>A &amp; L Great Lakes Laboratories</LabName>
<LabID>993ea57e-9364-4477-8ebc-45e1b2464a60</LabID>
<LabEventID>F21271-0035</LabEventID>
<Contact>
<Name>A &amp; L Great Lakes Laboratories</Name>
<PhoneNumber>260-483-4759</PhoneNumber>
<Address>3505 Conestoga Drive, Fort Wayne, IN  46808-4413</Address>
</Contact>
<TestPackageRefs>
<TestPackageRef TestPackageID="1"><Name>S1</Name></TestPackageRef>
<TestPackageRef TestPackageID="2"><Name>S6</Name></TestPackageRef>
</TestPackageRefs>
<ReceivedDate>2021-09-28T12:00:00</ReceivedDate>
<ProcessedDate>2021-09-30T12:00:00</ProcessedDate>
<ClientAccount>
<AccountNumber>30039</AccountNumber>
<Name></Name>
<Company>The Andersons Farm Ctr - GPS</Company>
<City>N MANCHESTER</City>
<State>IN</State>
</ClientAccount>
<Reports>
<Report ReportID="1">
<LabReportID>F21271-0035</LabReportID>
<FileDescription>SoilReport</FileDescription>
<File>
<URL>
<FileName>F21271-0035.pdf</FileName>
<Path>Obscured</Path>
</URL>
</File>
</Report>
</Reports>
</LabMetaData>
<EventSamples>
<Soil>
<DepthRefs>
<DepthRef DepthID="1">
<Name>0 - 8 in</Name>
<StartingDepth>0</StartingDepth>
<EndingDepth>8</EndingDepth>
<ColumnDepth>8</ColumnDepth>
<DepthUnit>in</DepthUnit>
</DepthRef>
</DepthRefs>
<SoilSample>
<SampleMetaData>
<SampleNumber>1</SampleNumber>
<FMISSampleID>1</FMISSampleID>
<OverwriteResult>false</OverwriteResult>
<SampleContainerID>4b38be0c-3d93-4c80-8516-ecd02d038b9c</SampleContainerID>
<ReportID>28051</ReportID>
</SampleMetaData>
<Depths>
<Depth DepthID="1">
<NutrientResults>
<NutrientResult><Element>pH</Element><Value>7.0</Value><ValueUnit>none</ValueUnit><ModusTestID>S-PH-1:1.02.07</ModusTestID><ValueType>Measured</ValueType><ValueDesc xsi:nil="true"/></NutrientResult>
<NutrientResult><Element>OM</Element><Value>2.4</Value><ValueUnit>%</ValueUnit><ModusTestID>S-SOM-LOI.15</ModusTestID><ValueType>Measured</ValueType><ValueDesc xsi:nil="true"/></NutrientResult>
<NutrientResult><Element>P</Element><Value>34</Value><ValueUnit>ppm</ValueUnit><ModusTestID>S-P-B1-1:10.01.03</ModusTestID><ValueType>Calculated</ValueType><ValueDesc xsi:nil="true"/></NutrientResult>
<NutrientResult><Element>K</Element><Value>161</Value><ValueUnit>ppm</ValueUnit><ModusTestID>S-K-NH4AC.05</ModusTestID><ValueType>Calculated</ValueType><ValueDesc xsi:nil="true"/></NutrientResult>
<NutrientResult><Element>Ca</Element><Value>1150</Value><ValueUnit>ppm</ValueUnit><ModusTestID>S-CA-NH4AC.05</ModusTestID><ValueType>Measured</ValueType><ValueDesc xsi:nil="true"/></NutrientResult>
<NutrientResult><Element>Mg</Element><Value>240</Value><ValueUnit>ppm</ValueUnit><ModusTestID>S-MG-NH4AC.05</ModusTestID><ValueType>Calculated</ValueType><ValueDesc xsi:nil="true"/></NutrientResult>
<NutrientResult><Element>CEC</Element><Value>8.2</Value><ValueUnit>meq/100g</ValueUnit><ModusTestID>S-CEC.19</ModusTestID><ValueType>Calculated</ValueType><ValueDesc xsi:nil="true"/></NutrientResult>
<NutrientResult><Element>BS-Ca</Element><Value>70.4</Value><ValueUnit>%</ValueUnit><ModusTestID>S-BS-CA.19</ModusTestID><ValueType>Calculated</ValueType><ValueDesc xsi:nil="true"/></NutrientResult>
<NutrientResult><Element>BS-Mg</Element><Value>24.5</Value><ValueUnit>%</ValueUnit><ModusTestID>S-BS-MG.19</ModusTestID><ValueType>Calculated</ValueType><ValueDesc xsi:nil="true"/></NutrientResult>
<NutrientResult><Element>BS-K</Element><Value>5.1</Value><ValueUnit>%</ValueUnit><ModusTestID>S-BS-K.19</ModusTestID><ValueType>Calculated</ValueType><ValueDesc xsi:nil="true"/></NutrientResult>
<NutrientResult><Element>SO4-S</Element><Value>7</Value><ValueUnit>ppm</ValueUnit><ModusTestID>S-S-NH4AC.05</ModusTestID><ValueType>Measured</ValueType><ValueDesc xsi:nil="true"/></NutrientResult>
<NutrientResult><Element>Zn</Element><Value>3.3</Value><ValueUnit>ppm</ValueUnit><ModusTestID>S-ZN-HCL.05</ModusTestID><ValueType>Measured</ValueType><ValueDesc xsi:nil="true"/></NutrientResult>
<NutrientResult><Element>Mn</Element><Value>46</Value><ValueUnit>ppm</ValueUnit><ModusTestID>S-MN-HCL.05</ModusTestID><ValueType>Measured</ValueType><ValueDesc xsi:nil="true"/></NutrientResult>
<NutrientResult><Element>B</Element><Value>0.7</Value><ValueUnit>ppm</ValueUnit><ModusTestID>S-B-M3.04</ModusTestID><ValueType>Measured</ValueType><ValueDesc xsi:nil="true"/></NutrientResult>
</NutrientResults>
</Depth>
</Depths>
</SoilSample>
<SoilSample>
<SampleMetaData>
<SampleNumber>2</SampleNumber>
<FMISSampleID>2</FMISSampleID>
<OverwriteResult>false</OverwriteResult>
<SampleContainerID>33f8d47b-2517-4e10-9909-bb31c0bb1333</SampleContainerID>
<ReportID>28052</ReportID>
</SampleMetaData>
<Depths>
<Depth DepthID="1">
<NutrientResults>
<NutrientResult><Element>pH</Element><Value>7.6</Value><ValueUnit>none</ValueUnit><ModusTestID>S-PH-1:1.02.07</ModusTestID><ValueType>Measured</ValueType><ValueDesc xsi:nil="true"/></NutrientResult>
<NutrientResult><Element>OM</Element><Value>2.7</Value><ValueUnit>%</ValueUnit><ModusTestID>S-SOM-LOI.15</ModusTestID><ValueType>Measured</ValueType><ValueDesc xsi:nil="true"/></NutrientResult>
<NutrientResult><Element>P</Element><Value>30</Value><ValueUnit>ppm</ValueUnit><ModusTestID>S-P-B1-1:10.01.03</ModusTestID><ValueType>Calculated</ValueType><ValueDesc xsi:nil="true"/></NutrientResult>
<NutrientResult><Element>K</Element><Value>190</Value><ValueUnit>ppm</ValueUnit><ModusTestID>S-K-NH4AC.05</ModusTestID><ValueType>Calculated</ValueType><ValueDesc xsi:nil="true"/></NutrientResult>
<NutrientResult><Element>Ca</Element><Value>1950</Value><ValueUnit>ppm</ValueUnit><ModusTestID>S-CA-NH4AC.05</ModusTestID><ValueType>Measured</ValueType><ValueDesc xsi:nil="true"/></NutrientResult>
<NutrientResult><Element>Mg</Element><Value>265</Value><ValueUnit>ppm</ValueUnit><ModusTestID>S-MG-NH4AC.05</ModusTestID><ValueType>Calculated</ValueType><ValueDesc xsi:nil="true"/></NutrientResult>
<NutrientResult><Element>CEC</Element><Value>12.4</Value><ValueUnit>meq/100g</ValueUnit><ModusTestID>S-CEC.19</ModusTestID><ValueType>Calculated</ValueType><ValueDesc xsi:nil="true"/></NutrientResult>
<NutrientResult><Element>BS-Ca</Element><Value>78.3</Value><ValueUnit>%</ValueUnit><ModusTestID>S-BS-CA.19</ModusTestID><ValueType>Calculated</ValueType><ValueDesc xsi:nil="true"/></NutrientResult>
<NutrientResult><Element>BS-Mg</Element><Value>17.7</Value><ValueUnit>%</ValueUnit><ModusTestID>S-BS-MG.19</ModusTestID><ValueType>Calculated</ValueType><ValueDesc xsi:nil="true"/></NutrientResult>
<NutrientResult><Element>BS-K</Element><Value>3.9</Value><ValueUnit>%</ValueUnit><ModusTestID>S-BS-K.19</ModusTestID><ValueType>Calculated</ValueType><ValueDesc xsi:nil="true"/></NutrientResult>
</NutrientResults>
</Depth>
</Depths>
</SoilSample>
<SoilSample>
<SampleMetaData>
<SampleNumber>3</SampleNumber>
<FMISSampleID>3</FMISSampleID>
<OverwriteResult>false</OverwriteResult>
<SampleContainerID>441879cf-b6b0-4b93-907a-c1ea0e037ef5</SampleContainerID>
<ReportID>28053</ReportID>
</SampleMetaData>
<Depths>
<Depth DepthID="1">
<NutrientResults>
<NutrientResult><Element>pH</Element><Value>7.2</Value><ValueUnit>none</ValueUnit><ModusTestID>S-PH-1:1.02.07</ModusTestID><ValueType>Measured</ValueType><ValueDesc xsi:nil="true"/></NutrientResult>
<NutrientResult><Element>OM</Element><Value>2.7</Value><ValueUnit>%</ValueUnit><ModusTestID>S-SOM-LOI.15</ModusTestID><ValueType>Measured</ValueType><ValueDesc xsi:nil="true"/></NutrientResult>
<NutrientResult><Element>P</Element><Value>35</Value><ValueUnit>ppm</ValueUnit><ModusTestID>S-P-B1-1:10.01.03</ModusTestID><ValueType>Calculated</ValueType><ValueDesc xsi:nil="true"/></NutrientResult>
<NutrientResult><Element>K</Element><Value>178</Value><ValueUnit>ppm</ValueUnit><ModusTestID>S-K-NH4AC.05</ModusTestID><ValueType>Calculated</ValueType><ValueDesc xsi:nil="true"/></NutrientResult>
<NutrientResult><Element>Ca</Element><Value>1600</Value><ValueUnit>ppm</ValueUnit><ModusTestID>S-CA-NH4AC.05</ModusTestID><ValueType>Measured</ValueType><ValueDesc xsi:nil="true"/></NutrientResult>
<NutrientResult><Element>Mg</Element><Value>290</Value><ValueUnit>ppm</ValueUnit><ModusTestID>S-MG-NH4AC.05</ModusTestID><ValueType>Calculated</ValueType><ValueDesc xsi:nil="true"/></NutrientResult>
<NutrientResult><Element>CEC</Element><Value>10.9</Value><ValueUnit>meq/100g</ValueUnit><ModusTestID>S-CEC.19</ModusTestID><ValueType>Calculated</ValueType><ValueDesc xsi:nil="true"/></NutrientResult>
<NutrientResult><Element>BS-Ca</Element><Value>73.6</Value><ValueUnit>%</ValueUnit><ModusTestID>S-BS-CA.19</ModusTestID><ValueType>Calculated</ValueType><ValueDesc xsi:nil="true"/></NutrientResult>
<NutrientResult><Element>BS-Mg</Element><Value>22.2</Value><ValueUnit>%</ValueUnit><ModusTestID>S-BS-MG.19</ModusTestID><ValueType>Calculated</ValueType><ValueDesc xsi:nil="true"/></NutrientResult>
<NutrientResult><Element>BS-K</Element><Value>4.2</Value><ValueUnit>%</ValueUnit><ModusTestID>S-BS-K.19</ModusTestID><ValueType>Calculated</ValueType><ValueDesc xsi:nil="true"/></NutrientResult>
<NutrientResult><Element>SO4-S</Element><Value>7</Value><ValueUnit>ppm</ValueUnit><ModusTestID>S-S-NH4AC.05</ModusTestID><ValueType>Measured</ValueType><ValueDesc xsi:nil="true"/></NutrientResult>
<NutrientResult><Element>Zn</Element><Value>3.8</Value><ValueUnit>ppm</ValueUnit><ModusTestID>S-ZN-HCL.05</ModusTestID><ValueType>Measured</ValueType><ValueDesc xsi:nil="true"/></NutrientResult>
<NutrientResult><Element>Mn</Element><Value>61</Value><ValueUnit>ppm</ValueUnit><ModusTestID>S-MN-HCL.05</ModusTestID><ValueType>Measured</ValueType><ValueDesc xsi:nil="true"/></NutrientResult>
<NutrientResult><Element>B</Element><Value>0.7</Value><ValueUnit>ppm</ValueUnit><ModusTestID>S-B-M3.04</ModusTestID><ValueType>Measured</ValueType><ValueDesc xsi:nil="true"/></NutrientResult>
</NutrientResults>
</Depth>
</Depths>
</SoilSample>
<SoilSample>
<SampleMetaData>
<SampleNumber>4</SampleNumber>
<FMISSampleID>4</FMISSampleID>
<OverwriteResult>false</OverwriteResult>
<SampleContainerID>500e1bfb-8f2c-45c5-9f96-3af32c9e74e9</SampleContainerID>
<ReportID>28054</ReportID>
</SampleMetaData>
<Depths>
<Depth DepthID="1">
<NutrientResults>
<NutrientResult><Element>pH</Element><Value>6.7</Value><ValueUnit>none</ValueUnit><ModusTestID>S-PH-1:1.02.07</ModusTestID><ValueType>Measured</ValueType><ValueDesc xsi:nil="true"/></NutrientResult>
<NutrientResult><Element>BpH</Element><Value>6.9</Value><ValueUnit>none</ValueUnit><ModusTestID>S-BPH-SIK1.02</ModusTestID><ValueType>Measured</ValueType><ValueDesc xsi:nil="true"/></NutrientResult>
<NutrientResult><Element>OM</Element><Value>3.1</Value><ValueUnit>%</ValueUnit><ModusTestID>S-SOM-LOI.15</ModusTestID><ValueType>Measured</ValueType><ValueDesc xsi:nil="true"/></NutrientResult>
<NutrientResult><Element>P</Element><Value>52</Value><ValueUnit>ppm</ValueUnit><ModusTestID>S-P-B1-1:10.01.03</ModusTestID><ValueType>Calculated</ValueType><ValueDesc xsi:nil="true"/></NutrientResult>
<NutrientResult><Element>K</Element><Value>228</Value><ValueUnit>ppm</ValueUnit><ModusTestID>S-K-NH4AC.05</ModusTestID><ValueType>Calculated</ValueType><ValueDesc xsi:nil="true"/></NutrientResult>
<NutrientResult><Element>Ca</Element><Value>1600</Value><ValueUnit>ppm</ValueUnit><ModusTestID>S-CA-NH4AC.05</ModusTestID><ValueType>Measured</ValueType><ValueDesc xsi:nil="true"/></NutrientResult>
<NutrientResult><Element>Mg</Element><Value>305</Value><ValueUnit>ppm</ValueUnit><ModusTestID>S-MG-NH4AC.05</ModusTestID><ValueType>Calculated</ValueType><ValueDesc xsi:nil="true"/></NutrientResult>
<NutrientResult><Element>CEC</Element><Value>12.3</Value><ValueUnit>meq/100g</ValueUnit><ModusTestID>S-CEC.19</ModusTestID><ValueType>Calculated</ValueType><ValueDesc xsi:nil="true"/></NutrientResult>
<NutrientResult><Element>BS-Ca</Element><Value>64.9</Value><ValueUnit>%</ValueUnit><ModusTestID>S-BS-CA.19</ModusTestID><ValueType>Calculated</ValueType><ValueDesc xsi:nil="true"/></NutrientResult>
<NutrientResult><Element>BS-Mg</Element><Value>20.6</Value><ValueUnit>%</ValueUnit><ModusTestID>S-BS-MG.19</ModusTestID><ValueType>Calculated</ValueType><ValueDesc xsi:nil="true"/></NutrientResult>
<NutrientResult><Element>BS-K</Element><Value>4.7</Value><ValueUnit>%</ValueUnit><ModusTestID>S-BS-K.19</ModusTestID><ValueType>Calculated</ValueType><ValueDesc xsi:nil="true"/></NutrientResult>
<NutrientResult><Element>BS-H</Element><Value>9.7</Value><ValueUnit>%</ValueUnit><ModusTestID>S-BS-H.19</ModusTestID><ValueType>Calculated</ValueType><ValueDesc xsi:nil="true"/></NutrientResult>
</NutrientResults>
</Depth>
</Depths>
</SoilSample>
<SoilSample>
<SampleMetaData>
<SampleNumber>5</SampleNumber>
<FMISSampleID>5</FMISSampleID>
<OverwriteResult>false</OverwriteResult>
<SampleContainerID>7268f20c-f742-42f2-a714-27ae33ffbf17</SampleContainerID>
<ReportID>28055</ReportID>
</SampleMetaData>
<Depths>
<Depth DepthID="1">
<NutrientResults>
<NutrientResult><Element>pH</Element><Value>7.4</Value><ValueUnit>none</ValueUnit><ModusTestID>S-PH-1:1.02.07</ModusTestID><ValueType>Measured</ValueType><ValueDesc xsi:nil="true"/></NutrientResult>
<NutrientResult><Element>OM</Element><Value>3.3</Value><ValueUnit>%</ValueUnit><ModusTestID>S-SOM-LOI.15</ModusTestID><ValueType>Measured</ValueType><ValueDesc xsi:nil="true"/></NutrientResult>
<NutrientResult><Element>P</Element><Value>36</Value><ValueUnit>ppm</ValueUnit><ModusTestID>S-P-B1-1:10.01.03</ModusTestID><ValueType>Calculated</ValueType><ValueDesc xsi:nil="true"/></NutrientResult>
<NutrientResult><Element>K</Element><Value>205</Value><ValueUnit>ppm</ValueUnit><ModusTestID>S-K-NH4AC.05</ModusTestID><ValueType>Calculated</ValueType><ValueDesc xsi:nil="true"/></NutrientResult>
<NutrientResult><Element>Ca</Element><Value>2250</Value><ValueUnit>ppm</ValueUnit><ModusTestID>S-CA-NH4AC.05</ModusTestID><ValueType>Measured</ValueType><ValueDesc xsi:nil="true"/></NutrientResult>
<NutrientResult><Element>Mg</Element><Value>365</Value><ValueUnit>ppm</ValueUnit><ModusTestID>S-MG-NH4AC.05</ModusTestID><ValueType>Calculated</ValueType><ValueDesc xsi:nil="true"/></NutrientResult>
<NutrientResult><Element>CEC</Element><Value>14.8</Value><ValueUnit>meq/100g</ValueUnit><ModusTestID>S-CEC.19</ModusTestID><ValueType>Calculated</ValueType><ValueDesc xsi:nil="true"/></NutrientResult>
<NutrientResult><Element>BS-Ca</Element><Value>75.9</Value><ValueUnit>%</ValueUnit><ModusTestID>S-BS-CA.19</ModusTestID><ValueType>Calculated</ValueType><ValueDesc xsi:nil="true"/></NutrientResult>
<NutrientResult><Element>BS-Mg</Element><Value>20.5</Value><ValueUnit>%</ValueUnit><ModusTestID>S-BS-MG.19</ModusTestID><ValueType>Calculated</ValueType><ValueDesc xsi:nil="true"/></NutrientResult>
<NutrientResult><Element>BS-K</Element><Value>4.7</Value><ValueUnit>%</ValueUnit><ModusTestID>S-BS-K.19</ModusTestID><ValueType>Calculated</ValueType><ValueDesc xsi:nil="true"/></NutrientResult>
<NutrientResult><Element>SO4-S</Element><Value>7</Value><ValueUnit>ppm</ValueUnit><ModusTestID>S-S-NH4AC.05</ModusTestID><ValueType>Measured</ValueType><ValueDesc xsi:nil="true"/></NutrientResult>
<NutrientResult><Element>Zn</Element><Value>4.0</Value><ValueUnit>ppm</ValueUnit><ModusTestID>S-ZN-HCL.05</ModusTestID><ValueType>Measured</ValueType><ValueDesc xsi:nil="true"/></NutrientResult>
<NutrientResult><Element>Mn</Element><Value>49</Value><ValueUnit>ppm</ValueUnit><ModusTestID>S-MN-HCL.05</ModusTestID><ValueType>Measured</ValueType><ValueDesc xsi:nil="true"/></NutrientResult>
<NutrientResult><Element>B</Element><Value>1.2</Value><ValueUnit>ppm</ValueUnit><ModusTestID>S-B-M3.04</ModusTestID><ValueType>Measured</ValueType><ValueDesc xsi:nil="true"/></NutrientResult>
</NutrientResults>
</Depth>
</Depths>
</SoilSample>
<SoilSample>
<SampleMetaData>
<SampleNumber>6</SampleNumber>
<FMISSampleID>6</FMISSampleID>
<OverwriteResult>false</OverwriteResult>
<SampleContainerID>87d215b2-ee8f-4735-9809-44bd5b7b89a0</SampleContainerID>
<ReportID>28056</ReportID>
</SampleMetaData>
<Depths>
<Depth DepthID="1">
<NutrientResults>
<NutrientResult><Element>pH</Element><Value>7.2</Value><ValueUnit>none</ValueUnit><ModusTestID>S-PH-1:1.02.07</ModusTestID><ValueType>Measured</ValueType><ValueDesc xsi:nil="true"/></NutrientResult>
<NutrientResult><Element>OM</Element><Value>2.0</Value><ValueUnit>%</ValueUnit><ModusTestID>S-SOM-LOI.15</ModusTestID><ValueType>Measured</ValueType><ValueDesc xsi:nil="true"/></NutrientResult>
<NutrientResult><Element>P</Element><Value>44</Value><ValueUnit>ppm</ValueUnit><ModusTestID>S-P-B1-1:10.01.03</ModusTestID><ValueType>Calculated</ValueType><ValueDesc xsi:nil="true"/></NutrientResult>
<NutrientResult><Element>K</Element><Value>151</Value><ValueUnit>ppm</ValueUnit><ModusTestID>S-K-NH4AC.05</ModusTestID><ValueType>Calculated</ValueType><ValueDesc xsi:nil="true"/></NutrientResult>
<NutrientResult><Element>Ca</Element><Value>1100</Value><ValueUnit>ppm</ValueUnit><ModusTestID>S-CA-NH4AC.05</ModusTestID><ValueType>Measured</ValueType><ValueDesc xsi:nil="true"/></NutrientResult>
<NutrientResult><Element>Mg</Element><Value>255</Value><ValueUnit>ppm</ValueUnit><ModusTestID>S-MG-NH4AC.05</ModusTestID><ValueType>Calculated</ValueType><ValueDesc xsi:nil="true"/></NutrientResult>
<NutrientResult><Element>CEC</Element><Value>8.0</Value><ValueUnit>meq/100g</ValueUnit><ModusTestID>S-CEC.19</ModusTestID><ValueType>Calculated</ValueType><ValueDesc xsi:nil="true"/></NutrientResult>
<NutrientResult><Element>BS-Ca</Element><Value>68.6</Value><ValueUnit>%</ValueUnit><ModusTestID>S-BS-CA.19</ModusTestID><ValueType>Calculated</ValueType><ValueDesc xsi:nil="true"/></NutrientResult>
<NutrientResult><Element>BS-Mg</Element><Value>26.5</Value><ValueUnit>%</ValueUnit><ModusTestID>S-BS-MG.19</ModusTestID><ValueType>Calculated</ValueType><ValueDesc xsi:nil="true"/></NutrientResult>
<NutrientResult><Element>BS-K</Element><Value>4.8</Value><ValueUnit>%</ValueUnit><ModusTestID>S-BS-K.19</ModusTestID><ValueType>Calculated</ValueType><ValueDesc xsi:nil="true"/></NutrientResult>
</NutrientResults>
</Depth>
</Depths>
</SoilSample>
<SoilSample>
<SampleMetaData>
<SampleNumber>7</SampleNumber>
<FMISSampleID>7</FMISSampleID>
<OverwriteResult>false</OverwriteResult>
<SampleContainerID>2b67c235-17f2-4a5a-82c4-72458b106067</SampleContainerID>
<ReportID>28057</ReportID>
</SampleMetaData>
<Depths>
<Depth DepthID="1">
<NutrientResults>
<NutrientResult><Element>pH</Element><Value>6.9</Value><ValueUnit>none</ValueUnit><ModusTestID>S-PH-1:1.02.07</ModusTestID><ValueType>Measured</ValueType><ValueDesc xsi:nil="true"/></NutrientResult>
<NutrientResult><Element>OM</Element><Value>2.3</Value><ValueUnit>%</ValueUnit><ModusTestID>S-SOM-LOI.15</ModusTestID><ValueType>Measured</ValueType><ValueDesc xsi:nil="true"/></NutrientResult>
<NutrientResult><Element>P</Element><Value>44</Value><ValueUnit>ppm</ValueUnit><ModusTestID>S-P-B1-1:10.01.03</ModusTestID><ValueType>Calculated</ValueType><ValueDesc xsi:nil="true"/></NutrientResult>
<NutrientResult><Element>K</Element><Value>130</Value><ValueUnit>ppm</ValueUnit><ModusTestID>S-K-NH4AC.05</ModusTestID><ValueType>Calculated</ValueType><ValueDesc xsi:nil="true"/></NutrientResult>
<NutrientResult><Element>Ca</Element><Value>1050</Value><ValueUnit>ppm</ValueUnit><ModusTestID>S-CA-NH4AC.05</ModusTestID><ValueType>Measured</ValueType><ValueDesc xsi:nil="true"/></NutrientResult>
<NutrientResult><Element>Mg</Element><Value>220</Value><ValueUnit>ppm</ValueUnit><ModusTestID>S-MG-NH4AC.05</ModusTestID><ValueType>Calculated</ValueType><ValueDesc xsi:nil="true"/></NutrientResult>
<NutrientResult><Element>CEC</Element><Value>7.5</Value><ValueUnit>meq/100g</ValueUnit><ModusTestID>S-CEC.19</ModusTestID><ValueType>Calculated</ValueType><ValueDesc xsi:nil="true"/></NutrientResult>
<NutrientResult><Element>BS-Ca</Element><Value>69.7</Value><ValueUnit>%</ValueUnit><ModusTestID>S-BS-CA.19</ModusTestID><ValueType>Calculated</ValueType><ValueDesc xsi:nil="true"/></NutrientResult>
<NutrientResult><Element>BS-Mg</Element><Value>24.3</Value><ValueUnit>%</ValueUnit><ModusTestID>S-BS-MG.19</ModusTestID><ValueType>Calculated</ValueType><ValueDesc xsi:nil="true"/></NutrientResult>
<NutrientResult><Element>BS-K</Element><Value>4.4</Value><ValueUnit>%</ValueUnit><ModusTestID>S-BS-K.19</ModusTestID><ValueType>Calculated</ValueType><ValueDesc xsi:nil="true"/></NutrientResult>
<NutrientResult><Element>BS-H</Element><Value>1.5</Value><ValueUnit>%</ValueUnit><ModusTestID>S-BS-H.19</ModusTestID><ValueType>Calculated</ValueType><ValueDesc xsi:nil="true"/></NutrientResult>
<NutrientResult><Element>SO4-S</Element><Value>5</Value><ValueUnit>ppm</ValueUnit><ModusTestID>S-S-NH4AC.05</ModusTestID><ValueType>Measured</ValueType><ValueDesc xsi:nil="true"/></NutrientResult>
<NutrientResult><Element>Zn</Element><Value>3.1</Value><ValueUnit>ppm</ValueUnit><ModusTestID>S-ZN-HCL.05</ModusTestID><ValueType>Measured</ValueType><ValueDesc xsi:nil="true"/></NutrientResult>
<NutrientResult><Element>Mn</Element><Value>43</Value><ValueUnit>ppm</ValueUnit><ModusTestID>S-MN-HCL.05</ModusTestID><ValueType>Measured</ValueType><ValueDesc xsi:nil="true"/></NutrientResult>
<NutrientResult><Element>B</Element><Value>0.4</Value><ValueUnit>ppm</ValueUnit><ModusTestID>S-B-M3.04</ModusTestID><ValueType>Measured</ValueType><ValueDesc xsi:nil="true"/></NutrientResult>
</NutrientResults>
</Depth>
</Depths>
</SoilSample>
<SoilSample>
<SampleMetaData>
<SampleNumber>8</SampleNumber>
<FMISSampleID>8</FMISSampleID>
<OverwriteResult>false</OverwriteResult>
<SampleContainerID>49a76471-58f6-457a-9c1d-21e70e794c0a</SampleContainerID>
<ReportID>28058</ReportID>
</SampleMetaData>
<Depths>
<Depth DepthID="1">
<NutrientResults>
<NutrientResult><Element>pH</Element><Value>7.1</Value><ValueUnit>none</ValueUnit><ModusTestID>S-PH-1:1.02.07</ModusTestID><ValueType>Measured</ValueType><ValueDesc xsi:nil="true"/></NutrientResult>
<NutrientResult><Element>OM</Element><Value>1.8</Value><ValueUnit>%</ValueUnit><ModusTestID>S-SOM-LOI.15</ModusTestID><ValueType>Measured</ValueType><ValueDesc xsi:nil="true"/></NutrientResult>
<NutrientResult><Element>P</Element><Value>44</Value><ValueUnit>ppm</ValueUnit><ModusTestID>S-P-B1-1:10.01.03</ModusTestID><ValueType>Calculated</ValueType><ValueDesc xsi:nil="true"/></NutrientResult>
<NutrientResult><Element>K</Element><Value>96</Value><ValueUnit>ppm</ValueUnit><ModusTestID>S-K-NH4AC.05</ModusTestID><ValueType>Calculated</ValueType><ValueDesc xsi:nil="true"/></NutrientResult>
<NutrientResult><Element>Ca</Element><Value>900</Value><ValueUnit>ppm</ValueUnit><ModusTestID>S-CA-NH4AC.05</ModusTestID><ValueType>Measured</ValueType><ValueDesc xsi:nil="true"/></NutrientResult>
<NutrientResult><Element>Mg</Element><Value>185</Value><ValueUnit>ppm</ValueUnit><ModusTestID>S-MG-NH4AC.05</ModusTestID><ValueType>Calculated</ValueType><ValueDesc xsi:nil="true"/></NutrientResult>
<NutrientResult><Element>CEC</Element><Value>6.3</Value><ValueUnit>meq/100g</ValueUnit><ModusTestID>S-CEC.19</ModusTestID><ValueType>Calculated</ValueType><ValueDesc xsi:nil="true"/></NutrientResult>
<NutrientResult><Element>BS-Ca</Element><Value>71.6</Value><ValueUnit>%</ValueUnit><ModusTestID>S-BS-CA.19</ModusTestID><ValueType>Calculated</ValueType><ValueDesc xsi:nil="true"/></NutrientResult>
<NutrientResult><Element>BS-Mg</Element><Value>24.5</Value><ValueUnit>%</ValueUnit><ModusTestID>S-BS-MG.19</ModusTestID><ValueType>Calculated</ValueType><ValueDesc xsi:nil="true"/></NutrientResult>
<NutrientResult><Element>BS-K</Element><Value>3.9</Value><ValueUnit>%</ValueUnit><ModusTestID>S-BS-K.19</ModusTestID><ValueType>Calculated</ValueType><ValueDesc xsi:nil="true"/></NutrientResult>
</NutrientResults>
</Depth>
</Depths>
</SoilSample>
<SoilSample>
<SampleMetaData>
<SampleNumber>9</SampleNumber>
<FMISSampleID>9</FMISSampleID>
<OverwriteResult>false</OverwriteResult>
<SampleContainerID>9e082327-50f7-4832-8b17-47e3ec9c176d</SampleContainerID>
<ReportID>28059</ReportID>
</SampleMetaData>
<Depths>
<Depth DepthID="1">
<NutrientResults>
<NutrientResult><Element>pH</Element><Value>7.2</Value><ValueUnit>none</ValueUnit><ModusTestID>S-PH-1:1.02.07</ModusTestID><ValueType>Measured</ValueType><ValueDesc xsi:nil="true"/></NutrientResult>
<NutrientResult><Element>OM</Element><Value>2.1</Value><ValueUnit>%</ValueUnit><ModusTestID>S-SOM-LOI.15</ModusTestID><ValueType>Measured</ValueType><ValueDesc xsi:nil="true"/></NutrientResult>
<NutrientResult><Element>P</Element><Value>46</Value><ValueUnit>ppm</ValueUnit><ModusTestID>S-P-B1-1:10.01.03</ModusTestID><ValueType>Calculated</ValueType><ValueDesc xsi:nil="true"/></NutrientResult>
<NutrientResult><Element>K</Element><Value>173</Value><ValueUnit>ppm</ValueUnit><ModusTestID>S-K-NH4AC.05</ModusTestID><ValueType>Calculated</ValueType><ValueDesc xsi:nil="true"/></NutrientResult>
<NutrientResult><Element>Ca</Element><Value>1100</Value><ValueUnit>ppm</ValueUnit><ModusTestID>S-CA-NH4AC.05</ModusTestID><ValueType>Measured</ValueType><ValueDesc xsi:nil="true"/></NutrientResult>
<NutrientResult><Element>Mg</Element><Value>220</Value><ValueUnit>ppm</ValueUnit><ModusTestID>S-MG-NH4AC.05</ModusTestID><ValueType>Calculated</ValueType><ValueDesc xsi:nil="true"/></NutrientResult>
<NutrientResult><Element>CEC</Element><Value>7.8</Value><ValueUnit>meq/100g</ValueUnit><ModusTestID>S-CEC.19</ModusTestID><ValueType>Calculated</ValueType><ValueDesc xsi:nil="true"/></NutrientResult>
<NutrientResult><Element>BS-Ca</Element><Value>70.7</Value><ValueUnit>%</ValueUnit><ModusTestID>S-BS-CA.19</ModusTestID><ValueType>Calculated</ValueType><ValueDesc xsi:nil="true"/></NutrientResult>
<NutrientResult><Element>BS-Mg</Element><Value>23.6</Value><ValueUnit>%</ValueUnit><ModusTestID>S-BS-MG.19</ModusTestID><ValueType>Calculated</ValueType><ValueDesc xsi:nil="true"/></NutrientResult>
<NutrientResult><Element>BS-K</Element><Value>5.7</Value><ValueUnit>%</ValueUnit><ModusTestID>S-BS-K.19</ModusTestID><ValueType>Calculated</ValueType><ValueDesc xsi:nil="true"/></NutrientResult>
<NutrientResult><Element>SO4-S</Element><Value>6</Value><ValueUnit>ppm</ValueUnit><ModusTestID>S-S-NH4AC.05</ModusTestID><ValueType>Measured</ValueType><ValueDesc xsi:nil="true"/></NutrientResult>
<NutrientResult><Element>Zn</Element><Value>7.5</Value><ValueUnit>ppm</ValueUnit><ModusTestID>S-ZN-HCL.05</ModusTestID><ValueType>Measured</ValueType><ValueDesc xsi:nil="true"/></NutrientResult>
<NutrientResult><Element>Mn</Element><Value>62</Value><ValueUnit>ppm</ValueUnit><ModusTestID>S-MN-HCL.05</ModusTestID><ValueType>Measured</ValueType><ValueDesc xsi:nil="true"/></NutrientResult>
<NutrientResult><Element>B</Element><Value>0.6</Value><ValueUnit>ppm</ValueUnit><ModusTestID>S-B-M3.04</ModusTestID><ValueType>Measured</ValueType><ValueDesc xsi:nil="true"/></NutrientResult>
</NutrientResults>
</Depth>
</Depths>
</SoilSample>
<SoilSample>
<SampleMetaData>
<SampleNumber>10</SampleNumber>
<FMISSampleID>10</FMISSampleID>
<OverwriteResult>false</OverwriteResult>
<SampleContainerID>a7ace243-ebbc-4aa8-b947-36b1f8778f43</SampleContainerID>
<ReportID>28060</ReportID>
</SampleMetaData>
<Depths>
<Depth DepthID="1">
<NutrientResults>
<NutrientResult><Element>pH</Element><Value>7.1</Value><ValueUnit>none</ValueUnit><ModusTestID>S-PH-1:1.02.07</ModusTestID><ValueType>Measured</ValueType><ValueDesc xsi:nil="true"/></NutrientResult>
<NutrientResult><Element>OM</Element><Value>3.2</Value><ValueUnit>%</ValueUnit><ModusTestID>S-SOM-LOI.15</ModusTestID><ValueType>Measured</ValueType><ValueDesc xsi:nil="true"/></NutrientResult>
<NutrientResult><Element>P</Element><Value>81</Value><ValueUnit>ppm</ValueUnit><ModusTestID>S-P-B1-1:10.01.03</ModusTestID><ValueType>Calculated</ValueType><ValueDesc xsi:nil="true"/></NutrientResult>
<NutrientResult><Element>K</Element><Value>215</Value><ValueUnit>ppm</ValueUnit><ModusTestID>S-K-NH4AC.05</ModusTestID><ValueType>Calculated</ValueType><ValueDesc xsi:nil="true"/></NutrientResult>
<NutrientResult><Element>Ca</Element><Value>1450</Value><ValueUnit>ppm</ValueUnit><ModusTestID>S-CA-NH4AC.05</ModusTestID><ValueType>Measured</ValueType><ValueDesc xsi:nil="true"/></NutrientResult>
<NutrientResult><Element>Mg</Element><Value>310</Value><ValueUnit>ppm</ValueUnit><ModusTestID>S-MG-NH4AC.05</ModusTestID><ValueType>Calculated</ValueType><ValueDesc xsi:nil="true"/></NutrientResult>
<NutrientResult><Element>CEC</Element><Value>10.4</Value><ValueUnit>meq/100g</ValueUnit><ModusTestID>S-CEC.19</ModusTestID><ValueType>Calculated</ValueType><ValueDesc xsi:nil="true"/></NutrientResult>
<NutrientResult><Element>BS-Ca</Element><Value>69.8</Value><ValueUnit>%</ValueUnit><ModusTestID>S-BS-CA.19</ModusTestID><ValueType>Calculated</ValueType><ValueDesc xsi:nil="true"/></NutrientResult>
<NutrientResult><Element>BS-Mg</Element><Value>24.9</Value><ValueUnit>%</ValueUnit><ModusTestID>S-BS-MG.19</ModusTestID><ValueType>Calculated</ValueType><ValueDesc xsi:nil="true"/></NutrientResult>
<NutrientResult><Element>BS-K</Element><Value>5.3</Value><ValueUnit>%</ValueUnit><ModusTestID>S-BS-K.19</ModusTestID><ValueType>Calculated</ValueType><ValueDesc xsi:nil="true"/></NutrientResult>
</NutrientResults>
</Depth>
</Depths>
</SoilSample>
<SoilSample>
<SampleMetaData>
<SampleNumber>11</SampleNumber>
<FMISSampleID>11</FMISSampleID>
<OverwriteResult>false</OverwriteResult>
<SampleContainerID>f1058892-270f-4c69-b8a4-97cdbb27af52</SampleContainerID>
<ReportID>28061</ReportID>
</SampleMetaData>
<Depths>
<Depth DepthID="1">
<NutrientResults>
<NutrientResult><Element>pH</Element><Value>7.8</Value><ValueUnit>none</ValueUnit><ModusTestID>S-PH-1:1.02.07</ModusTestID><ValueType>Measured</ValueType><ValueDesc xsi:nil="true"/></NutrientResult>
<NutrientResult><Element>OM</Element><Value>2.5</Value><ValueUnit>%</ValueUnit><ModusTestID>S-SOM-LOI.15</ModusTestID><ValueType>Measured</ValueType><ValueDesc xsi:nil="true"/></NutrientResult>
<NutrientResult><Element>P</Element><Value>101</Value><ValueUnit>ppm</ValueUnit><ModusTestID>S-P-B1-1:10.01.03</ModusTestID><ValueType>Calculated</ValueType><ValueDesc xsi:nil="true"/></NutrientResult>
<NutrientResult><Element>K</Element><Value>251</Value><ValueUnit>ppm</ValueUnit><ModusTestID>S-K-NH4AC.05</ModusTestID><ValueType>Calculated</ValueType><ValueDesc xsi:nil="true"/></NutrientResult>
<NutrientResult><Element>Ca</Element><Value>2900</Value><ValueUnit>ppm</ValueUnit><ModusTestID>S-CA-NH4AC.05</ModusTestID><ValueType>Measured</ValueType><ValueDesc xsi:nil="true"/></NutrientResult>
<NutrientResult><Element>Mg</Element><Value>190</Value><ValueUnit>ppm</ValueUnit><ModusTestID>S-MG-NH4AC.05</ModusTestID><ValueType>Calculated</ValueType><ValueDesc xsi:nil="true"/></NutrientResult>
<NutrientResult><Element>CEC</Element><Value>10.4</Value><ValueUnit>meq/100g</ValueUnit><ModusTestID>S-CEC.19</ModusTestID><ValueType>Calculated</ValueType><ValueDesc xsi:nil="true"/></NutrientResult>
<NutrientResult><Element>BS-Ca</Element><Value>86.7</Value><ValueUnit>%</ValueUnit><ModusTestID>S-BS-CA.19</ModusTestID><ValueType>Calculated</ValueType><ValueDesc xsi:nil="true"/></NutrientResult>
<NutrientResult><Element>BS-Mg</Element><Value>9.5</Value><ValueUnit>%</ValueUnit><ModusTestID>S-BS-MG.19</ModusTestID><ValueType>Calculated</ValueType><ValueDesc xsi:nil="true"/></NutrientResult>
<NutrientResult><Element>BS-K</Element><Value>3.8</Value><ValueUnit>%</ValueUnit><ModusTestID>S-BS-K.19</ModusTestID><ValueType>Calculated</ValueType><ValueDesc xsi:nil="true"/></NutrientResult>
<NutrientResult><Element>SO4-S</Element><Value>6</Value><ValueUnit>ppm</ValueUnit><ModusTestID>S-S-NH4AC.05</ModusTestID><ValueType>Measured</ValueType><ValueDesc xsi:nil="true"/></NutrientResult>
<NutrientResult><Element>Zn</Element><Value>12.9</Value><ValueUnit>ppm</ValueUnit><ModusTestID>S-ZN-HCL.05</ModusTestID><ValueType>Measured</ValueType><ValueDesc xsi:nil="true"/></NutrientResult>
<NutrientResult><Element>Mn</Element><Value>56</Value><ValueUnit>ppm</ValueUnit><ModusTestID>S-MN-HCL.05</ModusTestID><ValueType>Measured</ValueType><ValueDesc xsi:nil="true"/></NutrientResult>
<NutrientResult><Element>B</Element><Value>1.0</Value><ValueUnit>ppm</ValueUnit><ModusTestID>S-B-M3.04</ModusTestID><ValueType>Measured</ValueType><ValueDesc xsi:nil="true"/></NutrientResult>
</NutrientResults>
</Depth>
</Depths>
</SoilSample>
<SoilSample>
<SampleMetaData>
<SampleNumber>12</SampleNumber>
<FMISSampleID>12</FMISSampleID>
<OverwriteResult>false</OverwriteResult>
<SampleContainerID>90aa9c63-407b-46bb-93c6-a02a732d127a</SampleContainerID>
<ReportID>28062</ReportID>
</SampleMetaData>
<Depths>
<Depth DepthID="1">
<NutrientResults>
<NutrientResult><Element>pH</Element><Value>7.4</Value><ValueUnit>none</ValueUnit><ModusTestID>S-PH-1:1.02.07</ModusTestID><ValueType>Measured</ValueType><ValueDesc xsi:nil="true"/></NutrientResult>
<NutrientResult><Element>OM</Element><Value>2.5</Value><ValueUnit>%</ValueUnit><ModusTestID>S-SOM-LOI.15</ModusTestID><ValueType>Measured</ValueType><ValueDesc xsi:nil="true"/></NutrientResult>
<NutrientResult><Element>P</Element><Value>72</Value><ValueUnit>ppm</ValueUnit><ModusTestID>S-P-B1-1:10.01.03</ModusTestID><ValueType>Calculated</ValueType><ValueDesc xsi:nil="true"/></NutrientResult>
<NutrientResult><Element>K</Element><Value>139</Value><ValueUnit>ppm</ValueUnit><ModusTestID>S-K-NH4AC.05</ModusTestID><ValueType>Calculated</ValueType><ValueDesc xsi:nil="true"/></NutrientResult>
<NutrientResult><Element>Ca</Element><Value>1200</Value><ValueUnit>ppm</ValueUnit><ModusTestID>S-CA-NH4AC.05</ModusTestID><ValueType>Measured</ValueType><ValueDesc xsi:nil="true"/></NutrientResult>
<NutrientResult><Element>Mg</Element><Value>280</Value><ValueUnit>ppm</ValueUnit><ModusTestID>S-MG-NH4AC.05</ModusTestID><ValueType>Calculated</ValueType><ValueDesc xsi:nil="true"/></NutrientResult>
<NutrientResult><Element>CEC</Element><Value>8.7</Value><ValueUnit>meq/100g</ValueUnit><ModusTestID>S-CEC.19</ModusTestID><ValueType>Calculated</ValueType><ValueDesc xsi:nil="true"/></NutrientResult>
<NutrientResult><Element>BS-Ca</Element><Value>69.0</Value><ValueUnit>%</ValueUnit><ModusTestID>S-BS-CA.19</ModusTestID><ValueType>Calculated</ValueType><ValueDesc xsi:nil="true"/></NutrientResult>
<NutrientResult><Element>BS-Mg</Element><Value>26.9</Value><ValueUnit>%</ValueUnit><ModusTestID>S-BS-MG.19</ModusTestID><ValueType>Calculated</ValueType><ValueDesc xsi:nil="true"/></NutrientResult>
<NutrientResult><Element>BS-K</Element><Value>4.1</Value><ValueUnit>%</ValueUnit><ModusTestID>S-BS-K.19</ModusTestID><ValueType>Calculated</ValueType><ValueDesc xsi:nil="true"/></NutrientResult>
</NutrientResults>
</Depth>
</Depths>
</SoilSample>
<SoilSample>
<SampleMetaData>
<SampleNumber>13</SampleNumber>
<FMISSampleID>13</FMISSampleID>
<OverwriteResult>false</OverwriteResult>
<SampleContainerID>9143326f-81e3-4700-beaa-55e713c54752</SampleContainerID>
<ReportID>28063</ReportID>
</SampleMetaData>
<Depths>
<Depth DepthID="1">
<NutrientResults>
<NutrientResult><Element>pH</Element><Value>6.7</Value><ValueUnit>none</ValueUnit><ModusTestID>S-PH-1:1.02.07</ModusTestID><ValueType>Measured</ValueType><ValueDesc xsi:nil="true"/></NutrientResult>
<NutrientResult><Element>BpH</Element><Value>6.9</Value><ValueUnit>none</ValueUnit><ModusTestID>S-BPH-SIK1.02</ModusTestID><ValueType>Measured</ValueType><ValueDesc xsi:nil="true"/></NutrientResult>
<NutrientResult><Element>OM</Element><Value>2.2</Value><ValueUnit>%</ValueUnit><ModusTestID>S-SOM-LOI.15</ModusTestID><ValueType>Measured</ValueType><ValueDesc xsi:nil="true"/></NutrientResult>
<NutrientResult><Element>P</Element><Value>40</Value><ValueUnit>ppm</ValueUnit><ModusTestID>S-P-B1-1:10.01.03</ModusTestID><ValueType>Calculated</ValueType><ValueDesc xsi:nil="true"/></NutrientResult>
<NutrientResult><Element>K</Element><Value>151</Value><ValueUnit>ppm</ValueUnit><ModusTestID>S-K-NH4AC.05</ModusTestID><ValueType>Calculated</ValueType><ValueDesc xsi:nil="true"/></NutrientResult>
<NutrientResult><Element>Ca</Element><Value>1000</Value><ValueUnit>ppm</ValueUnit><ModusTestID>S-CA-NH4AC.05</ModusTestID><ValueType>Measured</ValueType><ValueDesc xsi:nil="true"/></NutrientResult>
<NutrientResult><Element>Mg</Element><Value>210</Value><ValueUnit>ppm</ValueUnit><ModusTestID>S-MG-NH4AC.05</ModusTestID><ValueType>Calculated</ValueType><ValueDesc xsi:nil="true"/></NutrientResult>
<NutrientResult><Element>CEC</Element><Value>8.3</Value><ValueUnit>meq/100g</ValueUnit><ModusTestID>S-CEC.19</ModusTestID><ValueType>Calculated</ValueType><ValueDesc xsi:nil="true"/></NutrientResult>
<NutrientResult><Element>BS-Ca</Element><Value>60.0</Value><ValueUnit>%</ValueUnit><ModusTestID>S-BS-CA.19</ModusTestID><ValueType>Calculated</ValueType><ValueDesc xsi:nil="true"/></NutrientResult>
<NutrientResult><Element>BS-Mg</Element><Value>21.0</Value><ValueUnit>%</ValueUnit><ModusTestID>S-BS-MG.19</ModusTestID><ValueType>Calculated</ValueType><ValueDesc xsi:nil="true"/></NutrientResult>
<NutrientResult><Element>BS-K</Element><Value>4.6</Value><ValueUnit>%</ValueUnit><ModusTestID>S-BS-K.19</ModusTestID><ValueType>Calculated</ValueType><ValueDesc xsi:nil="true"/></NutrientResult>
<NutrientResult><Element>BS-H</Element><Value>14.4</Value><ValueUnit>%</ValueUnit><ModusTestID>S-BS-H.19</ModusTestID><ValueType>Calculated</ValueType><ValueDesc xsi:nil="true"/></NutrientResult>
<NutrientResult><Element>SO4-S</Element><Value>6</Value><ValueUnit>ppm</ValueUnit><ModusTestID>S-S-NH4AC.05</ModusTestID><ValueType>Measured</ValueType><ValueDesc xsi:nil="true"/></NutrientResult>
<NutrientResult><Element>Zn</Element><Value>3.8</Value><ValueUnit>ppm</ValueUnit><ModusTestID>S-ZN-HCL.05</ModusTestID><ValueType>Measured</ValueType><ValueDesc xsi:nil="true"/></NutrientResult>
<NutrientResult><Element>Mn</Element><Value>57</Value><ValueUnit>ppm</ValueUnit><ModusTestID>S-MN-HCL.05</ModusTestID><ValueType>Measured</ValueType><ValueDesc xsi:nil="true"/></NutrientResult>
<NutrientResult><Element>B</Element><Value>0.4</Value><ValueUnit>ppm</ValueUnit><ModusTestID>S-B-M3.04</ModusTestID><ValueType>Measured</ValueType><ValueDesc xsi:nil="true"/></NutrientResult>
</NutrientResults>
</Depth>
</Depths>
</SoilSample>
<SoilSample>
<SampleMetaData>
<SampleNumber>14</SampleNumber>
<FMISSampleID>14</FMISSampleID>
<OverwriteResult>false</OverwriteResult>
<SampleContainerID>fbed6196-7a1c-4d0f-b1f5-866b74fb1164</SampleContainerID>
<ReportID>28066</ReportID>
</SampleMetaData>
<Depths>
<Depth DepthID="1">
<NutrientResults>
<NutrientResult><Element>pH</Element><Value>6.8</Value><ValueUnit>none</ValueUnit><ModusTestID>S-PH-1:1.02.07</ModusTestID><ValueType>Measured</ValueType><ValueDesc xsi:nil="true"/></NutrientResult>
<NutrientResult><Element>OM</Element><Value>1.6</Value><ValueUnit>%</ValueUnit><ModusTestID>S-SOM-LOI.15</ModusTestID><ValueType>Measured</ValueType><ValueDesc xsi:nil="true"/></NutrientResult>
<NutrientResult><Element>P</Element><Value>19</Value><ValueUnit>ppm</ValueUnit><ModusTestID>S-P-B1-1:10.01.03</ModusTestID><ValueType>Calculated</ValueType><ValueDesc xsi:nil="true"/></NutrientResult>
<NutrientResult><Element>K</Element><Value>139</Value><ValueUnit>ppm</ValueUnit><ModusTestID>S-K-NH4AC.05</ModusTestID><ValueType>Calculated</ValueType><ValueDesc xsi:nil="true"/></NutrientResult>
<NutrientResult><Element>Ca</Element><Value>900</Value><ValueUnit>ppm</ValueUnit><ModusTestID>S-CA-NH4AC.05</ModusTestID><ValueType>Measured</ValueType><ValueDesc xsi:nil="true"/></NutrientResult>
<NutrientResult><Element>Mg</Element><Value>205</Value><ValueUnit>ppm</ValueUnit><ModusTestID>S-MG-NH4AC.05</ModusTestID><ValueType>Calculated</ValueType><ValueDesc xsi:nil="true"/></NutrientResult>
<NutrientResult><Element>CEC</Element><Value>6.8</Value><ValueUnit>meq/100g</ValueUnit><ModusTestID>S-CEC.19</ModusTestID><ValueType>Calculated</ValueType><ValueDesc xsi:nil="true"/></NutrientResult>
<NutrientResult><Element>BS-Ca</Element><Value>66.5</Value><ValueUnit>%</ValueUnit><ModusTestID>S-BS-CA.19</ModusTestID><ValueType>Calculated</ValueType><ValueDesc xsi:nil="true"/></NutrientResult>
<NutrientResult><Element>BS-Mg</Element><Value>25.2</Value><ValueUnit>%</ValueUnit><ModusTestID>S-BS-MG.19</ModusTestID><ValueType>Calculated</ValueType><ValueDesc xsi:nil="true"/></NutrientResult>
<NutrientResult><Element>BS-K</Element><Value>5.3</Value><ValueUnit>%</ValueUnit><ModusTestID>S-BS-K.19</ModusTestID><ValueType>Calculated</ValueType><ValueDesc xsi:nil="true"/></NutrientResult>
<NutrientResult><Element>BS-H</Element><Value>3.0</Value><ValueUnit>%</ValueUnit><ModusTestID>S-BS-H.19</ModusTestID><ValueType>Calculated</ValueType><ValueDesc xsi:nil="true"/></NutrientResult>
</NutrientResults>
</Depth>
</Depths>
</SoilSample>
<SoilSample>
<SampleMetaData>
<SampleNumber>15</SampleNumber>
<FMISSampleID>15</FMISSampleID>
<OverwriteResult>false</OverwriteResult>
<SampleContainerID>e5b5d85a-e55b-446e-842e-aa872187cc55</SampleContainerID>
<ReportID>28067</ReportID>
</SampleMetaData>
<Depths>
<Depth DepthID="1">
<NutrientResults>
<NutrientResult><Element>pH</Element><Value>6.3</Value><ValueUnit>none</ValueUnit><ModusTestID>S-PH-1:1.02.07</ModusTestID><ValueType>Measured</ValueType><ValueDesc xsi:nil="true"/></NutrientResult>
<NutrientResult><Element>BpH</Element><Value>6.8</Value><ValueUnit>none</ValueUnit><ModusTestID>S-BPH-SIK1.02</ModusTestID><ValueType>Measured</ValueType><ValueDesc xsi:nil="true"/></NutrientResult>
<NutrientResult><Element>OM</Element><Value>3.6</Value><ValueUnit>%</ValueUnit><ModusTestID>S-SOM-LOI.15</ModusTestID><ValueType>Measured</ValueType><ValueDesc xsi:nil="true"/></NutrientResult>
<NutrientResult><Element>P</Element><Value>85</Value><ValueUnit>ppm</ValueUnit><ModusTestID>S-P-B1-1:10.01.03</ModusTestID><ValueType>Calculated</ValueType><ValueDesc xsi:nil="true"/></NutrientResult>
<NutrientResult><Element>K</Element><Value>245</Value><ValueUnit>ppm</ValueUnit><ModusTestID>S-K-NH4AC.05</ModusTestID><ValueType>Calculated</ValueType><ValueDesc xsi:nil="true"/></NutrientResult>
<NutrientResult><Element>Ca</Element><Value>1600</Value><ValueUnit>ppm</ValueUnit><ModusTestID>S-CA-NH4AC.05</ModusTestID><ValueType>Measured</ValueType><ValueDesc xsi:nil="true"/></NutrientResult>
<NutrientResult><Element>Mg</Element><Value>295</Value><ValueUnit>ppm</ValueUnit><ModusTestID>S-MG-NH4AC.05</ModusTestID><ValueType>Calculated</ValueType><ValueDesc xsi:nil="true"/></NutrientResult>
<NutrientResult><Element>CEC</Element><Value>13.5</Value><ValueUnit>meq/100g</ValueUnit><ModusTestID>S-CEC.19</ModusTestID><ValueType>Calculated</ValueType><ValueDesc xsi:nil="true"/></NutrientResult>
<NutrientResult><Element>BS-Ca</Element><Value>59.3</Value><ValueUnit>%</ValueUnit><ModusTestID>S-BS-CA.19</ModusTestID><ValueType>Calculated</ValueType><ValueDesc xsi:nil="true"/></NutrientResult>
<NutrientResult><Element>BS-Mg</Element><Value>18.2</Value><ValueUnit>%</ValueUnit><ModusTestID>S-BS-MG.19</ModusTestID><ValueType>Calculated</ValueType><ValueDesc xsi:nil="true"/></NutrientResult>
<NutrientResult><Element>BS-K</Element><Value>4.7</Value><ValueUnit>%</ValueUnit><ModusTestID>S-BS-K.19</ModusTestID><ValueType>Calculated</ValueType><ValueDesc xsi:nil="true"/></NutrientResult>
<NutrientResult><Element>BS-H</Element><Value>17.8</Value><ValueUnit>%</ValueUnit><ModusTestID>S-BS-H.19</ModusTestID><ValueType>Calculated</ValueType><ValueDesc xsi:nil="true"/></NutrientResult>
<NutrientResult><Element>SO4-S</Element><Value>7</Value><ValueUnit>ppm</ValueUnit><ModusTestID>S-S-NH4AC.05</ModusTestID><ValueType>Measured</ValueType><ValueDesc xsi:nil="true"/></NutrientResult>
<NutrientResult><Element>Zn</Element><Value>5.8</Value><ValueUnit>ppm</ValueUnit><ModusTestID>S-ZN-HCL.05</ModusTestID><ValueType>Measured</ValueType><ValueDesc xsi:nil="true"/></NutrientResult>
<NutrientResult><Element>Mn</Element><Value>36</Value><ValueUnit>ppm</ValueUnit><ModusTestID>S-MN-HCL.05</ModusTestID><ValueType>Measured</ValueType><ValueDesc xsi:nil="true"/></NutrientResult>
<NutrientResult><Element>B</Element><Value>0.7</Value><ValueUnit>ppm</ValueUnit><ModusTestID>S-B-M3.04</ModusTestID><ValueType>Measured</ValueType><ValueDesc xsi:nil="true"/></NutrientResult>
</NutrientResults>
</Depth>
</Depths>
</SoilSample>
<SoilSample>
<SampleMetaData>
<SampleNumber>16</SampleNumber>
<FMISSampleID>16</FMISSampleID>
<OverwriteResult>false</OverwriteResult>
<SampleContainerID>0247327a-c3e1-4928-98bd-f252811ccf20</SampleContainerID>
<ReportID>28068</ReportID>
</SampleMetaData>
<Depths>
<Depth DepthID="1">
<NutrientResults>
<NutrientResult><Element>pH</Element><Value>6.6</Value><ValueUnit>none</ValueUnit><ModusTestID>S-PH-1:1.02.07</ModusTestID><ValueType>Measured</ValueType><ValueDesc xsi:nil="true"/></NutrientResult>
<NutrientResult><Element>BpH</Element><Value>6.9</Value><ValueUnit>none</ValueUnit><ModusTestID>S-BPH-SIK1.02</ModusTestID><ValueType>Measured</ValueType><ValueDesc xsi:nil="true"/></NutrientResult>
<NutrientResult><Element>OM</Element><Value>1.5</Value><ValueUnit>%</ValueUnit><ModusTestID>S-SOM-LOI.15</ModusTestID><ValueType>Measured</ValueType><ValueDesc xsi:nil="true"/></NutrientResult>
<NutrientResult><Element>P</Element><Value>57</Value><ValueUnit>ppm</ValueUnit><ModusTestID>S-P-B1-1:10.01.03</ModusTestID><ValueType>Calculated</ValueType><ValueDesc xsi:nil="true"/></NutrientResult>
<NutrientResult><Element>K</Element><Value>146</Value><ValueUnit>ppm</ValueUnit><ModusTestID>S-K-NH4AC.05</ModusTestID><ValueType>Calculated</ValueType><ValueDesc xsi:nil="true"/></NutrientResult>
<NutrientResult><Element>Ca</Element><Value>750</Value><ValueUnit>ppm</ValueUnit><ModusTestID>S-CA-NH4AC.05</ModusTestID><ValueType>Measured</ValueType><ValueDesc xsi:nil="true"/></NutrientResult>
<NutrientResult><Element>Mg</Element><Value>160</Value><ValueUnit>ppm</ValueUnit><ModusTestID>S-MG-NH4AC.05</ModusTestID><ValueType>Calculated</ValueType><ValueDesc xsi:nil="true"/></NutrientResult>
<NutrientResult><Element>CEC</Element><Value>6.7</Value><ValueUnit>meq/100g</ValueUnit><ModusTestID>S-CEC.19</ModusTestID><ValueType>Calculated</ValueType><ValueDesc xsi:nil="true"/></NutrientResult>
<NutrientResult><Element>BS-Ca</Element><Value>56.3</Value><ValueUnit>%</ValueUnit><ModusTestID>S-BS-CA.19</ModusTestID><ValueType>Calculated</ValueType><ValueDesc xsi:nil="true"/></NutrientResult>
<NutrientResult><Element>BS-Mg</Element><Value>20.0</Value><ValueUnit>%</ValueUnit><ModusTestID>S-BS-MG.19</ModusTestID><ValueType>Calculated</ValueType><ValueDesc xsi:nil="true"/></NutrientResult>
<NutrientResult><Element>BS-K</Element><Value>5.6</Value><ValueUnit>%</ValueUnit><ModusTestID>S-BS-K.19</ModusTestID><ValueType>Calculated</ValueType><ValueDesc xsi:nil="true"/></NutrientResult>
<NutrientResult><Element>BS-H</Element><Value>18.0</Value><ValueUnit>%</ValueUnit><ModusTestID>S-BS-H.19</ModusTestID><ValueType>Calculated</ValueType><ValueDesc xsi:nil="true"/></NutrientResult>
</NutrientResults>
</Depth>
</Depths>
</SoilSample>
<SoilSample>
<SampleMetaData>
<SampleNumber>17</SampleNumber>
<FMISSampleID>17</FMISSampleID>
<OverwriteResult>false</OverwriteResult>
<SampleContainerID>72f3b601-99a5-4dd6-9cee-344202fbab13</SampleContainerID>
<ReportID>28069</ReportID>
</SampleMetaData>
<Depths>
<Depth DepthID="1">
<NutrientResults>
<NutrientResult><Element>pH</Element><Value>6.8</Value><ValueUnit>none</ValueUnit><ModusTestID>S-PH-1:1.02.07</ModusTestID><ValueType>Measured</ValueType><ValueDesc xsi:nil="true"/></NutrientResult>
<NutrientResult><Element>OM</Element><Value>1.6</Value><ValueUnit>%</ValueUnit><ModusTestID>S-SOM-LOI.15</ModusTestID><ValueType>Measured</ValueType><ValueDesc xsi:nil="true"/></NutrientResult>
<NutrientResult><Element>P</Element><Value>53</Value><ValueUnit>ppm</ValueUnit><ModusTestID>S-P-B1-1:10.01.03</ModusTestID><ValueType>Calculated</ValueType><ValueDesc xsi:nil="true"/></NutrientResult>
<NutrientResult><Element>K</Element><Value>145</Value><ValueUnit>ppm</ValueUnit><ModusTestID>S-K-NH4AC.05</ModusTestID><ValueType>Calculated</ValueType><ValueDesc xsi:nil="true"/></NutrientResult>
<NutrientResult><Element>Ca</Element><Value>700</Value><ValueUnit>ppm</ValueUnit><ModusTestID>S-CA-NH4AC.05</ModusTestID><ValueType>Measured</ValueType><ValueDesc xsi:nil="true"/></NutrientResult>
<NutrientResult><Element>Mg</Element><Value>175</Value><ValueUnit>ppm</ValueUnit><ModusTestID>S-MG-NH4AC.05</ModusTestID><ValueType>Calculated</ValueType><ValueDesc xsi:nil="true"/></NutrientResult>
<NutrientResult><Element>CEC</Element><Value>5.5</Value><ValueUnit>meq/100g</ValueUnit><ModusTestID>S-CEC.19</ModusTestID><ValueType>Calculated</ValueType><ValueDesc xsi:nil="true"/></NutrientResult>
<NutrientResult><Element>BS-Ca</Element><Value>63.7</Value><ValueUnit>%</ValueUnit><ModusTestID>S-BS-CA.19</ModusTestID><ValueType>Calculated</ValueType><ValueDesc xsi:nil="true"/></NutrientResult>
<NutrientResult><Element>BS-Mg</Element><Value>26.5</Value><ValueUnit>%</ValueUnit><ModusTestID>S-BS-MG.19</ModusTestID><ValueType>Calculated</ValueType><ValueDesc xsi:nil="true"/></NutrientResult>
<NutrientResult><Element>BS-K</Element><Value>6.8</Value><ValueUnit>%</ValueUnit><ModusTestID>S-BS-K.19</ModusTestID><ValueType>Calculated</ValueType><ValueDesc xsi:nil="true"/></NutrientResult>
<NutrientResult><Element>BS-H</Element><Value>3.0</Value><ValueUnit>%</ValueUnit><ModusTestID>S-BS-H.19</ModusTestID><ValueType>Calculated</ValueType><ValueDesc xsi:nil="true"/></NutrientResult>
<NutrientResult><Element>SO4-S</Element><Value>5</Value><ValueUnit>ppm</ValueUnit><ModusTestID>S-S-NH4AC.05</ModusTestID><ValueType>Measured</ValueType><ValueDesc xsi:nil="true"/></NutrientResult>
<NutrientResult><Element>Zn</Element><Value>3.3</Value><ValueUnit>ppm</ValueUnit><ModusTestID>S-ZN-HCL.05</ModusTestID><ValueType>Measured</ValueType><ValueDesc xsi:nil="true"/></NutrientResult>
<NutrientResult><Element>Mn</Element><Value>43</Value><ValueUnit>ppm</ValueUnit><ModusTestID>S-MN-HCL.05</ModusTestID><ValueType>Measured</ValueType><ValueDesc xsi:nil="true"/></NutrientResult>
<NutrientResult><Element>B</Element><Value>0.5</Value><ValueUnit>ppm</ValueUnit><ModusTestID>S-B-M3.04</ModusTestID><ValueType>Measured</ValueType><ValueDesc xsi:nil="true"/></NutrientResult>
</NutrientResults>
</Depth>
</Depths>
</SoilSample>
<SoilSample>
<SampleMetaData>
<SampleNumber>18</SampleNumber>
<FMISSampleID>18</FMISSampleID>
<OverwriteResult>false</OverwriteResult>
<SampleContainerID>c651855c-c013-4d76-a7e2-ab5f71a6c1f2</SampleContainerID>
<ReportID>28070</ReportID>
</SampleMetaData>
<Depths>
<Depth DepthID="1">
<NutrientResults>
<NutrientResult><Element>pH</Element><Value>6.5</Value><ValueUnit>none</ValueUnit><ModusTestID>S-PH-1:1.02.07</ModusTestID><ValueType>Measured</ValueType><ValueDesc xsi:nil="true"/></NutrientResult>
<NutrientResult><Element>BpH</Element><Value>6.9</Value><ValueUnit>none</ValueUnit><ModusTestID>S-BPH-SIK1.02</ModusTestID><ValueType>Measured</ValueType><ValueDesc xsi:nil="true"/></NutrientResult>
<NutrientResult><Element>OM</Element><Value>2.5</Value><ValueUnit>%</ValueUnit><ModusTestID>S-SOM-LOI.15</ModusTestID><ValueType>Measured</ValueType><ValueDesc xsi:nil="true"/></NutrientResult>
<NutrientResult><Element>P</Element><Value>53</Value><ValueUnit>ppm</ValueUnit><ModusTestID>S-P-B1-1:10.01.03</ModusTestID><ValueType>Calculated</ValueType><ValueDesc xsi:nil="true"/></NutrientResult>
<NutrientResult><Element>K</Element><Value>180</Value><ValueUnit>ppm</ValueUnit><ModusTestID>S-K-NH4AC.05</ModusTestID><ValueType>Calculated</ValueType><ValueDesc xsi:nil="true"/></NutrientResult>
<NutrientResult><Element>Ca</Element><Value>1100</Value><ValueUnit>ppm</ValueUnit><ModusTestID>S-CA-NH4AC.05</ModusTestID><ValueType>Measured</ValueType><ValueDesc xsi:nil="true"/></NutrientResult>
<NutrientResult><Element>Mg</Element><Value>240</Value><ValueUnit>ppm</ValueUnit><ModusTestID>S-MG-NH4AC.05</ModusTestID><ValueType>Calculated</ValueType><ValueDesc xsi:nil="true"/></NutrientResult>
<NutrientResult><Element>CEC</Element><Value>9.2</Value><ValueUnit>meq/100g</ValueUnit><ModusTestID>S-CEC.19</ModusTestID><ValueType>Calculated</ValueType><ValueDesc xsi:nil="true"/></NutrientResult>
<NutrientResult><Element>BS-Ca</Element><Value>60.0</Value><ValueUnit>%</ValueUnit><ModusTestID>S-BS-CA.19</ModusTestID><ValueType>Calculated</ValueType><ValueDesc xsi:nil="true"/></NutrientResult>
<NutrientResult><Element>BS-Mg</Element><Value>21.8</Value><ValueUnit>%</ValueUnit><ModusTestID>S-BS-MG.19</ModusTestID><ValueType>Calculated</ValueType><ValueDesc xsi:nil="true"/></NutrientResult>
<NutrientResult><Element>BS-K</Element><Value>5.0</Value><ValueUnit>%</ValueUnit><ModusTestID>S-BS-K.19</ModusTestID><ValueType>Calculated</ValueType><ValueDesc xsi:nil="true"/></NutrientResult>
<NutrientResult><Element>BS-H</Element><Value>13.1</Value><ValueUnit>%</ValueUnit><ModusTestID>S-BS-H.19</ModusTestID><ValueType>Calculated</ValueType><ValueDesc xsi:nil="true"/></NutrientResult>
</NutrientResults>
</Depth>
</Depths>
</SoilSample>
<SoilSample>
<SampleMetaData>
<SampleNumber>19</SampleNumber>
<FMISSampleID>19</FMISSampleID>
<OverwriteResult>false</OverwriteResult>
<SampleContainerID>5cdc3e00-ffc7-4d13-b1d7-1997e297f85c</SampleContainerID>
<ReportID>28071</ReportID>
</SampleMetaData>
<Depths>
<Depth DepthID="1">
<NutrientResults>
<NutrientResult><Element>pH</Element><Value>6.1</Value><ValueUnit>none</ValueUnit><ModusTestID>S-PH-1:1.02.07</ModusTestID><ValueType>Measured</ValueType><ValueDesc xsi:nil="true"/></NutrientResult>
<NutrientResult><Element>BpH</Element><Value>6.7</Value><ValueUnit>none</ValueUnit><ModusTestID>S-BPH-SIK1.02</ModusTestID><ValueType>Measured</ValueType><ValueDesc xsi:nil="true"/></NutrientResult>
<NutrientResult><Element>OM</Element><Value>5.3</Value><ValueUnit>%</ValueUnit><ModusTestID>S-SOM-LOI.15</ModusTestID><ValueType>Measured</ValueType><ValueDesc xsi:nil="true"/></NutrientResult>
<NutrientResult><Element>P</Element><Value>102</Value><ValueUnit>ppm</ValueUnit><ModusTestID>S-P-B1-1:10.01.03</ModusTestID><ValueType>Calculated</ValueType><ValueDesc xsi:nil="true"/></NutrientResult>
<NutrientResult><Element>K</Element><Value>260</Value><ValueUnit>ppm</ValueUnit><ModusTestID>S-K-NH4AC.05</ModusTestID><ValueType>Calculated</ValueType><ValueDesc xsi:nil="true"/></NutrientResult>
<NutrientResult><Element>Ca</Element><Value>2050</Value><ValueUnit>ppm</ValueUnit><ModusTestID>S-CA-NH4AC.05</ModusTestID><ValueType>Measured</ValueType><ValueDesc xsi:nil="true"/></NutrientResult>
<NutrientResult><Element>Mg</Element><Value>370</Value><ValueUnit>ppm</ValueUnit><ModusTestID>S-MG-NH4AC.05</ModusTestID><ValueType>Calculated</ValueType><ValueDesc xsi:nil="true"/></NutrientResult>
<NutrientResult><Element>CEC</Element><Value>17.6</Value><ValueUnit>meq/100g</ValueUnit><ModusTestID>S-CEC.19</ModusTestID><ValueType>Calculated</ValueType><ValueDesc xsi:nil="true"/></NutrientResult>
<NutrientResult><Element>BS-Ca</Element><Value>58.2</Value><ValueUnit>%</ValueUnit><ModusTestID>S-BS-CA.19</ModusTestID><ValueType>Calculated</ValueType><ValueDesc xsi:nil="true"/></NutrientResult>
<NutrientResult><Element>BS-Mg</Element><Value>17.5</Value><ValueUnit>%</ValueUnit><ModusTestID>S-BS-MG.19</ModusTestID><ValueType>Calculated</ValueType><ValueDesc xsi:nil="true"/></NutrientResult>
<NutrientResult><Element>BS-K</Element><Value>3.8</Value><ValueUnit>%</ValueUnit><ModusTestID>S-BS-K.19</ModusTestID><ValueType>Calculated</ValueType><ValueDesc xsi:nil="true"/></NutrientResult>
<NutrientResult><Element>BS-H</Element><Value>20.5</Value><ValueUnit>%</ValueUnit><ModusTestID>S-BS-H.19</ModusTestID><ValueType>Calculated</ValueType><ValueDesc xsi:nil="true"/></NutrientResult>
<NutrientResult><Element>SO4-S</Element><Value>9</Value><ValueUnit>ppm</ValueUnit><ModusTestID>S-S-NH4AC.05</ModusTestID><ValueType>Measured</ValueType><ValueDesc xsi:nil="true"/></NutrientResult>
<NutrientResult><Element>Zn</Element><Value>5.7</Value><ValueUnit>ppm</ValueUnit><ModusTestID>S-ZN-HCL.05</ModusTestID><ValueType>Measured</ValueType><ValueDesc xsi:nil="true"/></NutrientResult>
<NutrientResult><Element>Mn</Element><Value>30</Value><ValueUnit>ppm</ValueUnit><ModusTestID>S-MN-HCL.05</ModusTestID><ValueType>Measured</ValueType><ValueDesc xsi:nil="true"/></NutrientResult>
<NutrientResult><Element>B</Element><Value>0.7</Value><ValueUnit>ppm</ValueUnit><ModusTestID>S-B-M3.04</ModusTestID><ValueType>Measured</ValueType><ValueDesc xsi:nil="true"/></NutrientResult>
</NutrientResults>
</Depth>
</Depths>
</SoilSample>
<SoilSample>
<SampleMetaData>
<SampleNumber>20</SampleNumber>
<FMISSampleID>20</FMISSampleID>
<OverwriteResult>false</OverwriteResult>
<SampleContainerID>75157372-8ae8-4117-bf8d-8621f758ac38</SampleContainerID>
<ReportID>28072</ReportID>
</SampleMetaData>
<Depths>
<Depth DepthID="1">
<NutrientResults>
<NutrientResult><Element>pH</Element><Value>6.9</Value><ValueUnit>none</ValueUnit><ModusTestID>S-PH-1:1.02.07</ModusTestID><ValueType>Measured</ValueType><ValueDesc xsi:nil="true"/></NutrientResult>
<NutrientResult><Element>OM</Element><Value>1.9</Value><ValueUnit>%</ValueUnit><ModusTestID>S-SOM-LOI.15</ModusTestID><ValueType>Measured</ValueType><ValueDesc xsi:nil="true"/></NutrientResult>
<NutrientResult><Element>P</Element><Value>54</Value><ValueUnit>ppm</ValueUnit><ModusTestID>S-P-B1-1:10.01.03</ModusTestID><ValueType>Calculated</ValueType><ValueDesc xsi:nil="true"/></NutrientResult>
<NutrientResult><Element>K</Element><Value>135</Value><ValueUnit>ppm</ValueUnit><ModusTestID>S-K-NH4AC.05</ModusTestID><ValueType>Calculated</ValueType><ValueDesc xsi:nil="true"/></NutrientResult>
<NutrientResult><Element>Ca</Element><Value>850</Value><ValueUnit>ppm</ValueUnit><ModusTestID>S-CA-NH4AC.05</ModusTestID><ValueType>Measured</ValueType><ValueDesc xsi:nil="true"/></NutrientResult>
<NutrientResult><Element>Mg</Element><Value>195</Value><ValueUnit>ppm</ValueUnit><ModusTestID>S-MG-NH4AC.05</ModusTestID><ValueType>Calculated</ValueType><ValueDesc xsi:nil="true"/></NutrientResult>
<NutrientResult><Element>CEC</Element><Value>6.3</Value><ValueUnit>meq/100g</ValueUnit><ModusTestID>S-CEC.19</ModusTestID><ValueType>Calculated</ValueType><ValueDesc xsi:nil="true"/></NutrientResult>
<NutrientResult><Element>BS-Ca</Element><Value>67.3</Value><ValueUnit>%</ValueUnit><ModusTestID>S-BS-CA.19</ModusTestID><ValueType>Calculated</ValueType><ValueDesc xsi:nil="true"/></NutrientResult>
<NutrientResult><Element>BS-Mg</Element><Value>25.7</Value><ValueUnit>%</ValueUnit><ModusTestID>S-BS-MG.19</ModusTestID><ValueType>Calculated</ValueType><ValueDesc xsi:nil="true"/></NutrientResult>
<NutrientResult><Element>BS-K</Element><Value>5.5</Value><ValueUnit>%</ValueUnit><ModusTestID>S-BS-K.19</ModusTestID><ValueType>Calculated</ValueType><ValueDesc xsi:nil="true"/></NutrientResult>
<NutrientResult><Element>BS-H</Element><Value>1.5</Value><ValueUnit>%</ValueUnit><ModusTestID>S-BS-H.19</ModusTestID><ValueType>Calculated</ValueType><ValueDesc xsi:nil="true"/></NutrientResult>
</NutrientResults>
</Depth>
</Depths>
</SoilSample>
</Soil>
</EventSamples>
</Event>
</ModusResult>
