id code,grower name,account name,Field ID,Grid,Lab Number,Field Desc,Date Tested,Crop,YLDGOAL,1:1 pH,SMP/A&E,Bray P,OTHER P,K,NO31,NO32,OM,ENR,CA,MG,CEC,HYD,PERK,PERCA,PERMG,PERH,PERNA,Olsen P,SOLSALT,S,NA,ZN,FE,MN,CU,B,NH4-N,N REC,P2O5 REC,K2O5 REC,LIME 6:5,LIME,gypsum,Manure,S REC,ELEMS REC,MG REC,ZN REC,FE REC,MN REC,CU REC,B REC,Cl REC,CaCl2 pH,Cl,EFF,Yield Goal Units,Moisture,KCL ext Al,depth range,OTHER ID#
657,B500,AGRIMANAGEMENT,Circle01,,S22-14946,Circle01,8/16/2022,POTATO LATE,30,,,,,,21.6,,,,,,,,,,,,,,,,,,,,,,2.8,,0,0,,,,,0,,,0,,5,,0,,,,,TON,,,  0 - 12,
657,B500,AGRIMANAGEMENT,Circle02,,S22-14947,Circle02,8/16/2022,POTATO LATE,30,,,,,,14.7,,,,,,,,,,,,,,,,,,,,,,1.8,,0,0,,,,,0,,,0,,5,,0,,,,,TON,,,  0 - 12,
657,B500,AGRIMANAGEMENT,Circle03,,S22-14948,Circle03,8/16/2022,POTATO LATE,30,,,,,,14.9,,,,,,,,,,,,,,,,,,,,,,2.5,,0,0,,,,,0,,,0,,5,,0,,,,,TON,,,  0 - 12,
657,B500,AGRIMANAGEMENT,Circle04,,S22-14949,Circle04,8/16/2022,POTATO LATE,30,,,,,,48.5,,,,,,,,,,,,,,,,,,,,,,1.3,,0,0,,,,,0,,,0,,5,,0,,,,,TON,,,  0 - 12,
657,B500,AGRIMANAGEMENT,Circle05,,S22-14950,Circle05,8/16/2022,POTATO LATE,30,,,,,,10,,,,,,,,,,,,,,,,,,,,,,1.9,,0,0,,,,,0,,,0,,5,,0,,,,,TON,,,  0 - 12,
657,B500,AGRIMANAGEMENT,Circle06,,S22-14951,Circle06,8/16/2022,POTATO LATE,30,,,,,,18.8,,,,,,,,,,,,,,,,,,,,,,1.4,,0,0,,,,,0,,,0,,5,,0,,,,,TON,,,  0 - 12,
